case_id,run_seed,action_name,phase1_fes,terminal_fes,final_error,checkpoint_hash,action_result_hash,receipt_hash
A1,117,aor,180000,3000000,78226.67936445617,637dd63cfa2f19a1b69c568efcbf351d3089a7a7412d999ee0d9cdd964022270,88d25deecac5c654b3ac190b7c26a9b79a8c6b89caefee3d0afd1d13e91ccf39,5f5ba977e6355b9787e8cf5c0fe8d66c169a53828619454d8f0a3255c7d68a88
A2,117,aor,180000,3000000,78024.98940948596,cc7bb7ec28e1937d070e905eb332b676485a4038e2590c54203359a7129a8cd2,d2fb611af390749f6e433a33f13c69fb2561fb59bda4170f9139cb1adc79c212,e199b6a5c470904d7923ac4c0181e1553006195bfcad5b9388eebf83e9f255a3
A3,117,aor,180000,3000000,78328.11797281636,3370a68978196f3fe39d726bcbba9de2c782611413ae08d2fc7c84da4b9f6d27,b793ecd3e17e17e75babec3b7391ac000303d26083f1f895e02de4f8a66dc8e6,62ca10bed4c0857470d18ce13e78db62136cff6038c4c6cd7e16955eed8e31e1
A4,117,aor,180000,3000000,78170.02594490789,d4bfa66343d844c063610822bdc8e71420a1d1364f512550a08a105ee81ec397,c9fab83de8825f47a2c42046c65cffd99e215c1bca7b7dd5ab8a20f081738662,438871041aa2e676198449802fa142f6ee3fa3833f78c1ab39d1987dcb24dde6
A5,117,aor,180000,3000000,78386.78110061024,46db7c266d1a469cca8862c5d4a20a1f3eec503ddf4f5a7500294a148f7e91b7,c7d32886305540abb2455e4f99c01491a710e54ce149a08e7d65d214d7fcf7cc,3df074e6c24da247193fcfaea3f585067ffeb6b84842c852bd35476da85fdaa8
A6,117,aor,180000,3000000,78030.59537125939,a0d15a7f3d5930ecac7bac3792f545e89319ab430a82b1e387f872a72b6f254b,4cf46a843a9823d35961175a1626d810d8ffc66f56e4ce08cf1976f7cc04c692,573c13fbbd5d344d72ef1b5dc99206439803b04d4fc7b37ce675845c87583498
E1,117,smp,180000,3000000,72195.19251439234,7007e3ecdecc81efb6edad1eca521bd06e8cd9bf18fd7fec61db20b4801ac486,1b0345d6ede50a23673a368291a2f2bb38b3079a5b994ea5b1eb553bd4711b45,f9ac42ec879259fff02643d70b92df865c7e33439ce894002439f83a6781060e
E2,117,smp,180000,3000000,4985990.074182124,bd8727aebf1c721d5a88a5415627fc54e2a494d0846846e8d67b303a51fa76fe,17bc33422a2b1b2660675fd1cd6f7c8c63d3979fc2e4edbe4cfb06f07d884332,d2632062ec5880faf1e6a815037659670e74cd097f8c66827b3d90e67661bfd4
E3,117,smp,180000,3000000,5244835.507959322,f00e18942a80c61c2dbf679d23aae2311c7e2e1e207b10bea40bd8affdda9af2,23dd92a45520e3176046bd667b294c8ffc217c04f53ca6ed732095d5e09fbd78,e37096c39fa37788225d217c8f3b89c4971eb424a56bb3f63cd7ffe263426c52
E4,117,smp,180000,3000000,7670807.703334607,f908b91edd4b20a40eef153797c0b046af8f7de71e218744096e9d0fb86e2f3e,a46977ae2d55c5a45184ff8f38f516b1a415e2ab8ae7fc41cfb6c3a86e069a6a,7db1c9c3523d998e64b0e98026411eac6d7101acdee119acdad4e79326d33963
E5,117,smp,180000,3000000,9826326.021761362,14f18bf9b7e5963263d64f0b36010d78f4e1be513c123f1178955ce748c24993,2af4b7a564dec758a3fabc7a84bfdd86bd605d67748a0e06a5963780f0a0e1fe,2abe48047e5c30bd235547a5abec3d9263ece93d8f9e5ddee74ebb6479848a4c
E6,117,smp,180000,3000000,15325806.105876487,369d451c0bbfd44c2d83349334f83193e8e562437f1877bb859646e75d45b075,8974ab484f1a054af69496923e5fd0a9250f13c06019b0b440ff788c897201dc,8f81261245d5108fe078b2e8cb6ffb4271f1bad6260c3218cbf72c03b5c05aa6
R1,117,gcb,180000,3000000,172257.91675072524,9bbda93d2e42cb9ab5d3900a928a72359200d7981a9c0ffb570a31c298ab6d7e,f61ad7e9638e312818c9cb71417c8367cfed9b85911b213362dc0fd1e73c5d37,a3012e3aae54049e5c3f4ec34bd87dda60b78b1f5ed415b67d87e3c2df826993
R2,117,gcb,180000,3000000,210493.839903218,02d8a2d691b7ec74a5fc00eb0050e7ccc6581e193d2409a051783a288ac11a6c,878717d434b00cbce4a029cd9e8169a5716a59ac9b2ebc3d44ca31c52a1af41a,3aabda50de78e356646e86693a2da061a44c57f5b9b7359f5af9311fb5739831
R3,117,gcb,180000,3000000,255048.5388032888,be90409b3fbdc007a487aba9ee9ac8676c76844f6a5b913bab32e02a23cd7ec2,5b80a2914da407b4ccf899912b8abddb141fdf0c1e2c2989a338db80cfbb4017,a0992dfe5e9a420af53e0bbdf5c88dec17d4fac504e3c249d42eaa8fe25e0e18
R4,117,gcb,180000,3000000,273241.3064777297,0032e6571ab03a13f15bd66ab84b06d69073e03f5c4d11ee225d2e8392c96821,efd921414ff5cbcfa0ce641015d6dbe69425d58a4c270867da781500cfadfa6f,6d54f9f9d7fc8ab59b2eb14f3e632dce4c2287a62aed577195ab554cf77c02cd
R5,117,gcb,180000,3000000,375603.32909737696,9930fd657c58fe3f2a879cf364f1b115a37cee68f9704fbd154b4cd2e5300aea,b486d63df6de179441df48ddf0954e0487e72c2d4ababd4c77251c4bb46b99ba,dc7c0f27a024fbc27af9796e939e2347db0c7d62efe46f36ecab7b9f89efe9db
R6,117,gcb,180000,3000000,351019.91517908056,66f1e1bb1bd641615b80002621646dc654af4caa857c264e1e2cca6800060a9e,4b0e0fb12f70e76052c6ff26a0a05bdadc7d9ffac8f7438709709c3c30e90134,e18d22e89343fc56adaa59e4fec97dc89f9f9b57f50addd443aaa84c9eca0cfd
S1,117,ctp,180000,3000000,5.168148355100764e-07,7e7e9fe47728a789c6829c8f3c1940865c6f846c787bdcf094692be1905a8270,7febadc47cac60713dfc652b6bb4179ef384d60adc1a4469c5bc3d599e9e5e6d,16f84757d47adc0228e74aabc64598bf6e01a24fb07c9b453a1bc3df350245e0
S2,117,ctp,180000,3000000,203.66281875439554,3fd6bb3d48a015e2502d6cbaf7da0be1f33a573f7036911e2a03745b1d4e373f,566d5d19a1d26a544b3f35a58313ee18dc5a9cf7d496364d5aaf4d5f8b317f5d,f8828ac223de6ff1cb8a352fea6c0f3891e45856cc50eb0d0bab803906541c63
S3,117,ctp,180000,3000000,68.63672369597613,704d2709df1ecd2ea836ab48b4233e066eaae16ed2717065455736818aba08cc,3a75c6d717451f3b6d877898c70f20f80327ecb2e60b0146a9abd2ea2b7fed0d,8c60210050130db4f44c19a599d9c76de089b2000900192387c6d1b1702a7ffc
S4,117,ctp,180000,3000000,7337.065902046248,59cf961783b4eb38c7edb26b8814d318b6948cd1fa8407a7e7ec00b11d885cd0,57311551b010051f8d5ff7884eb25e1acefc4a31683183929325b06a374f7b8e,c0d31a9252e6656d4e304ab08cd361b16e7b397bc2f6529df9116a6451222d1b
S5,117,ctp,180000,3000000,4079.4455651832886,da98958a8d23a79e333a8702950c124efb9230ffec4d2a900369ca79cdbc9c6d,1ab5edeca7d8ead1321f6fdbe633345ebf29f82665c1bf6fddd0a77ee66b5a51,102d45181952f9951cc525018652df9fc16424a29a7d64fda3140be99236a8d9
S6,117,ctp,180000,3000000,8447.533916367323,4c1c0a1377a2d1dc17cd5b313fba8a32dff0083464f6a8053326b5252bda419f,8b26bae76a458d3bfeb6b8fdd2a9d8c29a95e12267c2c7ae3a228ed7a2eecb84,19f6e8e52a1bd34f948d390114389eefbcf6b4ee0cb958f21473163c45d7d5d7
A1,118,aor,180000,3000000,78202.80645470285,474ed2e407f0c727f26c7a0f9d9d4289194ed5ccaca4524097b03e8eba367155,eddf717c9bef3e019ae8fd659179b26a64656bb2d04d0b9aaa0b9ac751c45c14,b50f4e16608137df90c0d33c8e2b30fe13587d2e2b94f1f366c6346f1870cee4
A2,118,aor,180000,3000000,77942.35735021943,3824786f98dd0d74409dca505f88503f34d0dbfbae53e07c42e14ed6205ce58c,6a21023ed438fe1ffe8a66f63bf6b0deccb6a14e591356d5877ea67ea9ee935a,941c6f39e311ccfd34c709b2d7d6d2f274685b7667524620deb268d713569050
A3,118,aor,180000,3000000,78109.2221320033,7d1591029a90f426a6ab7ff00fe920059f3af4d3081606a0cdc7d0c000629026,f7603d5c86abc44f3214067ab60f4601936dfd40f26f6bc85eac1639cf423bca,614b80b8faa1054ff1a6ff722f6eb43704dd20c85ef94202910d6c9a941abe98
A4,118,aor,180000,3000000,78171.65471617771,01e1d75b0b63d8f94dfadbee6f356c223f45134c75a9f5803453e050d3d238cc,6a24929c65b95c4817112a6e3beddd060a71e346e387749ec9871bf948c7e0b5,36477f776150eb087dd0eaeb80ad8b40b190d8b9aeddc1cd677532b1a53b7924
A5,118,aor,180000,3000000,78503.67606406008,50bf117251a1a457b5fda6335e9b2b6e680c4a9866e5f339dbe92b02dcdb478d,66ba2e5cbc37c24934376e9a5e6fad9cde6e9009c274e6f0704dfa90d99c90a7,89ebab4eacb889262a0a10421a3316c013d446953b3f309874b9060a222a2773
A6,118,aor,180000,3000000,78001.71569467684,f782f30a6d00910bb46d7b737a31625645bbddeaf933766b46a608c8a253d151,5e695e61d2e3f9c1b8fcebb2cfc772a78937fff6da86ae796308f2a87d24845b,aa65299b6cb05287cbaa314ec0d2376ec65a92c186d1a94f7336d06a019dbe74
E1,118,smp,180000,3000000,993890.496637762,e139c8026ba6527e8322da5f4eff94e5e1eac9e29b9c74b3a8ca46bcc2eee8dc,804b5f460d1d4d2da89ff3f4920e063afc6189c7e90e23cc6702a4fc90f9a85c,c036fa6f9d8d45b6885d3cfb73ac3ed40d69642720fdceddd4b65bbcd0872d7c
E2,118,smp,180000,3000000,3676265.2413187185,ea209fd3229f42c1641f9c7467d220ef66f8bc6ba192d8ac9638d887ea326dca,3e893f38e6e1bf5b780df159c5dc923a6cfdb634405a2061abd0420bb080525d,ed42020156921ced04bb3c490439fb7fc8c076bac9ed135408f79d3a5b526bd0
E3,118,smp,180000,3000000,8015555.9056819435,193edb3bbfa7fd4f2a6e7c2ac17fbe78d8e0d3aeb45dad0a493eb0127d33e636,534a7e116f81c726312406e2fb03825fd1a50f47807d16df617bbf3c65e36d89,c5b12dcf7a47272b3e9250a4585d00c58778b3adf7cfc64dcbeaa4ec7bbcc945
E4,118,smp,180000,3000000,10209200.107232612,20a4d4877ae919798e8beef25d54b3fe565d6147809d406f8bf9987bee31211a,04007993e2865010640b29e0ad45ba67022f6e16823ee7e194d4c3c827b49590,5b885e1a3477721a47217b8e1be0212df409440e8617f1873075ffb35aa78852
E5,118,smp,180000,3000000,9432880.363939678,ac3c029a1d80c64cc54b95f5e3a270106494f7196b1ca76f78f4e2171019dc0f,883b0ea514b8f451c3eee6b50b3de3423ea9466d388c4e365119435529582329,a421a97cf803039147f7d3d05d5addac480d194ef593b6e2730bf66bdce61753
E6,118,smp,180000,3000000,20076262.78446279,f89810bdb1c886b01e5e1161bb83e96356e62a0f75e2b54ed9e5ee9d7bc001b2,0cbd50aee7c139b04867eaaeb9b3d302ed08e6e2ad48b397d7fc76745a7b3e01,f8fe6a231aac6802ef85955eb920cfe8845e72ba1a5dfccd281ad61e392d8130
R1,118,gcb,180000,3000000,190772.68932561946,64368e0d70991f797945363be596d31164c18c616ad072269911d4f3f44faf5e,92668a87330116e8b49a4600d0b7199ebf2b47f16f0fd2f5f5c2d38f4932750c,6af2c5dc0b9146e86b9d7dc3f92c4c5eddfc53f27f404f39d54fe9c10300a989
R2,118,gcb,180000,3000000,210804.76952517155,5e1e1777b1a2716c2c26c139126fdfac4b81517312e83353d549b9e994e146bc,6177cba7d854f33176c8d30690ee8ea0e669651d844af1ff495c22497b355ae4,f4632762272c0d4318449e61bea5e97ac4b56b2ab2ff65f9b538e0a33cad2bcb
R3,118,gcb,180000,3000000,272585.02703814505,9256e31b5b68f26a86e0e854a34d53893fb6199d42f780f0c73de82fddf58e9f,7a1caf560061042c31b7e61ead6323ab429a626b4a093b673f6dc793162b86e5,657d638254146b731d7f00317999abce8ca342eff4690ad13faf450cd2491c54
R4,118,gcb,180000,3000000,272288.4454325888,ec21ece1f8dd5c8a74eef61cbdabb9e1c0a29f0a304086b53a7bdd277e907d43,d4fdc0f993bfb904447549359a9194fb1d090a7f6dbab33c6d587340dbf095b5,e075091766717e1a1e299bcedc6929606de7bd1668a038ff9b028decd573b1a0
R5,118,gcb,180000,3000000,380026.3752796175,7a2e136c48c1319a4a1395b8c0e38f9a86e9c92ce4e60acbb55981cfe9a67ca5,10e40d54848126f92824d79fdc31e3314e188b666d644ba678b20b6fb614bfb4,216a97bf811103cf89cc45b679c8f32454493ca52a3cef7a374310ce0c6f6d86
R6,118,gcb,180000,3000000,452336.1719892639,ee6d5594c9255d1888ac32e840a09bb61a27e472edfb95b1efddda435600efa1,f35ff0dfe0d872bf968da2a0acf5fd09dda63780dc979afc97a3949919e88276,e8cf81ac356a03924429847ee2c78d6b04a6c14a262cd2de0503d15ba308b55a
S1,118,ctp,180000,3000000,2.8208699534083564e-07,c868591de8652b4a1e616331694e317f676a01a9088e40e7dedcca629d78f4ed,2f0fc23726f2f383ceef433b17ed6cdc1ae90896f56fee7a891532257f0656a8,986b4f8a354d8339408a529178797119d5ffa81439f88818281ff9767df9cda5
S2,118,ctp,180000,3000000,291.24953073897683,adaea72a809820b60e9c5cf9d6b7033f53cd2c2b73302633b700b8817184ddb7,de2f6b8b8b8e9b67a2d4600606c8ae92dbb88b24eeebc4a27ee2b2a9984e9bdd,d6dfc982db8ceadada61ade162fc0ac0509b59897c61af2cdd6c17d0f1d758ce
S3,118,ctp,180000,3000000,7599.525695024604,867f6ba0346a2153d4f86343f228bd1180d66b026bdb4e687c696e63b90b1c7e,631bacf206bebc94e24184de0b2412580b728fc527f42edb161d3dea5b771ef6,3681f347b9cc79771682e33a32304113c5f248129f9b930a2e0f5e87e5cd7d6e
S4,118,ctp,180000,3000000,10036.634252738315,ac626d65c7bd9255a0d262e10782c8f276f30d49c6063c7cead803c86f12ab52,c46d9e4821e08a39b0e3d5a10f9c7d2bbdf05846dda331d9845fb665a04e3e85,6f02bea59a19fa4c7c4939d44afc91d9c47d6b35969dd0519b5ca2173e22d1ba
S5,118,ctp,180000,3000000,27393.810258026868,ca15135d41742e7c0be871b273d0d7bdf3ced85a38525ac9b6f583d4c5aff2f3,03f10c73002a13e89f80240a47d9ffd483adbadd81641e1a87a58524919d3a88,9aa4bfc0dbf0c77533d38cf3bfe8cbd02df2345c584e669c8e7b44430cf108b7
S6,118,ctp,180000,3000000,31076.832522641173,51a3100f41b499f5cb442e61dae2286cc60f232516a6dbfb722245859d6072ff,1f3b61c9be024631e70d2813de1d3066a076fea488e8c1b5bbd14ee284dc6b6e,b7dc2779d9d5a37453f4e5edc84ac49dd40803deab91ef80922ae01d61c5cd4d
A1,119,aor,180000,3000000,77911.16724424933,3e4ac003a74913dddb252f9f296969c4c791842f7de94e8679e996fe6b79c636,541d475fb9d1d383dd0f7241a42593df74fc06e839d4426491435f400695d37c,5dddeb788df45574f782bad1c79b49954db231127ef713aa30e9c016bfac6b02
A2,119,aor,180000,3000000,77977.9972501707,1890eee2d7996a96c52b8d20686456f24cd90c299ead2bee05a8552b437b430f,27e60c9caeeda50d5a80cec995d4be3dd37762ab6d65c2c39adc5c8e133e4b21,fb3e6677c59d302f07935a578675e1de2027521d252d925989876bae013b22a2
A3,119,aor,180000,3000000,78064.96016311487,5552fe00d4973ce5052c1acfa019f5bdcda06a3fe637f8dc6c814a62fff83c2b,847ff3d6a3c47bea6556e423d9fcd461098dd35a99d65fbbbe9f1cd8dd9ca83e,952a80023bc44e16395ed4eeda189039fce7938632f07c873d8c763b7ef137f1
A4,119,aor,180000,3000000,78217.38869348331,35f9b05d083fc09693d84400f5149a6d2053f0b935edb1e4cd33436e9171c24e,b356e77abfbd16d0cab7aa61381ab9e0e39c4c106c3f61b7608843bf2fee3924,5a699e2c035c68882809c676d3ad0b6e5a87bea02ad4714faff511819e5c7836
A5,119,aor,180000,3000000,78499.47730036068,7102cf227641313aef5246f84218ea086c098d84aec55b4dbf1018328be0f7dd,08caa7b98ff3a8627c421f31ce12f099fce76671b0d5c59247922c9c3f5c9187,bb29d33362878b1b82a7f992b7e5073367942de2801cb686ff53737aabfe3208
A6,119,aor,180000,3000000,78080.9438461207,58d544404bd0f3238153f7040b38e93d26332a710cbe115a0ac72b877d4e85c1,3e687283797c938a2ce1c16acd7fd421d3047e5f9047cfa2286821afd77e64e3,e3b171e05e47d64ebb0283403dd67ba91c4d52255d90b2ce61931f230acd568e
E1,119,smp,180000,3000000,340044.6402329883,81aa34b372ce6c20b8a824103a1a605865098dcb9c48bd21440bd487097c2e2f,32c0e0d43e8fa9b3a597d3a8be79408cbb27a5ea619d76f3205ec39f1387ed7b,5fc67ecedc97bde7c1f6f3d2a795716ba79ac1071c08b4b73b60cd4260d033fc
E2,119,smp,180000,3000000,1984690.7902589198,1ff82a02f66432fbe5761e0e1a111ab64153ea281d60a6caa54efe9716d8236c,97b5e30112998ebbe3e1f06df37a80adda49ac99798ab32e58e969663753b24a,39f4eb416cdb6ed3b2fcf529f3cd2a67c4e5cbd59152b4952e2424e6cf761e59
E3,119,smp,180000,3000000,6685861.306487752,308fd2c3fe09097ad70aecac095e0c199dbe3a8fe3cd42ce2d702c32b22030a3,7355491a848babf61bdedff0bc437897cfad10bf4142e7dc20555f5c4234e818,8a1bed381069b916853e20dbaf807e055a1d8d8bac88347ebcfcd21f13b1704a
E4,119,smp,180000,3000000,7284564.244920957,c398f8a7ec5766f691409993b8b4b00b853640e09e9a77b1da99a56318596661,e465a4b5ca715cae86c086e6da13b45eaa7d0473a4ae67dd82648fdb5f65fe31,c74f16a7901914814a761dc22ba12e581970c24723d65f2ef2456cc091f0e231
E5,119,smp,180000,3000000,9233032.092939828,e87e9d8014bf259f2f7293b9886b05a304835a0edd7d311adc6a2669fa3019ba,5a43c33fa728e8a6c16fb8779787dda4b907ba34cb4851c0f90fa9fbafbc60be,7ad362194363451763c3e2115b493011d906570e4c4177c59ad324e43b3b18ff
E6,119,smp,180000,3000000,11761228.861474369,fb4f18f0b6ebe836453fccc5b8fa96c9e2a2c387dcf23300ed71445df26d66bb,ab7790b369dd26801cd624b6553fe7e266321039b9095e5903a3d69ee8257615,fb7be0d75d26d2ba1b0b45db35b893d6f83d76f8454d2fea5c835885dfde3f03
R1,119,gcb,180000,3000000,168634.40198399246,657ccdd14266fbff81f63a612648ad499ff0de1a80fca6211ad40fc725c103a6,c97899a77c759cb9a586944f72e589b586c03be6c742b2f74ec6b3125b6fd46b,dd63ec6cb9c293dd0352a70f0c6ab0d7744a2974f32a8aa8c8c430785b12ee91
R2,119,gcb,180000,3000000,208070.81611579782,b874cdf052771dad8982aa564284f263b012d87f7e32aa9b85256a4a980f0571,a9fcf170a535547bd628a996bb30967ec2aff1f3ab1c36991d0286d8c1e332fa,48db04da36a14f03d5a6c5fa9e3270d21e12b7171c5f06d7542505c1a200c9d1
R3,119,gcb,180000,3000000,211031.53820040662,0d277db2582327e3f301a17ae29a5cc77f3c761d7210e6f9e01ffebc4f1798f6,b267c753a13f90ac13f8ce592f1b949c3443206a9cb277f3121392d3d35956d1,f8f9503d10f7e2f6db0c652cd5b46f534ed8a1a1cd0bdbd9384bc33d4bdd5602
R4,119,gcb,180000,3000000,287359.6269155252,f5c6c5eebeac09b845f68bc34eec7ff77fbfae5aabd57ba1913fb0726f018ab1,0d37a81102c901fe91d1d1994bd4856170fd5aa3fdc22dcb3459331b34fc1ed3,e41914ae079b70d909a29f09ab2bd61cf161b802da2d820704972c10811a245a
R5,119,gcb,180000,3000000,340105.26584850193,50f126408f0a3333f072790bbec34a0ceca56c2a9fcc84c3d73a8f1c8c5bc945,1ee8faa157eed1e0542ca556d6de3b734359cb59b64b12dd8ef6214f4ab3631d,6c3d6dbdae83b0524c7fe2e2a2cf4760258166917031811bc6950a6e58b45d5e
R6,119,gcb,180000,3000000,284294.37061763176,69c2375da6d83adeab3a4d2349af7b85aff374ee25bc358e3440629d90481fb5,e77112a68a3ab2be26fd93837e960ff5ef018518c489d2c5f243a28e39719af2,e3d5792bd08f6791925f641f9d1bc2ee0ed7cf74320f495864bb933003200141
S1,119,ctp,180000,3000000,2.580041457308578e-07,ec2e328035a09b05f687da23be0a7cd19ef6594c046eb739179c7ff42786b6ff,c1f7b01cec7c1fdfa80ff8d4999508d4e86dbedb9dfc0c440e69e58b41ccd6dd,3332fcbc011fbfeb0dfc8bbaf74b8fe4feaa8b4370f9395fa00fe597d5e2623f
S2,119,ctp,180000,3000000,184.74694889378134,307a410f1b248bcaf81d0b5ff0c254e05d05ad876ecff9763a82c061215b76c1,7fcd6364b35777af48a287ab1b66d21dfbf657d90970764ee347d4525d446db6,5af2890b7ee43b9ea77b5ef4408259383d53c27f9d2e2be5ab387cb4be66a173
S3,119,ctp,180000,3000000,4318.507690073645,fa178f60cf3a124bf3d7d3d75d545251402bc9fe10e921cfb208715570c93708,6a5ab9cccb6779a65d48b6538e0912b7df53c0bbed6859248203ca8e4e74864d,3b58b3c0004971fbd3ec8feec21029232795e8a0d261d2355ce6ced9b53d32dc
S4,119,ctp,180000,3000000,5813.179211030734,144d1cd04b6fc59e256d8f9e755d26f6dfebdd6dd5bd8ece3d0ff69a1403594b,c82494c7301dd903006498c2ccb6cee9143748f4c85f2cd9fe03f33e8eadc100,59b7673598f315b15eee683a09181e55ac027c24d574f618c34083d4cee3c05f
S5,119,ctp,180000,3000000,11729.018569471438,c38629af03d5ee7ef26d3b7c21ecd382094cc02bef587d3ade38c83b40779a93,894093326a046018b3470c93d896994c3f934c6726688bdc41258fd69517eaf3,18b60321d7d270048af556fd23b6552061aa8f550aae58d6c4111a122b48cedc
S6,119,ctp,180000,3000000,10978.345146543963,408a68954eb81f02e3eb672fc671d3ec814f46f10b61e46796aa630abc2c1154,06fcd0b1118452e6408445683675c7d0472b811bf4464a4be03bf139208f0086,35f6943762cd5c331f96268a1e930cfd8f7af8f15fc4dd360e3c9ca7fb3fb44e
A1,120,aor,180000,3000000,77884.09416659456,6eb77ded66ba391a14dca45cb32152428580bbc03b60a5e1126762fc1f22f687,91c2d0e9cf0a70e1d4a28a2bef33ac202482e11c13c503a565a38092c0791651,987805220d419a0e56c2457a5a5ed6f20f6cf7fb8d9aedaa02e1555e19c54e21
A2,120,aor,180000,3000000,78220.89458445614,0b2cf3737dfea026ed42859c6d03c066407637ed70c1fca33513d51acf033331,560d0cac9074b5b51e15b1b8d4142761daadc19784ce93c88c4c84e4ecf98c28,0f8381e5b321c4c903bb5e226174b5b58469ac14e422757b9f843d963949fe82
A3,120,aor,180000,3000000,77906.45158466413,596d3901ca112afd6133cf45840b1b7e27186b4576fe2e40e138bb2eaed88042,c76cfed7e5ff864ea2f5c5884a841b2e5865ba61cfdfebd9889f1894f554bcd8,e4be4967ea3ec944d38a04ea39dbab1dee08bcb3577c2357d906526f62f75f9a
A4,120,aor,180000,3000000,78132.47645954503,7d453eb1ab76d29adde8367735793f3231a89df2208d119c98cc3b85ea320ebd,29cf98bd36a3742373a384e48087d87f1b442910a8e6ac4e652413507d67b6e9,59dcd068d3890e3bc3bf0f7ac08d5e8a3810723c31349611245a340cae3b9a09
A5,120,aor,180000,3000000,78344.37511541795,5c5fb9c908ffdef567c7626fe1da4bd821de2e8d4db6d081d2c64f7a5ef201e1,58ec6a718680d72e9ef5be3f8200362aa7adfc83a578b2152c11cc53dda0d58a,3ce3ab4c8bc870b64a9b5b65e6dca264e0a11fd67f8a79b8cc1dd48c7f0bdae2
A6,120,aor,180000,3000000,78113.89291295373,428eea5f9b8b64e1a53e005203177d85e92c5e6e87cb02c997e55dd04e88c5f6,ac642d6aff034312b1076f215743c3688485c6bab91b28f7b54c8db38f484b7b,6622bf8943fb94f0c9a2d3b5e7f30912cc563a57de0b3a80e076b136f743aed6
E1,120,smp,180000,3000000,205001.52312939244,b7c6392990a58619fea96f7478fce9ce4e4b5ef17f731bc238bb143cc2247ed4,233133f97d63884aec7b2943af70701bb86432ab8ed0996b854969c11e929291,3fefb41abffcc93d3957eb85b7dbaafd3c3ee47f7e18b04fb1a9d54c3ee1cec1
E2,120,smp,180000,3000000,3924130.1203881567,1d209fb7d14d00b85e05164e9f70b71034c40d44263604e3806b3d35fcddaf37,8936f8d91c8fc1e29587a57d457ea6888841c0ad696c44c8c0ec609763b944d4,03cdc808edd60493aa295af78e93d92b77fe8bc8dcc36182a5a359ea33146da6
E3,120,smp,180000,3000000,4987118.193336905,cff7d3144b8f6d50ad9632f8cf6e04fbaf5757ce08adc263ee384524ab46d9cc,e6c8dae722761188bdf6e67c27d76fc5c10ab0e489d8db28ccaef3d6a205fa50,02444b4411f1587ec1a1fdc54fa745d00f908eedad41817755baa93d627f2f90
E4,120,smp,180000,3000000,11657791.873963267,4a95c8f1a36691aaa3a0d355f193b113be5ec76e0c44422a095526ae58d52861,152f65495e0aa0aa6fe94a79e3a8a4c41d6f9feac1e9059559b363b19397a7d5,6bd4ab549cbf3e3431faa7b10fdb51c26f816d901b79ec49ae450ba96d4e9fed
E5,120,smp,180000,3000000,11298182.783982065,460112bc07de414b4d53ba900148a5b4a12309d05aafd6fd99ebf7c4b57e6d9e,6afa27df1a57a785576f02e26b48e81c24a3214cc0badae6f14650732711e2ee,36c964a20cf52be363c4f4d6a0593711d03439b348de80b503d99b1824247916
E6,120,smp,180000,3000000,15790741.31394433,2e3542d74463c31bfb65bb55480f9c59fe5ab76cd489a373ce8bb9f5a1b1a4da,c1ba06ecf6e4a85d43924f5ce397a9b4a7d54563bde130ae0bb88385c3809856,3ee056d5dfdbd077d1cf4df5c756b15fb421ccc1bf80ac7bdd3637ad2f20a7a0
R1,120,gcb,180000,3000000,190322.38315284776,7b88df76b4f4efffa86e9024b61e5e8d02217ee5f48a72b01bf44b1f2d8faffc,5225dadc2836395c63524465ae421fe7ef38adb0e71ce25c72f87b99b81c882f,471607b238efde7001fd9af3fee6a79fa0a8c0117a380a36c0878182e9d0e228
R2,120,gcb,180000,3000000,165909.26286811227,c28347c956f9b607dc9046040d41942d6e0b861242d8eecda3b55757d584f6e5,e2bac3f6a52be846339fe3996e02659e3fd6cfb4b506c42566bd8c118bb5a519,dcf47846313cfb3a88b3fc2c51ebd626bff24b1addcb22455b26f26d775289f8
R3,120,gcb,180000,3000000,298316.55336224445,0821290cda001e163839da0bea270b7db3504273ef20a6d567c47be9871149d6,74f017cd32aff88ee442fb1ef2f95a9160dc3835fa5f695bba8cda0c50e1e39e,1f3fcce0e05e79516db4264e78ad794dd1b704f90577a9b55e1a2f527b7c619b
R4,120,gcb,180000,3000000,448139.51435787097,22fbca661a225f1f12f9a77bb0d78fdb6f023b0909e72c665c0235cb70d80f28,c3ce8f910fd30f11bddb58562b8b4122ff9f2875ebc67a824cd72803f0fbd4d3,b66dbb5f4a70cdaad4478d9799f697587c4c35c7fe7271e72355df3c022295a5
R5,120,gcb,180000,3000000,330545.54059306404,b9a05063a5df60716b749a3d08009e7ba174f0292926397019902301885f27c3,9cbffc239a9a4f25687a4d4703f89d8d1ff5a88c38f948cd650346648dde4d64,16c78cc095427f020d1a9e7f447497eb94ce912d05aad0502c80bf330bf73abf
R6,120,gcb,180000,3000000,560076.9859528809,6296f077ccc7c443dd716f14f6b49092dc394e22b70dbfacc1769137a33a6f92,b48482429af21d1e7c18a02acba2499b41b19ffdd77fe6eb13de19fea49716f4,997fb5254292491b3e2198a1159614748629c7184356783629374e108be5319d
S1,120,ctp,180000,3000000,13487.260208656202,15fe499624c3e8dee530285f1952077c19cd258ff01c0ba037f2e5671c23469f,b0c699479bf2524b36ac14e1f00a87cf1b91772adb0045c0b01dc07dfa49f08a,1ba25bec61214fe594707d65eee99d0fe71fc42ef0f13521ae28010393f688f7
S2,120,ctp,180000,3000000,1164.5802659327003,aab6faa60ace62be0049db8e82886bdfabc6ae0daa65201be8f5249a573cef63,24baa76de66b64b76b0611739612eafbc16d1612acf1ae8f7c55db890faf858e,974a6e36e3c9fcfaf1ac1f7fb5cf6ee14422a5e67e55907286799afdfc9f5cfe
S3,120,ctp,180000,3000000,14385.788283171141,3fc3085bf35c1084066b7366c4a26819bc1fec2a8c4c1668e6a42cda1737b4c8,994c28442407ccf22066f5168d418e54f6be72ef7e4c1878eccd1098d2f1b58c,9fd7fcc9956090dc6b1e22972cce4152142c3b72762f21b9248145211c3e0ed3
S4,120,ctp,180000,3000000,8819.404842431702,57005bfee4fc4f64851ba58842039963dd73b99d390a932d29204ab5471dac93,5a3da77c10ac1d5da3694c6f8325a1170504bf0d2a3ff8128baa5066b6a49bc9,79650171912f36e800e21f064e5e541f2755aee618758ce27ad47aea3cce4802
S5,120,ctp,180000,3000000,27132.159771278737,45458647c1bf70cf46bb1278d2cadb3c9b67742a81c7c6b89a0989af5ef52a66,4174a83cc518541c59abbe90db104f2c6f06836c7553535a2e6542344c648147,69845ea3ba869d27f4d728f9b799899370ed347f3aff8f86ede1a7307bdfd85b
S6,120,ctp,180000,3000000,20027.7404630881,a2ed9c174af450584b40cfbc6802687d8bfe5c8f5c7a5361506ee8329889c094,b1f2899483a9b94c2e749e0f6c779efe0a499010d63e39b95f39a10cd34ea6a6,540e518b096206d4d41b707e3d34fe00037cd8d30d697723c38cb39082e79896
A1,121,aor,180000,3000000,77956.50502859708,9d06d39cfb49dbdc5202286178867ed8669cad52978eb9db55607b0808c8e0b5,f3e2c065940a0d88d8452692e9dbb7594b092a78dcca5aa0319b714f8aec5ffe,391283ce57fef3e12a80ff5b99565c2314b1d14ec1bf3d6ded1caf160d4c2288
A2,121,aor,180000,3000000,78069.26008733733,9cc3ee5182241183ea2b780386d26b530229859495680748da0f6bd36e137173,942eda2e85c341402a770edb2806df9b84fc8f2964290991c42a68dab5b07fbd,c65a4c2ddfb2ff9303de220b3daf5fc65c7fb315a6b5ac40a08ce74d60d26260
A3,121,aor,180000,3000000,78107.16736883571,d70bbeaeabc17213b8ac6fa56267f1b3d10997fbd914ae9527babc79cb70ddb4,4662af065afdf11fb39671d7398d76e35c6b49850d6a83d261e4a97bfb491ee2,d9c32854c649f3685bfdd81043201f4458939dcf8c27e542e5d4500cf934829a
A4,121,aor,180000,3000000,78166.08750332029,5c83922a160d4eb93df4fdd782084eea260f5d5a8580abf8a1d508bc0c9a5f6e,61ee0199ae9000759df9a083764a0628a4ceff6b554a311af79f9bdfaadc2882,1c46b731406678ceaa074095a384bffaa2145bdc77b813ce284563fe6712f2e1
A5,121,aor,180000,3000000,78428.93082215772,06698c9acaf3edc2db74c0217ab3b0bd0cd5001484c67b65e26111be19dacd02,a323009cb75276538cf1cd3442d3cfa704097a7e63b7ad827272259a48642633,9db94fdd82a3c7419be3a5e188df1bb91229faf2eb6ed5cea45074c3a8326ffa
A6,121,aor,180000,3000000,77956.23468491816,c3c3db6d1b9bfbb67f491efc1190ea52afec26e905a4a74399e9237a4080790b,8a84ea9f65dbf6e2843a4b26f1db331802328d7243710fc4d889d0339331b4da,6b1a541fd7da4c30e57c5237ee4d11a76c915bcecce766cce4b017b80cb613ee
E1,121,smp,180000,3000000,768822.062911641,b22ff9d3aaf5302e3642fa92317175897aa5bcf333fe9e86a7ac0c4707245c8e,867b3bb46dcc0e7b1e87236786653888a72f280848246c6649fa2b3213f6fd15,5fe91f675a9befd8c29d7997cabd87e90d68b18322be3f9815cb775dc105435a
E2,121,smp,180000,3000000,3192364.1496020793,fb82387f93b220d8591812c69c682892eb27d545a9e75f0c006bafe7fde65091,3e4ae3434fbdff304497e2b5de5b1120b44be0ab72b6db095a6437f7c665d176,e04047b66ad364a18f04ddc90f5fe9d6056fe00908be2c12ef02c9621ed7ce57
E3,121,smp,180000,3000000,5876214.558461061,ab64a32ada8113c40fc974342b811868a9d27b92d14f3619397c5ad4d1785db0,1b73aac8a66da71c7236f1680e82d24c182e5e0ead688388ba15b339088681bf,0dfc5d92d9bb41faa71bc97de6517492b354d9764cec892551ed6758f58f5db6
E4,121,smp,180000,3000000,8028632.0666402895,a174ca3a0c4b3df587f17fc41a44ce000575ab98d45ddd292d75c57230688a2b,983cb938412e70c334c06d0df83dcad93b2bf52d7858f3ca235a75f04479e468,ca7fa155ac4032e328241c02f6618fe10f8e7277045e7e5c3875f2884a6c27a6
E5,121,smp,180000,3000000,9405451.676303761,b193959953ae14cc99db29b8ddf3c55e310c7ae2c17de66815f8a3bd43e44a7b,6395baf8db531804023ab978ac60a3a3c4ce04ea0fa1e5dbc3ae07f09784e211,63e2292819c5889df4053a9e359c2c4877181fc12fc28f8ce5f0f650dc586373
E6,121,smp,180000,3000000,11319878.058157817,d0fecbf2b10c673a8b4857e70e601f84071d434db1700392bc9419803194afbf,401abd3f334b7742f25631824444d73273620190e06144b75e6b1be609bda080,4ca220a7a02b68e862df9819f3941e7f88f15b8c528ef7ea48cd1c3160cc69db
R1,121,gcb,180000,3000000,137548.64414810587,a255e8bbaed833b69633d9407bc7ba0460a57f85b23375e7266e5d2886bd468a,433b0190c64abb258cd45eced30c7112ad2f4609b5c8126345d97809a423dbc0,846a54fd4b0177579965146cdea9eb70722cbeb0102ffbb14b120ac77921fab4
R2,121,gcb,180000,3000000,194312.46539416796,81de485dd5c85ed018afc3ecb9b414ebadb1f6dee59bc25810c2eec7fbb87edd,1ffb7857d171623cb11c9ef48563e6de36f11cf542dc418f68d4a604d7e0ec69,81c29c7439bd9f7ff7845b4b2bfff9cc64ce0d0182d6616d462e6fddffa00230
R3,121,gcb,180000,3000000,243369.609783823,a673a87e494be73d651007e40776585df95dea941c812c1d7add999bd195e6f3,8e35463e59e43bdef287981b2bbb54edc897293abd2b7ae62d968d08f4d2b710,7e921e0638c582c64d04f0e28eec970d967ac9fc67d07820f75bae6f4bfe414a
R4,121,gcb,180000,3000000,235305.51764119478,242eff0f7b14c13f6f39f966e25902637867920cc4838787a1fdf0b46b82afdb,8006475cd7b28d377acd2820df4075e7d29702ec051be6ea6562ce6523e03d8e,a32c3cd36b53e541c2ae91cbe267ba1db66eaa98fe10f0f486ec2b6cc2053e0d
R5,121,gcb,180000,3000000,284368.3513073178,45b320191c3cc47041d4e3605de9f4c01980e1136679ec0a5553202bb34e5baf,ca32bdb0799c77a0834b7f6bccac9d4d7563b2bfe4be9fc5c6a5924b5e45e437,4556c15a5489b7ec8bc3a07cff47f14824306b194b99173204d589036de72ccd
R6,121,gcb,180000,3000000,199892.94521433112,4ea63289988f7a4af8d4cf84d5e1314e5fa07eacb2b62081e45c13cc91a2ea15,1c91e01c33540a6ec87071af6fc26f80f218c73268f1c8ce8d2b1c0a7abc02d6,91fb5796652308c194b4c194f7f0e2cf69eecefbdef197b72b4521520c1055fe
S1,121,ctp,180000,3000000,1.2147817244970135e-05,2dfc6c40247bd2ee5e474ea1b8db4b95204e4a7c2c9a29e9ec46be63ab9c6830,1987aea47431aba0594e7d0e1e4e088082eecc53e4aa72da7c33de146e0a59a0,41997904adb671865db4fa14db45e79c713051f792736a1405c196c475e28181
S2,121,ctp,180000,3000000,1348.253821235996,0a751daab5807f9652b31c34a8ca42c799a8edd4b34fa4238498fe8a695e3ae0,c0f1a0eaf9ee82ecdd5c2363ff990c32874d274162755e574575d25d48f5b140,684b64b48fba7eec9730da919227bad89063ed781ec30ea1f8cf78c1715b5bef
S3,121,ctp,180000,3000000,4704.225737978076,5c3e1fd156f0694cd3d9cb9ec54d60f37448fb110d672c30279a223c8a60796a,5c018e3734b3ab34de37b4a2354aef4ad605e4af8eeeffc4593b3b10676074e1,4acfb9e504d6b73f64cd80c7fe248e46725bc6831b584e7b6b2837bf2263f3d4
S4,121,ctp,180000,3000000,22585.414786757647,652c7bb2245d431dcfdea7180b3d106469972b28f7e3eaf10667009b90ad2802,ad7a5ca8dc23ee6d466a1364ba76aab98443adc245142244611e5ac7cc2c1199,0e70d1b4efd7f5079e176af84bc61ffbd815301bb86fbe05c703ed3e874e9d9b
S5,121,ctp,180000,3000000,15978.259751180196,ada3ed5e58a94431971eca77b64b77ec0689c5002cace950685fe96de4623f18,53ddce9b9ecb8cc4e10aeb3b82a90f0a26f64ca4634855f5512a25d60139569d,3d5271fe1014ab3c24a2dfe3c0178445b0bdfd7a17e5ba579e674548c3032154
S6,121,ctp,180000,3000000,55563.096934470545,134dae9068f03d43b6a15d9ffdb001b6297da8f191fbc21fffc91244a778c973,e56c9fc414436badb2b78e9e59a5c0b0fe43e3db122eafba202e6e57ce1d3562,1bd4d20781673f69571e29efb0a5751a82c46abe11ca3dc59c52f36764063c20
A1,122,aor,180000,3000000,77905.2492059049,adf27f12e803f5b95d400e1076da8a9c6c1f2bcedcbd98da33c9fe36094d9c39,07436a9114064544d22eb7a1122ae140ad30e51ee3aaca466b652eba0019e991,7f871ff18633151c39cbd0bcf158170d25ead2bf59d9160209dd855f306969df
A2,122,aor,180000,3000000,78122.50153853426,70d661598803a7074431c7785f02db5514aa6d7e29c5269d6faa3330235f6aa3,62b410bfb2f1a6df9706a455316f8ff7f9b0b7f0d03df0427af42f239b1afa55,0e4edf524bee375fa1ad52c0e8752d668db4b50de95097a6e20a48b117de2ac5
A3,122,aor,180000,3000000,78140.19963742144,0efd329a0a29e9c761c92172475d67d3c3a36edfcc96bfcc52cfbd252bd89d5a,da7341ee82f8e8f3fe416dc4fc70fa2ea8e1f94e6d87b4d09bd3239085b8f877,87690818620744d7532d1318ebdc33dab8fe7b242cfef85c5292459efa94b441
A4,122,aor,180000,3000000,78188.98964659659,d8b4aed46865bab1003e8e1ea2ce6dbec6bfb72d57682d5e3a5cba25c5851bfc,c5820adc66c811a0c138414cf6fa375603a10b7c0ab5a2368461b531625d7453,ad4eda8fca66678d5832a2e2fe5367b608cfb97e55cbda67e8bcdf41a4ee2e24
A5,122,aor,180000,3000000,78257.30128001374,e6da9ab4c5e6149b162b0428eb945c8c80dbce43847237ffad51c8f9a196c2b2,62003fe12f4212d725a6808e1ce62223f318cf841d58eef6ae93b5f4e67542bd,930c5fc3ef8d1e7671a1afd44bfbc09af42ffd5a299cef4fbd3a6a6598698a44
A6,122,aor,180000,3000000,78094.17616357039,c8cc0c6efed1392057b34aa49486d06582763c634aec48bfbda565da08e75dfc,6cb74f58865db30b50f6b7259e7e1d6dc160997b3fd20b3529afcddfc2944f91,adba79ef6aa5fabced4e233447f9b117ddd2109a78e1992680196833f1457b0c
E1,122,smp,180000,3000000,1562166.341324213,1ecd2139c3066778d6780274865568792d8db5cbf1036dd04627aaaab9628a8f,3e725fba38f06349bffd33343d72040ff44783211dc53fc94da1bcdcec1cbdb3,2048bb843679ea2942b56b78cc48e59b474d66a7603752cffcb3fe4071ccca24
E2,122,smp,180000,3000000,3420543.2599816625,2d46f65f7bdbc193592cb9ff0e480de38bd1bc0ddb8817641633e8e76dc93455,ee641313623e9842f33174dca7c04fe7048ae2652218354741074eaa3c17f371,a09cca1b5002e6f80f171a34f66bd0fe4a0792d8d41d865a8988e0a49c587e4f
E3,122,smp,180000,3000000,7303080.456532629,7e1983850e7f51a30297ca01027a644775c0f67e7729e03fed4996a056d1540b,b7da720ff815a2e38e244bbf32a08ea0894621e2963f04c14d75ee5e8fe3ab12,86f739c5def7d2ec09c1fab5352113f0dcb3820686c8bed7be005a25f8fa51b5
E4,122,smp,180000,3000000,7152688.922476794,ce27659adac7067cf629caa845f871441206ab9a64886c944581c46c39e8e3b0,9463a914eb461a7fe5d021bf4b3d2378a95431005acc25c2958f26f4b0e8aa97,ee06eaf8cb7dfeec4a18b0c3d90b54906d6edadc1de702b6a0f9753a1f21a633
E5,122,smp,180000,3000000,13218920.950508872,027694fc279b0912f3ea57ed3dfbb61cfd08df0922e3e152b5221e3a501fe384,779dc777b999ca8ee443b37a334e33abab3b860ab4d902887bead1515af7abb6,3bf3449b2af6683c30eace0282c3bc3983a9d2fcbbf669028348bb77cf39f19f
E6,122,smp,180000,3000000,13506788.608645516,68facf5e992eee771b48e5826e91a7fef1b79895f4bf53c08597eae4579f5c97,d747a53c16557915326f6feb141e1fc2ac071f86cb98b75428fa5f565a965838,a31fe07f80d5c0e28691009f81b5a8391111008a53b2fc234aaef5dc2dcfc08f
R1,122,gcb,180000,3000000,147257.97007861515,1516d011bb99d4df16339575e37509941e4d85cbf883ff0a3beaaf1267fec370,2dac2abbcdec6f5f64ba1c0fe26795d0a1423b8c2f0e62be6a14636f6c6be893,f075a987ce3364c1336ef71cd592ba153bb34978f1b8e0026bba221655c3d134
R2,122,gcb,180000,3000000,175985.54058381944,0885ee649219dab793ebb8ea6538abc698774878097f9141ce847b672ae97fa0,1872dc3b0f8fffcd4e361dc77b1f1edd57475cdd4328f3e765acbdd83cfbfa13,4c33d52ad8a4b06122b07db2f354772f61a9f48bf02c38c99438779db4a6a37e
R3,122,gcb,180000,3000000,278431.8644456414,6600ad03d50602eb91c50883b91e0dbc2752c648f6242fb846181cb19219298e,7b9a1712e0c6526a7e4985c63ee4997473a285d9ac3c067686a6c5bad30216ee,c08da429e1cd3883caad9cb34313ea5bb5084c7d969105d489384984c137245c
R4,122,gcb,180000,3000000,236112.08116849855,f6fe331d051145afa20fea93135270d888095cf9aa302ec3704b1fa7b7a445b7,42023c14abee6bb37309c047a9cc9a9ee4a0efb76a4e0760d881079fafbf8904,fcee8f53eb2b03d32bfc6c0acd87198a652d09b9c2b00fbbaa576a6da0705006
R5,122,gcb,180000,3000000,228949.76062026268,6c1a814f510d53a9c25fc2597b191caa8a6508ecf2f2d92d85061caede70ce75,2c4ec9d863447694bb15fe9947d884d9c4929ab549df7ada6c72b591fa922be4,cbce0fdb138bc408020e96686a39b3814d5b866f0fa8cd6e695ff040dd3605c1
R6,122,gcb,180000,3000000,445914.68466303305,9f3b3441fb7a1945ed3ef40e604d1e7793e989bfa22e5ee126cf6ef3870c86cd,fc3d4b0f62bc06b585e90b15052da073392472b5d1607cc714314102a1f09f9f,9be39642bd6c4250b5cee818b5c75c09b65734d14905fdf2dc396025c1c93ace
S1,122,ctp,180000,3000000,90.01381985293202,59f65e41a4d87959fe3d0210a7da4f7befe43399ac22274c05e429669ca019f6,e70da49daef3d54412ad76cdfa225484d7a68ca037936274d830086d3b6e294f,640b363b704f89e3456cdb7d7e61fe4ed638aa9236febd303e44fd162fc48057
S2,122,ctp,180000,3000000,124.77938985076872,46aac726c9abed39ae2c37e13db312c69181660d781ad6d34dea2cb72f705062,62d8bf6c5787c20bcdda54ec4d6694ce821d6451e4080776776c14bdc0ad546e,19bee712dba0ec4e727abcafcc92d11f1043c3d2acb34933d6c390b6aa8e4ff5
S3,122,ctp,180000,3000000,2017.3622248407667,4a3d32252dc8cf2d14a3dd5be20b9b539c79d512a7c1347807f9cfbc95f99464,b5cafd23cb46d25f2b40d4ef8883605083fa820ed38e66c657c3a1af21db1127,e2d99969d377fad144fbc520de2bcc193588a01d6f7bd8c2228c6a0ab57d2bac
S4,122,ctp,180000,3000000,4854.5472276861465,729ce51ed3871783441d97482d9a4580596a0a555f2e0ac30c10af1f67691672,ec60dc97158b94f28243d9536617a158d0f6fa5c41ac46564b7012d1fcb41c48,401a331cd967eae2bff08ea577bd427f710bad726b7c3b9bc38926cb252b0588
S5,122,ctp,180000,3000000,19835.235716122308,5d86817f80b0ed1025efeaee5a581a1d402a2dcb267a776b887a38038725e1fe,afeba37948dcf01645cc436ffb1747c2ad7f1ce7fcb06ce69b09a9763718cbb8,23a1829528c8125ae03b884519587f8a5630e862dc8ac709708b2763b2264117
S6,122,ctp,180000,3000000,8377.857922247123,deaa2b17645f80c6a9a6906847e57e0990924c58cae3fbd0c6582c8971703b40,6fa460f8f7d322d5c43e1e5eb522a2cccba6392b9eff613dd26e3d97abda8918,038f24208e3b59d9912556d32530e9aee7554ccc3a042dc662d06aec6dd0fbcf
A1,123,aor,180000,3000000,77998.29941539996,17900fe6a6802a9c67e22809992b01bd96e51328b71ddb225b751d78fcffb101,92f2832bd97e0587666178a8cf7ec3f7313d5da6523ce086634bcbc55095d39b,798102dc66cb6b519b384e532c9b788ea9aaa9b7579eca4eb1c4dc14c8a424f8
A2,123,aor,180000,3000000,78126.82138574177,f3d160667b9a98046106165d83f5285a73f289200dffcf6047f3311db7194c81,2f959320fc7ba314c2a2969d072343d96dfc49b650d991c3cdae9fb510f3fc4b,8b502c74026361db799f3245bfe25c4069f41cc2d80a5baee069aa7d98f7c0fe
A3,123,aor,180000,3000000,78194.34948700474,45ae54b08b991fdfd5337caa844a77806a1c80037b58740edc7e5ce5c929e6f6,43078ce79b37e108df0bc4a6e3dfe3e2594a797e3d6cf55af68d5d92ba072e3f,fdd0fcb883521ce6672649a056c25027d18be95cab81075120d113fb73bddf55
A4,123,aor,180000,3000000,78096.77067380841,3397e6283a6bc236acd7fe61fe5f0aa9f7e12ec571674321d99f576eff45f9b5,7885e62b74403a6890dac19e9960289a572dcd8cffc4c535d9bac744e7f13797,7bbbc91e15f486350d5d1d36026077204a282c7bd4e06c0988b5ebb3ffc6e7c2
A5,123,aor,180000,3000000,78327.1375327915,784d02a4d9c3f56f69704a494809eb64beec53de7e89a248499491bece4952ae,b2c83a0857684f6485b960912de46f9d6ce9e8884922eefb6ab783e4de2cf153,4cc0beebeb6c9d3d1d12d600db82c53cd9d9e80749b3cd5a8d20793457f54cec
A6,123,aor,180000,3000000,77900.10197540399,66501acf882896028d928d7aaca3d7635bf591daa690004095bd6e8df0bc3b21,5b483314d6e1a4579e0012e79469ca327f394fd1ff7962ac78a2e8bd7d5d98e7,d9dd33d269eda0ec7b0040ba43f7dc819e48205ab3958912283ec5839b749460
E1,123,smp,180000,3000000,158904.2550411282,d25a4459a43967d5d41c38830a7aeb05f7549275529db6d3943f4303eeb4d7f7,8e004a97b010ebf57a47de2b33bbebd4050f9da8a71f2f9d12dffbad257f69f6,f8f42e6ee9cbb46c34b4235a29a878f66ada55118458b86cff5d6679da435421
E2,123,smp,180000,3000000,4996762.190281665,5babb9f6d4a9a94ce8ac44bd43332857d35b1956953d4bfa64f7bcd28c060cc9,98cebbdc180a2b76189c8bf5203381d772a7b867a7e530998c520bc4971c6e86,652bc47f1a186967b7f5bfb973a30969c4260fa08922719d15515d92c20fa467
E3,123,smp,180000,3000000,6621789.273199663,5618c300c0b4ecac734066d8a60b6cadc3a1c1e41f155f43a1d36e26f8b687f0,145b2d694bc2b64187415ffe5b644517fc477eabbf2cd5d94ddc73924cc360db,cc8a8a42c8e553f0680eced630ec40efb48605792c5bac5e532ef45ef6504358
E4,123,smp,180000,3000000,11164747.392448109,0566e3de1fb3328b1139d232a6d99812573a762cd304a2cc3a5a4bee02f22ef4,2b39273984295fece92f92dd7998855cb365f39a636e4ed86dc767d077d08cbc,c3d933f8927dac72f758afb5178b88598ef8753c7636822f9417b4a8d14de59c
E5,123,smp,180000,3000000,11102704.420431854,5f93dd8221aa35df909dc94fdb75447a3cdba04ab116bfbbb27a68ab3926a950,3f7410c627b7bef1e070bff3001f469728bf23e14e68af9dc32d92eb8cfcac4c,5b064fd545282d4bbaede89510b0fdf57a8ce2e57b9c5e948fd9daeef78277b2
E6,123,smp,180000,3000000,15146471.558575425,f420837789319ad2326b0371bc226d3c0ce282248f62b6c2ee4fca90dbf8cd8a,649e229df8b9e9cda7de2f5e5ee3c159ac649d78698536a97c621166085a233e,490812214109dfb0abebace2bd5bbe8e600a2837ff79a819d68b417b36aa41d6
R1,123,gcb,180000,3000000,163665.60002969948,51e90b19b7cc0a6236ad7122b904b3290ea8b211d33f846be3d87fc06de3c2da,214a2ba3e629b022c8c50266811c3f9b14cac3c0b4f086e7e0fc0fd7ee4b6ae4,d7c9713b4249010813124e8f8c4c90b038166b603dfd6199877dc8a1b1ecc2e5
R2,123,gcb,180000,3000000,186573.50255848328,6ddb74fd69b4a1ff9d43e471f9bdf0570fb2ff811f6401a95e39b1a7c449190a,486408ad33d3c1c561610092b0068900ffb609486d9180caac0ca10121a4ce7e,66110de7b4769c7ef819e5638dc170e772c429b52cb708f65c2faf5c501936e4
R3,123,gcb,180000,3000000,388264.0142973701,56bc2c07dabbcb654d06fc6125aba1eebd8fdf33c2989de5515ff3410bc5d009,57c424570976406e07c15d039a78bd61c07fe8446ea30de23515c415cddf8f1a,5348b2383148fed851a41c1761b72589ee36581f3dc32e4350ed468482e47062
R4,123,gcb,180000,3000000,324046.61409247137,7b6a18875edac01959102b476c83f05ff7af7f92a30e0daf978254adb4730038,23d39dae393e0d8a830fc27aad3494de2003f3379cf32497c814e277f2f361a5,4b243471f394b23bb9e73001f6959f288262458d2dedf5afa01ac4085fa822f6
R5,123,gcb,180000,3000000,338846.05821850145,4af39a5657b61c378f2f90188d33d5f6cea1e4138ad8f6e51f96a1e9aaaf6a2c,dd4f030cb478015bafdc5c6a53aaa8da6366ac2a68549f1f5c3714bcac33291f,084ab9dd167c2701b4dd9d2ce13c0bbae7da3ccad5d41d51cb3140382dae4bb2
R6,123,gcb,180000,3000000,392934.05514719925,077db0ea1ad0f567d6bc2c8b7168d337bc5616d3c4ac94aebeaf94a7d8a11169,0aa3fa526f4dd676a244ed503619c18e68381a0a24390ae2b02759a0015d7aed,c884363468c0fafb88e47f671af4b2548c1eef6a8f11b6d6c2092f1056ae44a0
S1,123,ctp,180000,3000000,6.841509788439833e-07,028f177ded6e34d13792700ea26f405c7acc6b23b39024bdca1ae7d0df938e37,70e71c36e400661e24410506c273d3f4c297d3629ae208e67fd889fe7ce39d66,d141b191ca6a6ccef88688de8623ad3d4d2c3f32b0127150161f8ca6056dd4e1
S2,123,ctp,180000,3000000,1705.4188128166907,2346c85889a1163c4a920e040796c8030830cdd0516a7ed33f6333ce5430aefa,c3bc68e2f93f66b19d47a4d0bd4f2ac89b33cd7b6c70c88eb194c9a88ac59cb2,37af19e1fafbcb83f21e7bce68daea3273aef60a2442f8571e1944af3420e3e8
S3,123,ctp,180000,3000000,14556.798374525019,e4b52a70d346b316d49d3b7b9d3272216b4ad614b4ad7845d41fbb7935b0e2db,8699a68adbd59c23cca0b3548e7f85a964507f35ba536e9739f0cd7d1badb88e,cbf2effce4aad12dadaf9b3128dd119c06dd0074ac493ea9a99bd4b61ded6748
S4,123,ctp,180000,3000000,29821.778325963875,97b978acc9c88d95d967f1e9e75dae81d4ae33c2dc8c3e2f206ff24c3a7d1fbb,6ce78d4c22c8455afe1eea442b76d548ee3307b107a2ae8aa6e05c0eede57b08,90084b0c28ebe87d4b594ff39fae876887a69d57e021f32d1fd62ef4ab4eee38
S5,123,ctp,180000,3000000,20633.888038677094,474f2da7ada75971c09f836129a4ced037325806bc7289a660d2ba61c95e6719,7e96eec7f7b876971b35da6239e76802a3ab3724b4e208e531236f5c3612e855,4371f25bec91bc4e90ddd0e2f6a6f7e3acc3f3364c2e363b0dcbafeae27cf727
S6,123,ctp,180000,3000000,10112.420805270394,a7467786967b277266a6f12b04f68f407dceb14270c026b7a9882cb8d881ea65,13baad384086f987e500d6ee077f55f840fd431bf2007019f81cd97761179933,f5382864670f2be500110aec4fbf7c117130f2631e32a6205ca3ea54640b0713
A1,124,aor,180000,3000000,78138.51597701796,2efc023a9b007094ca64ffae6f086429dc3cce28ae41395fffd6daa2d85539f3,5d00160d169779f4a5940fc7ef8a7ad0f35097b5129a70846d42840e03be7e4d,e0aefeb53982ae771a41df52e1abcd37f7a7a87d0973bb664d8fba92a70c78d6
A2,124,aor,180000,3000000,77942.41483719302,613e14ea938e8a59fb403eec03fd7caa2e97928c51cdfa15bca1e84a5756bc0e,2e15d0b4db14d165161e20295d0fdccdd6cd746bbec547aedc55119d51484adf,c88d22b000f97eb43301d2027ef3cf6b8b33c599e4094f66d15a392859a3d93a
A3,124,aor,180000,3000000,78342.98152002097,e7657679758ccdb97b36783979059f1537ba125e74a853da1804f4927782bc7b,75d5a40103c5cbaad61e6e740879019e4a6711f1d50b2693c53fd4551c5024dc,099e21650d308c8d9a76495a7b0f8554935a47535dfa2d3195203a04e9dcb75a
A4,124,aor,180000,3000000,78176.33329396884,ff2fa04e43cb6ac4026ec84b59462d4b6edd9da1fab1579a00c815dccbbd2b5f,ac297b5f5221ed2f87df29e5dccc4b7b2500ec5af8e583acf83877f6cc4e88f7,6a5bf97ff71a97890c38b071c6bb5cf729c6ae0000e09c269cfdb020a9c66d56
A5,124,aor,180000,3000000,78355.01925952313,e9e33598edd3f956df66ab879c46845f578523c6c312c5bcf795e32e98502704,bfc1724cc45c7552be3561aaf00dd89a62dfd72fbdaa98d83176d953cc1c30e3,80ccdb34b62cc2d509603bce8f52fd6b71689291951657262c47b7d675c80e53
A6,124,aor,180000,3000000,77856.14340083457,b2b58b7c61b5dea1d9d833ec541d8d5bbdaea2e77f9134916114312584d2d6cd,49b6aba25a03b4b8243244d3426d3c7c5c8af7fa553072e3b6d9af8875294482,9e5f4590815ae4da2ca2eee613c37930c944ddc42edb47841397aa661d7d9eb8
E1,124,smp,180000,3000000,32182044.354052607,a667abb5da696a655a1d1898feb912ec5e554ed89551401d9521d6ddff4e699c,b58550cc577d5f90c9d521eddf5ee1ee7dcb01dbe612a0f2aedc314367cf38db,3f7c9728088ffeb6d26aa8d45c1f596bab3c3d513eb8a858369f1c2176a59bdc
E2,124,smp,180000,3000000,2159195.157538168,3b55531fda54f646c7ba2586cc0af96672408340e95b7a93ea25de4e65392ef7,54c4c79e92b3199dcbda4b68eb8bc02052c013450a282fb263d96c33044df466,1a3436c135dae6e328a1ed689b75bdd500e746a648baed65514b3bc51a2a69c1
E3,124,smp,180000,3000000,3898529.8377842857,afd6a2505414684fe1ada54e97be9ec920703efad2da02fa71480fc5d495c247,f03618cb4634ccc043dcab83b764f6e2ee12e62db22ba3c3860e1fb1d0b75bd9,987f8863e8dc72d0433ed448ff3606b7a1b9c10e854509b181de3cfaeec198d5
E4,124,smp,180000,3000000,7302757.611502351,08a0419e53cab24a8f119e85145b06fbbb499b3f532bcfba10168ff96db60f60,7153d225448a1f3cb57ef5d8187979daeb7aedb1f81bb306b8303b380ada71f6,1e945c3b0df1b4687a8449a999c95475e3f5c2a0ee0811734b760d19b00fdfed
E5,124,smp,180000,3000000,11568723.918834092,e36a1c3a3a0f3b9d6cdd0779ce2bae7e38cdd2e63e4803b1af03c1e656262e3d,df4ff42c712dfe16fb96466d34ecb471611d8e78622a01ab74baac8fedb51184,491b38b7006ab25e52651839e2e786e45da227c7a5d8eaa358f4e559669eeb36
E6,124,smp,180000,3000000,13130073.499498436,03ed55b871de82dac402c237d0ce279037e13eebc30bd40518a9502cebcb9e7d,01de075fba35fe8d397f6950aea44ee8a7d2cf674b345b07e7b6c151436b2561,1a37de3f13b771ac9a9f2b84c8111fd660c23670a994994ce338617b701f79f4
R1,124,gcb,180000,3000000,172088.7878724558,4dc4f00bc7cce2aadc9e546c59289d3888b860745e34b5cdcfe6ae7f61582e14,479c70527ef3c7dab497a204fd36ab5c842caad1fc0d6264a47cf39ee2afefce,689eec30dfb3f3b200a12f411ae109bd7fc7569f5d49f026af9b81cddf1071a6
R2,124,gcb,180000,3000000,252880.16444543895,7fc19bd52dcab8588985967f9f7fb5ad889c949bb35dda3e87ebd04d08b191dd,832fe6c3d882de5e6adf0600b972f86fa25a2a1be23843eae1843f12a07a3709,f6966d74597cb588e6cffc598cad77b94ef8b53cdb208a76cfa0c57a19a3cb86
R3,124,gcb,180000,3000000,316124.6729361392,5bf36f49798a5c173ce514fbebcf29c0a9edd8a04efed1732c5250176f722016,857c0746b985df52f9602063b6447e3d1c50ff5e49e53ca1127eabeec2ff2776,5e50852212d247923569e9976a1910113840bcf9a45eadd93408380bde50ea1a
R4,124,gcb,180000,3000000,318453.0632010017,35ce4b6bed4fda85232e20faed06d7a645d405de50a2677d655b403b0c771f99,b309425bb921ba3e47e725fccaa7b1dbbac0bcba7b754510b39178b4e8de8d0d,94b650eeff402f505e922fd97b983b719bdcb790b325e00c7b79db12b1ad0912
R5,124,gcb,180000,3000000,351391.97779828205,f9b378131837fa3148bad8e706f3b7a3ee09b5b2aa671f049dcbae19d15e0e5a,65972aea7783a0866559839b11d00dd5a794a741c7034913b4e9733b920efae1,64fcbd71c3bcc4d6d404a66fe97ff9f63442277cd3b22c67cf6a7832a20532c2
R6,124,gcb,180000,3000000,345647.45242017147,000640884c4798a0612e17cfa53647f960d9e149a60c7e90f6a2fe73eb60b2ab,c673101c16106f63872820a08cbd39de2fa25daf543f367806961ab304b0541e,eedcd2282bc4125c4e8bbfadc94b3ae8ff7714dd86a5a40c8d7204202884f0e6
S1,124,ctp,180000,3000000,1.5435592210604296e-06,9cf6abfe49f8a21e7cc6d2eee36b7da0014a589359252e641eaacafc2187df08,4086ce93bc67841056c6b55ac874049c4c009d5a4c8a4d7c55b17e615d6337b6,45098f790d7414e720ec479af60e2c4093008ac3c9c26eba38aa88f72391024b
S2,124,ctp,180000,3000000,527.343465992416,6e88ac202b75d45018b392539900d7a2b6b63ef6eb8c82f07676469fe29bf0aa,f2b6458eb2e7bf864043c4c88b00b3446eb63b93641979f921d6cf4166435699,40e6a11fe3582884b73c3ff01bafeb6d48fedb4b927ed734010f9f8ce9d9f5a5
S3,124,ctp,180000,3000000,5093.059035737722,329b0d682813c0e99e404e13f584140489a211ebf3538579a26d7e8a2bac6cf7,b4b3e2b8b7e84c25512df8708e7cb6a77f6e811cc50c47c64af116c34a1c3dae,c47b87db466558299495e15f665fcde60280bd13922a5f1818b39e6b19dfec8e
S4,124,ctp,180000,3000000,8274.143593260475,19d1a98ef1f10f60acf39b070873056250af32a09446587da767de7b7560cae8,1cdd3f1c13edc92307eaaa4d0f12f93dcf70c142807ba0c7ebade7910685eabc,e34d5a2ac5d12cc4507758a8cd892bf732b1f87a2b7987da699b0302c4d0afd9
S5,124,ctp,180000,3000000,79075.12478661687,7cda0802512e427ab244a8991267ef1e1493461363c9c1843c4e2011b9aae2f5,444c1841b0ce4e7de24291e6374b18fccb28d9c881cf9e8a6d6883e9238f890f,f102537523ad2bbe0ba1194c5bc9a6963370e174f21778c19842e0d577659157
S6,124,ctp,180000,3000000,18532.191202506612,3f6ee1bf26b15f6d8a830070eee5ef4a97320fbdf68fd8b063512cabbe0d4b93,a3fe1129a8f34f18a612e339398b7bac375c16962e6b872ab03ff96fb58936d6,554caeb4f0a9ad706f7959710e9e300418437181d1fb9b33edaf4dc31961d3dd
A1,125,aor,180000,3000000,78015.9446934667,34cd2c0466450b0307e67eda5f7f857f25dedc8e42228cefa90d0c43d6dad40d,4c47029a34c133bd344d987b630926410a0af5e2f1a64993cef03ff418fe6be5,263e64ab46eadacae64484829148299fc3577e174dc1b831e4083508f4579896
A2,125,aor,180000,3000000,78030.06504686824,756224d2cac9c947e9fdb99263afdddea98659736a7c773d6d6ef9cde93249ea,ce163f56ed9f4a37e1fcc36a3a1eefcb918c4cfaab4d537a584fef344ddb9906,85cd78c7bac1e3ad6ad50442cfcfc131d1be06c05354d9fe9c82a4e199fb7533
A3,125,aor,180000,3000000,78042.90305344354,71830ebda5c7b8cddaa67879bc2942a60784166ac5dee052cfff4ce9ce6238b1,99cabeefd274ef2c59b0ebff60fa541c28a1a80b889af870c921f9f9ea116219,4c1c64df9a95ece820248ba1f85793d13b619c23cd0eb785d5294ff1de4ea693
A4,125,aor,180000,3000000,78225.96926004115,393a8e2cf443eb0c09c5fa9eb9d498772cbe0c8019723ab9dc1cffd84dadb2fa,ea160a181aab2ab4f762242c4c072b0ce4ced8fddee93a7287d887ec00761566,e337ebbd0cc8652a3a995f1b91246579417f34b39eff3693a3a7321879bc54ce
A5,125,aor,180000,3000000,78510.37965309068,666efb89741213d5d58cd13aa6210943603a3532e5c6bcef0368bb79a0ff2d07,f08f742b12978fb7b03dfbecfab54b4b22a1f47983537e8223bfd51cc1d79382,367864ed899b19e4294ee4093ea9d9e2e79ea7a5d928c48a5bdb10081d534029
A6,125,aor,180000,3000000,78219.14346087564,0e0941a4f232a73f2db2ad3d4c12afbba5cc48894c2d8230377fd46cd1ada487,9ed3f7a24124fe92965448761175e8e62809bb75e74d9871e20027ef9125993b,69ddc988bc2561773490966f4f49a45492daf6215bc7506291e55497dc22f742
E1,125,smp,180000,3000000,420000.77063219075,5ba77b7f4ebf2d43814659ea8a2d11219ff1752ae88384e983e33c4f1d5067da,fbd43947ab2eac89a33d87388e4da707430428e0bdf2f7bdb5f1db61a777da6b,42a04c7fc948aee010d8acd95580d15cdf1e35fd573d8c57aeb964e77a7548e7
E2,125,smp,180000,3000000,3338913.711086409,95cdabd4cd704518bbf828c41bb344a3d9df039213de116692ab2cab6cbde02e,ed9c657aa6212c86a1e25afc3d19778a266c683423fe5fc1a31946b350554775,1e1cb4d6dd2cf3d0afc19792338fbe74d831ab3fbf19c6313c96be246ca4610f
E3,125,smp,180000,3000000,7163548.15345025,272ae892976bef70bef05ae85b9344a9532c92e198d0a709b2c92e3bf795a135,041ae62ab5ea0f87da6d5dde99e19f24821a0b7c30d85f9bc519c5153553221c,035f1ce78ebb7a03aaa3502f8586dafd3f9f6a044dc6357ad22a9787b5a1bbf6
E4,125,smp,180000,3000000,12243593.870714907,5b000644422c3da49a77ebde095cc6df460e59bde411e1805f87fa5996b4c59a,291260202153b71d6632fb4ae2c5b8223fcc220f6e4e9feda48a5e3f9ad519d4,ca8de28806429868e773623efe81ae1cc27c42f0756022723baa7b8be5629053
E5,125,smp,180000,3000000,10122258.985617228,dd60f2cbff65e77d876a9b5c39a58e322ba06a0fa5fdd026da218b4de04c7a23,d597acdd25934bc02067391b5801cc1831538f2ce5e9c6c8f9d2967df1111608,3fd6a3c2e91ec88b67541b66ff3a5098ffb82e2a0e1ba3f81245ceb66909e189
E6,125,smp,180000,3000000,13155827.249681275,74fea736c83d6e18b6ec182c9078a29d54cae2d166bf50fe1543f8d5b4dfcb78,399fe245de5fab67b1c259c7fc22a31f8386926d625ddce871ea9b9428337804,8b1ad904a4aa8aa3120d94c01afe131b575a26befd57065fddfdffe3cba6f427
R1,125,gcb,180000,3000000,152907.9713242178,4d39ec099c715e30008703c3bded9aaf3eaac4de22926dd12f7a8aa0a648f82a,ea03b6ca087799aff73fa1c4c928aeed7a5832b16eaec2f3429e5801933998a5,9eee46687503b1974469e90394db4df6d723470b9fd197874294f1d25ce15841
R2,125,gcb,180000,3000000,225368.3847852132,d89c6f1c5eb2a85a66dacf614f6dc1dc1691ceb08679fe8dc8a7d7f34dbe67dc,a6b84b7f299d48e04303066d39e500c076bdd6faf9b66fc30385ca8b41fb7bb6,64946fd2b3f82dffed4e8dddaae286538ee15612313b47c950a5d646afb51afd
R3,125,gcb,180000,3000000,314378.88636920636,ffe487fee0ae6fd89212d42ca5e3715f0b7f1c53a6cd9c1a327c08e2c2bf4e23,870f01dc9ed89c270b16109ef162ae0b2a1adc7560b990952be66eb6730f57b8,1943788b1cb8813a5f3364e3f4e48c08f5a6cbf88ea587abca2a86e28b3ef303
R4,125,gcb,180000,3000000,265021.5493138322,9a258caeb344ba1a49b4c612c3aae05aeee739fe92ff664cfe2ac23e78f4faa7,9f1ef1b2209107474f1de4c11e05c4b9c262e0e6dfc9e5b9cb5aec6430f7ad12,43e5e02e50102b68ac1776430f65e0f074412e488f80adc6685a60eef4a38e51
R5,125,gcb,180000,3000000,316710.937712843,e212bf07ef74820dc2b6c81436bd16e714894ce1d58469b1916845c9f3374220,b71b419b6c15edf5341aa399d319452d9433499a067ea1dc1e230adf90cdf7a9,cde5581bf20a8d95e44615529c041c61b82fd2a4b5c898b4bb54cc3ba3e89a36
R6,125,gcb,180000,3000000,373402.159837067,0668dfd6bf353648c4cfa7dab605719145540b141372754a19845d67c1c90319,f3e4c4f12ede1a4339d36f301d5393dfd7a3bab39e192547d0de22cc95d30238,dc7849e9cbe880b1b8dbeedf1bea1a117bd2c387683588b35ab4a5a8e62e024b
S1,125,ctp,180000,3000000,378291.4274112887,3df57b46750339735684e717efa3dfb18d65e31b3f17eb1f3687abbc3a1df32a,c16aed2f1e82b450332df2ce108205ce5e0af2f2aaf343b62ef71b2a5bb93676,24d21e10d30c8a13a6e0aeb10f2ebe4addeca4386f8bfc0b6f2cca06d08957a2
S2,125,ctp,180000,3000000,1543.1626980515148,882e93256fa2482c80594296e2d87a49497a990221ac8e7903ab24d56bc05e0f,66983577d4db9c019d8952fdc51cefecaca764ab05ce9f3a9e941819806d2f8f,b6827e8d02efb163ceb563035a65af8589e2adc2c8fde343584d614e1f344bb2
S3,125,ctp,180000,3000000,16873.747634624604,4e41dc9cdda383bf071eb84ab8a2b960954284bbf2696f2ea46b986125462d0e,45016a946a91fbabf2b2b9ab598192d5a00f1382afbb33ac6a32afb3fdcf477a,5f7c638b49e0f7022388b21e2b0f961a69a2e3ce0be84601f761c3787213fc7c
S4,125,ctp,180000,3000000,36704.39176227932,ef03c1a7b34a9d3db7c7211efb49f0b07e7083d7c04a61089a7a16f9b5d87de9,291db8f11ec1382ce1f53b61be397d58e5fe9be376820759c148ed769b25d669,50da51c16e1ea3158d70865b1cec8cb39fb179a6318770fca36aa5559a8c0d6d
S5,125,ctp,180000,3000000,66262.93209344728,fee2f67868287ee0a3ee996c497dee08fe3e82fb99099ef4c7233eb2201293f3,2c755419d16965f75bce245ba51970a6175188760c148d5e546054c86b9780a0,c7c3f61e1c600ec76052c03d4b5b096f4cb8ad72dac6c4e15a57a6ae9b2ce20a
S6,125,ctp,180000,3000000,23132.07593898891,5525b367c0afa5464e5f88f31fd3a10678219fd45fb0facbf0666e53009cbef1,6999d1aa6a1684302f8e631d48d64f347e0682e7e765a785be670454af842b52,d5c55fe155c95fa9ae24a8505b3f2e1293c497ff249eea94c7ea5e601b85b1bb
A1,126,aor,180000,3000000,78037.78778282178,5e3e93bad3ec352fc8ce74a323c425983760e5898ec8dce36061e7a74b815eca,de85ec48eb15239fa3b7e32efc714228c2040aad985b0b13c3886413924e00ab,24592a52f0ef0e970be64aa26bd85d6167a0c47e28f326beb7fc64738d7b28d7
A2,126,aor,180000,3000000,77974.23734131086,92c587fde841d59fe016f9df167f6351f7e7f61da645c0fd4ebba68480070cd0,3c1d74d3f99d09fca797e7205c54c502d136d39ee9dca0dba5e6d83bb48ba75d,4900f9e93504549d1de6b8f34d78ed3c8d407b9a24c808926b879b0267c99395
A3,126,aor,180000,3000000,78062.93338377993,d7b41e52fa96b42d8169ff68480e7f6e3cf3e9db9c0de3c48e92225c05732550,c7abb4fdcf89dca3d2d5977ce44a61b58585fc3f0a5f772da63272c0b9e70a43,f2c484f5e70964c80bbbc0b45fa65cc3e05e9df5b790b7feea7c589b68f528cb
A4,126,aor,180000,3000000,78110.67752225777,d8550f855006a72006037ed500116460e6bb95e32f20fb2cb058650ff2efa363,a829859da0be6236706f18c5afc7b51e32111e90a537be54f79253b6b6eb53f8,80982c51c96e3d6621d0defdcea36870ee4f1c1afc26e8995822a9c0b5870215
A5,126,aor,180000,3000000,78382.67633918756,23924cc65ea6c97cda8828c19b190ec306072f36c7813d58ced8b73395c4d7df,d22c5f6a13432ca496fa5ce979951f21cad6c396f14aabbe2116ed43db1e2553,9a1eac0f0ecea11f32a1b90a11caf628c0bed00ab3f121d431e3ed7ad80bc1f9
A6,126,aor,180000,3000000,77859.69275191898,ae087ccf8690ef538c0ae67c6b1114de6d279e98c495bc452d2beb528871722f,5c4002242a49e6bd291c3b2c2b9e11a69eafd4a52f812a360d179936db046e16,a4c5b16e55c3e546be2579d332a702874d449a3407224317de0467233860c80a
E1,126,smp,180000,3000000,6516403.4438629085,53618f5e87823ebfdaad11a46672949d74faaf9ccad4d4f7916d003168a4a530,95cf7be595c1c2a657f6da4deaed20785befc5b86ebf153a5ffda6d47c50e51f,1863cbff69f221d40ddcc591ffa16513dc10ed0d0fb8dd8acb70b948f151fe8c
E2,126,smp,180000,3000000,2719997.229662049,92ce1a04f0b72e435aba8a46c92586bc58a932c20d8b6d69e2db148ebda28f84,1331967a3ca0031be26c47732fc9f120d1d2534cbf8a589e2df781c1af3cf8ac,891632fbae17528f8cd231896205c7d07f833833c3fd8e38f7fe42c01247a3f6
E3,126,smp,180000,3000000,5688044.446354501,e35ee69e7f27b8c8af3789a4e1ccb7243d0213217ac45fc676254981e52a2544,785538f5fba0adfa45d5d779b5de97a0fc87909c05e19a41fe65b9c1011d4d3f,a9912080b458a367bd328c2346645a87b921cea7058e8b6378d89cc420a4dc32
E4,126,smp,180000,3000000,7580495.058489535,4d14d80f3a567510e3d03fbe67878a0e8e65b93e266bb0bf083e8713a9ec6b24,f2d3ed69b6fa030bbe69eca2c578f5f280650347e70ae540615139ea4da66850,91ca5505ee76c92377e8400130fb83e0f2054ee7ba90fb021b27944c0007974f
E5,126,smp,180000,3000000,8957788.629643323,d5ceea47b48468895b92563c89bee0a8f623fb313a623fcc131ed84f89d19a74,7ef81e85a10c6b8be3c3bcb020eabc86d536173ab2a7aae1707d7468866f6fcd,066db0775f7c64e7f063b056c403c81aecc0e2f6dfed16350d4caf100fd03d4a
E6,126,smp,180000,3000000,11539136.386567427,9a3a31f26b949920a2256cbdefc093f7c9ba17992a84852bf3a6e659506c1d38,0ac7d8aed58aa6a3ebafe0e09688d439a2721bef1c6295fa6d158d32701d2329,ef0202ff8134b41feb52904a7f507161284bf05fa1d37af629301427674eaacc
R1,126,gcb,180000,3000000,164232.76984362977,106482854f8dcd571bb5f1a7eacefbc986147c803b550eca09851d8d9b16bc35,e12aaa08abfb5b058f7fed422bcf1c688090681bdcc833b34e7b1a06e1fa3c8c,b2e807f4d68bec15e553aca1f36d177241b43c4cdc8d66d1b1aa59b2621da655
R2,126,gcb,180000,3000000,244716.86493229895,f3e0f73bdb65836fcee3171ddb86eb1bd027d161dd8cfcb0ea3d318e99234f79,e31bf30af102012b78918fb23a8e071bb0cf966adb59bbf9cfd453b0cb9fd7a2,d423337af0a65f5987629305889ab2d48be2ecc3b010d139baa6cf17cb3ef040
R3,126,gcb,180000,3000000,266194.665576008,5cacae50cdeaa078f2464c157f3bf751f9555acdfd2e5df9715dc0a0cc9dbdb9,57764abd54bc36ff41ef3d822ae4cd7d8eee17dcacee9335a1cd0d79846476ef,c1bd643755d3a5cb7b233003c4542ebbb2b5a80f9a8abe8119fb819a50e2bcd8
R4,126,gcb,180000,3000000,378153.833763674,76113cf33ec68248b8ff5923a076c216b7d24fc989c8d0a5f89bc54be6a3bba6,1fa2a80f5446da8b990ed771b1ce5b2daed678ffc1c7eb7c100d0a3851cc1ab0,b5500e1e8bb9a181ab4a7f89d2d777e4107e33197d2e201faebd840cf022bef9
R5,126,gcb,180000,3000000,300753.8426509288,e74ce870ca2f97278517114bbcc99af44edc5bb2e8c64856c2a4965ccf259374,41bd2a85cfc8ae64606971eaccd18aa8377ede9aefecfab5b8ce9210a36f2769,55b2dabb12158b4e051eff585f2b6c3885c855dcb884d4e069cc97f8525b65a9
R6,126,gcb,180000,3000000,281080.9582384036,73c017cfccbb57cb974649eb0a93f5a18a213dc04d16ae61952872f847b9369e,ff8469bf16888a87cec6f313b40bf75d9497bffc1f2ef0aad312583109511112,633f0c6575d00635470882581545497f731c06fa281cb93461a6b77ad366c6c8
S1,126,ctp,180000,3000000,5.353123148319536e-07,ac1998c86647007a9378b01cfad0875d3e4a1305e261421826d54117532ae62c,f95794cb27840a137acb08cea377c95a59ef844c035c7389891d00d0da661ea5,3d84100826c9757596b440c8f4de3ce577c588ba551e1859d36399b69728a3b2
S2,126,ctp,180000,3000000,225.640754764816,d5b7495610fc1ef344cd97794d8d13e2191fb34ebb7fc1d5f653c661bb00ac08,1f7d32d0a5054061b0bd8da997e2ebd4864457cb5c45ec6e257aa63856fc1022,4baa6219a8cbb7bf6fb177691e6a6a0c05b6c7040e4b56e80639595f547cb294
S3,126,ctp,180000,3000000,4407.112316745104,2f9be64134e8e412f7952ba8c3e0c2e2dd05ff36d61c5e07e9432e536baed689,1c70ae85079518e8bd57d6876061361e4d61ea802f15ed255030ea13c9f3042a,230394c26ae6190f8c860d0eb7a06ba99ba9c8bf5da81b8f4f2e5b15dcb16c31
S4,126,ctp,180000,3000000,9104.665668340345,5517cf5b95d25ddbf89f6320d102d288332ac0c6409a764e1c5b5bad2cab3ec2,80369f03138a8697eee9c74332e0243efab37bb2a7ceeb7e03fe2d57de0f7199,987ca447bab1de81b3c5b38b83eb32fa721384de82e296509c2fb82e75f88187
S5,126,ctp,180000,3000000,11612.118933960084,d9782857b4dab133c963d50f26d30b1a0ec9787f76b690759b2286da0b39dc16,1378266d04e7966e154b9a30412acb6176e0026aa03f7de3cc48809efc0cf563,86ab2858f7fef8803fcde0d154175158ce4e5b2a79fd0d090fbe32df0f6c94e7
S6,126,ctp,180000,3000000,16718.90446416755,0b4dd4dafc9017ab94bd526cdcbe48d8299ff2eac134e23a9ea3480706fb01ea,abc7e5fe01c10f927fd7217ce39ed2ba13a3289af842f0cc8150e0742f753d2a,7dfe12fcbea2e8c67e9ce889fcbca285e60a5a3b269f5869755c33419907cc99
A1,127,aor,180000,3000000,77856.93516882263,cd7671d496ea416d835c9174a52b5ad763b5558c0b16e343d0b8e407c2c89ff8,3e5db036c24ce3bbdb187d4be14a11861c5d4e52597f68c70b69322872e37c56,bad02f3e96ef2892b2020008e12d7ec591d9b8a3b879625cefa253c0c40065a6
A2,127,aor,180000,3000000,78004.77556943193,f70a7d9e49cc03d583f7b63745ed4d4b4cf7de99e05010c72b5667f047094a69,c99067b6d1579da2a64e6c47395ea85de75e3baa8ca5de1db4df237ef9106eec,9199fd20d43b158b21db87442df075bdbf1a9575eac17faabee2f9095918dca2
A3,127,aor,180000,3000000,78108.83996191107,2c3feb16067e0acc36b68a8b16f298b04f6e4ea8e8882008bc367af9acbf740e,9a95759a88c3e7209fd5152a2fd913a188fb29fdc8ed9509d0a80b6bb49b95f9,325c604865385552ba64495e59ed3c84e0428073f198a0aea57b7aa484e9e96e
A4,127,aor,180000,3000000,78316.85797222091,b7beff6d751e89e5cd18f5c4f836b0de615b7fa8e515a6d285fb27ae5ed0fc0f,49038764d9125eac0e61a0a37ecc743119bfa38787b776b11335c24593578868,8fa4f9c0d03aa8487744a6b464f8315765ad7da860f03c86b63a6339d1e2ea9b
A5,127,aor,180000,3000000,78419.34115715438,8ab41a9a45e71cf414147bd2478f7d561d5fe0ed7125aa9dfaddfee69dfdd3a7,acab8bcf2f86e011705584c1b60c588dc995013376c73c8322ee455146e103c4,3ffedefc0be6a7a4ab53afa648c3f01085dff27f24034e0adb4e9a09e9986810
A6,127,aor,180000,3000000,77980.05804614212,6bafafdeae615077308e6cf30b4348f81a515036a8b29d8ba688b4f62955dd6c,dfa7a99391daa50f08613ff500cb167d2da6ca9260a98f49145c9f31de8ebd5f,7f8e30891a7a584005528d40351babb021fa4197f66208c1619a554ccce6c49c
E1,127,smp,180000,3000000,1117249.0550745423,942020257675fa6fd5bc172398eede28aeae09190540efc2b28b9f3e7958c10c,a49000b656f664855b4e94078224fc59440b015667dd3c8d01c65eb127416938,272f2a276d941455b4891bfa0b7884e7cde0d4aa807b6218ee600473b01632ee
E2,127,smp,180000,3000000,2800865.3521968536,31809d909aedc025c479a8d333e638d2bb3674bcfed99795a108e97856435be8,bde7bdc1ead24dcdaacad382d3f222af0cd024f221cd8f0630143b20199fa564,cc82aa451d73c5b9e1e76207f5dbe4e230bf487045cde5e4647d320ea6868983
E3,127,smp,180000,3000000,8045898.540990678,60da585bd82a9204f07f1dddcd7cbef5248f00737aff95c8290d3eea83b7f57c,e14bbe3d7cfdd27f6a3da1af5d796e150484df517cbd6d579dbe490e2eea61d5,0e524824256d18dcf592e5a89957f8aded6a6dff389775847c13638e081aa316
E4,127,smp,180000,3000000,11585892.68154982,8cd8e758b047148244fa4e5908302f9a61326ba0d17cfe79f27e03b0bad1af28,bd32b2fad3a5bf73bf9139a37023ee4e9611a25d639a2ff0fcc5d522159ff7aa,4e000cffdef8cf6bbd6130e6201f057563633f7a38812080430dc07beaf8fc11
E5,127,smp,180000,3000000,15030866.458545022,79d0ea48b3f5e7047b0e0e822921b6e508206153e4ce6a2fa884297c5ead943c,b9838ac892d27ac9b2e1404f4adc3891c92908c69d1833dc62f6dc2588664afd,5a36b3fd95fadb4fb1176457cd30d698f4159fcd33a2b26b31325efaeb7f1378
E6,127,smp,180000,3000000,17497139.460681688,634441ca7535bd7687d7bdf1128d523abb1edfe506344ffd51e7330b0ab9b61f,2751cf0f034c3aa5e38e45d39b94827d8840b1a6ca544933380afd21291667f4,1fc6f5747e3af5747821021aaf159561bfa61df29d8954bca1f8343636795c46
R1,127,gcb,180000,3000000,139414.98906355584,34c933d10ce5b60245446894c87589d77967cfc1048dc2e505932db9532c46df,1871d3cbbce28ee743b06998c43a716800d8ad31dbbcd88f335d687f13f3c1ff,f993bed8172e25e753cfb0627f09c1e47807e8c06682ad4d85c992c5a5b91358
R2,127,gcb,180000,3000000,254265.2930355692,68f8fa586064b7d0aa2b4d6c9b5489fa6ff6edb19860c8eacdadf5524b552d88,1af5adb4c4da58c2a654af634b04ad5841915c182ad1efbbf2ab9254f48793ce,bb1747ed7e206ab1f2761ec54979b5d45d3f9d0a31da8f8d1ddb05bfda32c823
R3,127,gcb,180000,3000000,299651.21430808294,79e79d7d80ecba195b089f523cb5da0d9671c2ef6ac0b3a98005a71876993f04,d70a239f40ebf28ea0a75ef45737b66250c33cd0888c815b19f1672f96fb8e5b,f1c0723953a5d31b6df8fa975009fa1bb9f3eebf6885b57a82b3316233b41253
R4,127,gcb,180000,3000000,301746.59931317996,08a2229a855d63b085a13ee9f81a673d6955ce709e227dd8f1433fb39429892a,5cbb1c078a5322646ae2cfb90583ddfd1ffa437941f7c2468529f70eca81bc32,9d1c463a09f5529c69735450afcd136675ed09b519b9535e13a3633d9e3b2836
R5,127,gcb,180000,3000000,361027.6532236795,66f938eec52112cc2e43494b4db9b4b11d1eb7bcd292dd28db87ef493af112e4,438ac16c39ef521dc863fa7e0c20d96ca97746780c7873e96f380d3471e62706,0b2640e18fd051c203be29eed244ca57df83d7528bd8439d334fdda1ffbbb65d
R6,127,gcb,180000,3000000,401961.8475242404,8c1a3ca4a70bf2f5fad072640de8bec0a59a3ae125684de240dcaa20859cf20f,42d9bb48a7b3ee44c4b735e3f6999f7acec9c532d78b0de475d7dec6f5b434ed,c578eb69b06bb399915b5e5fbba8de3d0893fa82131bb961a86ada91c3b409fd
S1,127,ctp,180000,3000000,54.07798554348101,c56c288786cb4e313e02b2b748185502b870e5c44f55aeb12e60db45a5b8a2f7,d9d9c078f61acb6deb1a6fe6fc1e3f5f7f7e2c3b2c806e9b9dab7b476b86d7a0,6cf5e57f6f7c497052faf564a727350606ca4ac3a64d50cb7deff2eb8f7b5daa
S2,127,ctp,180000,3000000,734.9173395865662,a8cc286bce14a70585d6ba164090efa274c9220fb528a96d0211b0985c892d2b,ebd2dcddfa7d475297987bd31760cde033b99a8ea0c073e7715e5a43aa62f52d,1fe648d06568751a44312158df358c900c04490dc1bf412a973c84ec658f4146
S3,127,ctp,180000,3000000,3647.5830959342306,d9e025a60420bd9a3295b54666ef9f142294e216ada56202fad7057efec30848,d6e75a3d4f6ed92e20d9b19239b26d7262968ef31cbec218eab73ee428aaedf8,ab1686f1edfa5dde98fcfec2f9ee9d711f71d67a72fa655330c5eafb6319b715
S4,127,ctp,180000,3000000,7590.5996101346955,ca464c16e014f2cedbaa3f485633e7e6139307770a97b0fbabaf23dc3e2d8d9b,e2f3f4a0d744c4ab71bbfd790718296aa0ec454303d0851a20ce763049334968,b53c8ed40e13abc7c1de03090cdb7a658a2a42b0ebd4bf2512c54dae5542334b
S5,127,ctp,180000,3000000,15384.052618343048,20b5d0f1f9358446df90b7ad3a36488d4e45093acd9e4499ae2fae198b7f67cb,28ca7d5e71471b5e5918484038cf3779154b4f352bcdbe54a120297e11abdf69,3a46f5e88b0b3bd15048b04c10affcf48033a5467a4764da1562afbfb9356eb4
S6,127,ctp,180000,3000000,56623.10505752854,a6523d42159ab7d6d68943079ca5ab3809ee59a573b6441d17b82f6aa1b0265a,9f27580329b344dfd68298c2b68190ca328b13161f6a3d21c9a757c313b82400,38b5196da7e6cc6b310b24cf5bc2e715d83b11cb8d6e6ac80a66ad3bd2638a9b
A1,128,aor,180000,3000000,78241.75165612479,c8e6e027d0e2717d7ec92ece92477d9539decbe9c7ce88d7eaf954ea46475d38,e0c50fff07b397a26547afb69b6e1e04cc9569e843ea3e6d6ad03c3c71702239,d321db8e22773600711fa24680a01bf39e48cff2544ac892cb385eb5ed481f1a
A2,128,aor,180000,3000000,77910.2065020439,70b29eeb1b3a0b5ba82ce5265440bcbe603470c894c100772223d243089a0d3c,19e702988424702690154969fcf8d1367df67002fb702ce858e989b7ccf363f7,f824d744b4181bd80afe002068ed3d7e7d5fbca4b22fcc4fd9eb9ec2328cd48a
A3,128,aor,180000,3000000,77966.27778423479,57e00856f97fbbd086938eab5bb1567ee434d977f1b2a40658705c7acb52fe70,a2d7578afae05ac4c3e9fcec4de171f5170296c7612262016803fa08997199d9,ca1621cd6941dcc532007021338ce5d93a2f1e196ebaf57043ab8a98c1839e19
A4,128,aor,180000,3000000,78028.84475126259,7974fdf64f583680bdac82923b838673647bee9e079a64b07d7f5ffcb6e93161,4ba49a57e129549d20989a60834e34903f1f43cf0b3535edfcbaa4f09f316ce5,01181f3cc69896ecd32dedfafa1aacc63b385890b564da339d0e26de1fc2f64c
A5,128,aor,180000,3000000,78339.04026267795,62834d531fbb3979a60e2997b9313f899034141c6adb23f7a0513bdf2441db7a,c5d678dae3233da29cd85f1502325d425f68d8cbc89f7b898a48a89ffcda3457,b75437241fb6768b0d244ccd656836f886b381d15ae9f94fd15764f1194084a7
A6,128,aor,180000,3000000,77966.36796317526,fd705f48ee16166fbc332dbc9776e4c3e2c9aa3fbe6e9fb6dfb447ef3bd192e4,88c737bf1b2eaff40fa85ff20053a52de9a5261da4ce4c46f2c8f62001a6a714,bb09cd93289cef6d6228a50a9fd829585fd15f2a9001276a17cc68948ef9f5e2
E1,128,smp,180000,3000000,4666395.70708856,3f27498a756bcd97b610a1bc90af1cc65f9f017085c541f326d72224f9292855,8a88ec8343f288d6c99db5d52fb4fa6b6a69ac8e54483970aea788c8f51c4b51,49f6f033cfcc1f34e4f840712f1e50354ba3a575a86c5b3306d06eac68c7229d
E2,128,smp,180000,3000000,4771390.137316064,64b0eb3fca96982c49d04977d5b884df0865140c8fe4840ced63eefbd7013457,4a3149be5c5e963e51e99a89ebf73c35c4ef87a9bef0e2901b3bfd20cd27ba18,bbd9711c2971ff82100ac24d691d40e27addcfd7af3484acd9d2f9118652428c
E3,128,smp,180000,3000000,5353882.151306638,697f65f651af6d97957b0f7d28efc79341758cc9cfef7cca3f82d198d78ff254,d5e78acc6f9ba60cdea26f4e6425019b1dc8ab20876ab723c198c4075f3d1d42,479518449f961312a807aa1592f33c9ece76958a7f4c1700aa904b759e739a15
E4,128,smp,180000,3000000,8961721.529507305,182ec7bf3b5ad4c58aecea2113f6e01db2bf35681d7227683ee1ece3fe3b6560,547725c2eed6b6f8268be69b51292976aa3d09dc29cfac0ec2facc51037eb251,a33667b9aeb96b953106c364aaca0ac08d86408e5f58af08b8ffcb25608b3b40
E5,128,smp,180000,3000000,9770049.925254792,570deb077f3f7fba67d20d55b7a233535fd8688a0d0162223453389da6e8161e,d1ac73cbd6bc82d5f13318e979bef9177183afd78da39b381637dac6430abe8d,d8dd5c7996ebbf5b8a6bbd9213321d5647c6c88088153ba24efcf40f205e57fc
E6,128,smp,180000,3000000,17346699.186909813,14d5638e5752780a5dd0ba9f82a86410cf9a803e91a239efca40ed0bbd22611f,383b1c2323ba2897aa40faa5789155f57d32ef118b8811a3d9bd2a3f0818df96,80d3f2c6cccdae30dd66cde8718da5a7f53d1f10e871b261563634457553744e
R1,128,gcb,180000,3000000,193791.23157655445,91ba09a9050e6920e29a9541ae22077958a361558ed12805661456adfd3e04e8,f8b1e8ec8262fa7920b3d55f517c890b8eca6e53b3617880b2aa666fafb145d3,58af3ead402ffc693e8d426ad5a02c492dab7154617a69f26856059b22199c5e
R2,128,gcb,180000,3000000,225300.7178338551,645321041d8cfe9594b171161651a68da935083ab29fddee9b06de7e4309e9db,df66c9a7c4e233d6978ed52cc06c53e525852d358255fed4b1ccca0c96e38eb2,d38ef15dd86f1f9ba6b150c827fa0b362e730972ec0eade707b71b9790a8eef0
R3,128,gcb,180000,3000000,283960.22136903566,78ff79f36158fbbceb3ddc39596b1a5a6fe885041a725e690f7b832c64eff997,e2ea993c835fedc0e2f0d245971c7d7351db53e96f9ca4e49204a72196f30d44,d3dd1b25da39470e23e8772c04772acccf2ab2fabc2ea9ec317787d0931a3c52
R4,128,gcb,180000,3000000,221061.3974221728,0b06577fb00b5ef773b506a06db9a4a73a299160afd81acacdc4de3f071d0112,9de6b753aa3492f0c6c3811a84483b06fe4edfefcc71beaf9341e3ada18d8fcf,2b75a3cc45c3b794a4deeddc01dd733e204217e53e38110bd3e11f0fc4fe9c59
R5,128,gcb,180000,3000000,412355.1870834772,c4b0d195f9dda837d2f0cb62c4a8325a813760d32a1892a3258486798953dd1d,5a97d29edc2bcd0abde3863469e8ef2cb97ccc66658497107faf4acd9a96d945,daf6df145a86d395ad9f479d3dca46e7bbe68b2a2c5a987dd1b311ef2480414c
R6,128,gcb,180000,3000000,309454.92727066827,dfb31772d6914ee6ef4e7395e0fea5154808e7259dd49077b76b344177fb175d,75526ba5cd6843a0f1141ff171eb28c5536c99a47fdff79482a5d372e8bf4f2e,ab04ea106e75cb16c110eae61f24391baebc683ed39422d32b85587f5504bdf1
S1,128,ctp,180000,3000000,20.297289162242787,cd7c24cac3a5a5dbb8ed88d3036bd33a28bd13ac8ad4469e3ba39c67df1394a3,f51f98e66e8bd3b9bf3b8ebed9519c7f9be0a04da22306161f320ea53f9c9e96,596f98701dffc4055786aa57b67d896768c15a4042d6e81eaced239f4da8ffb4
S2,128,ctp,180000,3000000,1174.7344397673915,78a8258d835706040c5b6d075e5d3e2208879090a38105ad67b0f71937c32395,267762e71bfa751a5caa3b23c7065eb81495732c953b79821e12fb2677a60a9a,63153fe9c72e533de6240952c58cbbe40fa100d460279990843af3346b5248ee
S3,128,ctp,180000,3000000,7639.633157604584,f176a9b12736e4006bd779ba1a5131848d0179933f2cbaceaa12418037c12c48,004fd975aea5dae9071ca2c1ad247df2b7501ec2cb4a465634672da657d11884,0197418a83b1a5fe1b3d8b34766cec2a168e3ff45274228ad1c84e70359e6af1
S4,128,ctp,180000,3000000,16975.567035006035,376324548099ec42b49c543402d7156d426ec2fc540aeff24bb7cdb6b58f28c5,038f6a5ce1f0a4a734308e05d0a3e769f575c9e986b930fc3e94d097c5c3ed66,4eece2d4239897af8b58f9824d88ed8f80ccf51c1f17471c7f0be371e2ce0ac0
S5,128,ctp,180000,3000000,39736.725196960215,4951ccfcb49ee8f3092a5bea7fb001bf0beff08404388af08e0747d491e6ceb3,31365a923ee0b72625aa29e3d5451a43defae7b3ec1c71981228db9febf9516c,38e20c4a13698090cfa13ba6343feebe0ebb18cfa8792e12ff45ebae4e2428c7
S6,128,ctp,180000,3000000,25248.52569787309,e526b23c65dd8b69c1250f93de4baf37abd5a630fc444604e7d755fd9bffee45,6897e285387b8c83c8d831396b40c09bdd4ac43541dac307b1cab25ee23eadea,3ee2899c029d749f4826442170be402475ef3a1826e0bcf817a2b6ae7a8811a5
A1,129,aor,180000,3000000,77981.3348129062,ed7e2eac9fb269408ed7b5e3333865f76b02a8e7f0e5cfde63adb53aa4a42420,867b704f93b2d51f05e5fc05b787e0433c19b7d39878203dace35dc76b961078,b6fce6f5f5d50da1ce35a5fd5206c1432c215ee770aad740ffede6eef6c8dc43
A2,129,aor,180000,3000000,77976.8472195297,4d376b5b451f48b1f7e315f8e989992384e10149eb0a262bcc9fa71bb28e7702,64af23ae9cbc486f3a7ee0c8671168a7b8b30d59de07b192f4776e20f6b18bf8,20d89982ffc415e5bb9570b4bb3a70e66650fd52c665901f8acf3e8f73e99d18
A3,129,aor,180000,3000000,78165.93566513357,85d2d4c27d1c0cfd4225b407b90c1b4a068b89a214f2dd260aa7140d47af9f0b,495642da6410ee169f69e3d5492d7eb4b41e9688fbd216af16e5a85686b32e45,8ae49028e0d7058e7f233c636ffa80a2044bef83375ad1d3843bf1c33af0ec63
A4,129,aor,180000,3000000,78050.10741886718,4584062b7e278ada1d28d034d6a2dcbf08ef52a63126436c5eac4c1f5cd8a7ac,ef9bcca93e14f805ddde7aec800abcc8fabe489841b9f59c2fbe6d6e1ada80ee,913d13e9ac9bc687b046df2eed41b0fe1a00d87b987b306aeddfbfa2233a1fd2
A5,129,aor,180000,3000000,78310.95287441536,3068c76908545bf10df5be3cc73c01c2f6b2b2ec6cc5cb61d5f8bb10657b17cc,5952a655e3e0cdcd1b637c68e41779b352f52a3be831838bc09f465ea64aa1fe,71f3ee33ab86b2130237906055503ca3ace362fe2eacc3a9b6f1a7bb0dc1c99a
A6,129,aor,180000,3000000,78088.19165237645,992a3af988b3ca2ac82b6f81890d8e47e994bc4dbcab3fbd12babf210b4e1765,2b01bbd01e23a41e9c0898fe966a28f77f62f1233fa9edaeca27fb8624dcbb11,8f0f590eb644617ddb552e8721308b281b7fc27c08aa3a80ce02c7872ab2f120
E1,129,smp,180000,3000000,2832333.9701259397,eb41644502e2c1c5943ab6ed10fa27704f7d046887d0921ffdb8a02dbcdc599b,8819182ca846262bdbdb5adae3771d6ec8e5cfd4a338f1a541f2100fc476d2b5,6ebb705a12f42dbeb494d96962134af054850fadd3685383feb27762684eb6cb
E2,129,smp,180000,3000000,5965451.4063436305,f3520195d169fbd6167e3e50f3f1bae38997c3bcd61b3e844aa7cc54f675eac4,05dc7e6946a34e807684f345f058e9fc5db8a7521c2c2c7ead4f6abf408cb12f,a2330bf3fa73162b559d37d3f68b6e3f15d413b1514aedda8f30a90576cdf26e
E3,129,smp,180000,3000000,4345895.643345153,ed9b23640365e40d8aa3a99f1e2fac9c7f6015ae3b0898829395920ec592a9d0,a1b2db1bdc7c57295175b75f98b4c493eec1d4d67dbbf8627c8e851c40ed074c,d655627ae5db7e3ffcbb65210f5725051ca3ed3e705ed79f98f5a5caabea0c85
E4,129,smp,180000,3000000,8531306.859296253,8a517b2571f8d30e8b2a75c47c9d3439f24d0acb088d38f3db26f2af90ecfb6a,6025ae1519bb560d1272eb34738df2d19e0e17078568684193adb62071cd8c0d,8f845709173e44dfd2c592a122f3adc58fa76124b1aecf5d7275030184908241
E5,129,smp,180000,3000000,10311584.683391439,a6525d88d72a625b5668d1ccb2f3f7ad46a2f1e9490af74a7bc85036072a9ac9,73deccf8fa0d8282f4483b5cbb2fdbc36ce87b6eaa37394cce5abdee8b8c3c6d,3a471f63980672aa682935fb7f9e93b66a59af134ad791df8b893f57c4abc1b9
E6,129,smp,180000,3000000,12263316.170627663,913b829661e40d92d684ffd9b8fa41f55d74b658520b0480dafb58cf432dd97e,0ef68319b2e1c171f91b4f00ef5c8ffc9c3b1bc8262fd5475abe87c80dc47145,dc7a0104969ba2b1c5dd95d7989a0009ec9c1e1d035273c10452ee451cf639bf
R1,129,gcb,180000,3000000,192314.98031377795,a2d13a45534333912003dfe695da8522673c77cd2c29e6f42cffa60f055be261,1011bec10528a3a80faa5f051c42486dc812bbdbf59e923dcb22809a6064043f,a5b08ef07d9b61d2a067f76fa6a73fd6b0923fdd42b473bcdb822f7ede672192
R2,129,gcb,180000,3000000,246731.0877352651,e1fd37cb39887dc3d699e58f5e9621e48fd478433bf30dab1f6a55991ad42372,065b68c32c156489e7eab89a8fb6d5e195101916f2ae27cfa85da4876c02ee37,0855cb71a62ed3dcc4a411b908eb2c05d2a3e00e3d31886428c51ca058a8a1d4
R3,129,gcb,180000,3000000,272578.89888425,6501cc66022c353c7ecad8807ff5f372dd666a61455451426f2b37b6932c5729,5246e8ec78a00457f68256f3410d41bbb6416eb8459f0f658383622ffda55da8,319dde9d5063a81c6591d3e0baeda0d7342e90ebc2812d263d2652e0fd98a02a
R4,129,gcb,180000,3000000,294230.3447968436,b272a243e6f8c91196515bbd2d3dd3e43d26ee68303b9656c88e1f38d16d3220,961bdd6407fda024eca3b4e3bada99a4c608b18d567d547dad28f85b05d2da57,568ddd4288bc9b279083b6fb539d5952fc9c2dc66e8197acf11f5536e44d59e9
R5,129,gcb,180000,3000000,314314.52126316377,d451c6ccd710942c91c7a28a9ffcfd95eb23861c817601c451fc654dc947b337,b5f0178145e493144395e7fb88ce8b1219a73201c0adfbdd216c9b8200c20119,11bc2c0fb3c271e0b462b23f7e6639d9e51bf7d4971d5d33259cb0f7f9fdb59c
R6,129,gcb,180000,3000000,334076.7795848883,ea3cdccc5dfd2e9928a66a04dd180d2c141aa7b14dce4cb6aa3051c9b29a3a9d,6a5f4d161c52d9f94074600b34c45175dc65b47faa494ed5edcdd1993ea5249a,1fb40ad5187b761b4eb4e30fa69a9fa210b0b9b74bbcf7738d41f3baf7c2f774
S1,129,ctp,180000,3000000,1.4728362819036974e-05,fe8e53e65e836262527a50d05a32f3fa3c111beadbebc72abf79d7b26857faf8,2ca964a3f69f6e339771d1b1f5ddd3627cd54fb08de738ab850cdf0d27334dfd,b8cd7a4d1b7e885dd97a3d4190eec36ecdff0b87d084cd453455b7bc87882083
S2,129,ctp,180000,3000000,274.4043885764193,282dccd2c5698b859c579d91b754584fa02fd69fe10dcf66f57adcee13363b64,e71cd30d11b4459b8b02eea5e1bdfb86a295242fc4b96d90be91139cbced1a1e,e99b1f2d2d59c49c4ad832a334f01e24a3992f2fbea178ef71db586ad2277a3c
S3,129,ctp,180000,3000000,4168.21659614844,3d16b11a3f538cebb87be1a198e37f9d60ca2aeba3bb447cc58830da06ede17d,34938bf21e4eed2409c17622a37aa7ecfa81ef27e261b88e1e37a68f5796cded,9776923961ba126810acc8f92a680264734da2507a9357cf2468529261746267
S4,129,ctp,180000,3000000,8435.418835968585,921a93796ab34518f0252a8b09bd880039a5411628972859cd6ace37e9e66daa,4d83ed303d51cebc24b244cbea208245e88007866772d9040ba21e477f7320a3,2fe955b5988a9f8e35e7bbf3621ed51a5a4afcaa3eca4016ac273d6d8f317975
S5,129,ctp,180000,3000000,22842.815801351964,cd537e6faab4e6ed86e845fcdb92b4b7de21a17a2ad81cd4f1cfea666a0f4bea,73f66fed44997619a93bf6ebf7491c9ed1917a9666dae34ffa1bc7d55b0667ed,03e522e7b8b922c6978b010398d1fbaf1d878db1944c317adee8113532106356
S6,129,ctp,180000,3000000,36775.59626207823,6541ccf94ae6ac88ec33e9ce9f807e23c039dfb1045396ec1fd8eb6d72eb82bb,079e4b14f4688437b0ecaede3437491e1bb8832ac3d6fee801dcd1d1033033d1,f295b8895cf6d027e2071963447e773f908d0ab1d516c5d0a0584a7faad2df2a
A1,130,aor,180000,3000000,78018.68193517892,e575d510c794411537a859e328b4d1b7738f6a0f55c42dccf5353d6625714b28,99ae7ed8cc581a8f40107ffccfec0fcb81a5077bc7bf4d5034a31fbdfa851dbc,dfe6bd9f626c03a6bed0415359e91067bc6e749ed598446fbd3f5dbfac4fc000
A2,130,aor,180000,3000000,77908.86834202618,150b95b80c23ca87896f173d68fcf1bfd7685d659d776407c70c1a1baf460df1,59ef8b4a45c284a73cd397de3a6dcf0f68f04d159b7da8b58ffbd4716b6d3792,b8e1be7e7abaeec7402cab20139d576e638100f6f3faf209664fc87e77142f9d
A3,130,aor,180000,3000000,78087.8946068721,4b936b4a6e7bcacf6815aaf633dc9890af44f16a78a5a9f824fe5f638ba0a08f,e92ef9de845fab3dcdc0f2e2253fd0888ce178f96a6ab8543e1f24dc259df240,610190b94c6898641f8aebb1a693f8eeec9ef140d7152dbc3b95fd62db62ce6d
A4,130,aor,180000,3000000,78255.83044845377,9c9bc75288bb7d0d61f51b642e675a5a2351ac98ca4d27d931daedd6548f104c,153ff1dded109f79e9500fd132a5020524ac264079f818a3e511bf6de2403fd1,0ec42b1f6f0456f9d7a2e96b3ef6fc1ea75cc69d8f9a06e3777319d07e646c43
A5,130,aor,180000,3000000,78323.25372599589,9379a875995094cd26c5ad9ca4a46e257763a593704330612434902608f79f4b,e00fd84a3b59c88a4d7b0ab7cde5ce13dff012c109b2e6e9abd6704cc7aee5a4,0a07b917a6a2db41ffb59c33148f10e96fc38906a00d37d8e57fc343c36eeea6
A6,130,aor,180000,3000000,78269.41420396822,00047e2d04e7f5afc72e30b56d8686c375187bb392df4557e299513afbeed581,83dbb7a0cb5d8c94c35c3b03499399cb70102bc0368992cda747d8153dbbb3a1,37c126c92f36ca4cf5760da22161cb0509f3d6e722d5ca971429efd0bbbce8b8
E1,130,smp,180000,3000000,16731100.85603983,7e4ad9df38bd2e61c83d18618a914032a00415166a67a1bd4afdb8f533437804,72ce9b33b463d9b17c8044d1d9a741d2f68f5c56914f72691aac704db0636f23,6b6d92c09a1e967caed3dee1e38df94cef68eb8d5d83d0b3647386b83ed612af
E2,130,smp,180000,3000000,3582534.5969852027,70509df9fb05f668cb78dab8ce3ad549d8b8128c94a97d90278c1e7ffcca285d,2696058345e6d467c6f2b0e14a30acdff46bc03b609b3199106e2873b2cb6b28,63bc4a8cd5003002019e835750c6e7e333386c9edb9bd339f5ac160925066c86
E3,130,smp,180000,3000000,6658428.9676148,d3b8ef6acbeccdad481819170b542a6dedb52b4bc2f53b5f469f9d3c46731e1a,b97088d63b77c22968b5d3c65403132cd4304d86762285a6887114c43917cdab,287e9cbc8dc0913e1e5c09770e82227c006b9f134fabe6489845047d85f67835
E4,130,smp,180000,3000000,8387132.6399082085,661666b1677c93d05e1e2b43e06cfdd92cf1462b66b3f6920754976cde546afb,4b97da6fd5595275269d82d94e1d0cb1896096ade511979da3e2c4c98c5bdd60,42734ea296fe324c0e9d4028620fdee213b926db9b5727aeae5e0b9508fd0fae
E5,130,smp,180000,3000000,10745861.738848038,a55dfc4dbb45d9e30b9e98314a48fe719ebdf3a9556b6f78670750f80eeb86ef,c9398be481b3a5d00670d0c8834bfaffe3d022dfa3adc0dbc4eb7dd1326f63c4,357964164a306fbfc87a4a97a1f35ab759aa404f4fec1e18a86b82369fd214a0
E6,130,smp,180000,3000000,15106188.6017854,c38480c98fb22aa1d9e47b2b3662d75ec4b712c68c5f9080911bdc17d43f32a5,4578236dd2604b56ee3ce183d1dcc06e02a11e8865f6637e5a52e491e61f3f9d,9b2174383b9d0f2f676ab128438bc9ea4cc0a370943d5d4ba9177455e0ffdab2
R1,130,gcb,180000,3000000,161839.6087883716,45f1b2c43b297cf6f48154e7b6e6abe225d9f29d6f1a4c95817e00d9f8407bd8,f4f3ba1bdfb692e0709a040edaf15dbbb0a2113e0570d49153fed9d2636717b5,a679ea4c9b7f952d0abf6c2045b39da9ef6ac9c45f00e6e51a47a09e29505c86
R2,130,gcb,180000,3000000,200925.59029046714,60402f210466654868ba421652f5a4520b40d3ffecb33aabdbe73fdcb03fc0c5,ea5ee3b8fedeb9c6ff8abac2759dab0848a26376e6a7885c2d6ea26880b88311,19376bbd74df936a1d310ea348f771292546b22b2273bbf738775b47f44f9720
R3,130,gcb,180000,3000000,251304.3971416728,3734e9517a3f13a3217f77259737011066a7b969ed1a0e2d407cb13ee49462c2,aef0b2dd4b163f663e7f966587916bd14a6616c0b9e1e289e02e2f500e589f11,1baaf71cda1891420198a3efcdf29adaf53d936b2b34d7902e41d7186ea50192
R4,130,gcb,180000,3000000,311168.1407175938,fa12b2617c5b91474b28821be996e4e47781900a5f36ed328fe479ff2fa9455d,e055d3222af645d7ce9c2376b2d6c0a416d232a7b04823985a546a9f948911c3,c95db188445a9a4c283f397ed3ede7d471ad1f3f37d89486507ec6824d281a1e
R5,130,gcb,180000,3000000,322163.91155098367,7b8a8a755242a9df1fe7cdd89eb9d2378263d68b1b06912212a425f7ff51a5c4,62c968fe7577a87357eb6f096dcfa20633ae75c5885a4da1fd9f6ec538cb6c99,8efd6e91939612e243265a795fbbbba7a70f4d010a8d1b2f0e96b4f54da82cd9
R6,130,gcb,180000,3000000,332242.31008739123,89818abb37ffb0c0fcd108e3de39c029af00a22b7db0a1d261fdbff51b67bc31,fa32cc039d5c0cc1e37a950317ff912ea2786e218926308c06cf0c0cf9091732,ad6dd0c05f62c7113eaee06c4d432b1837446b19d7389979ee2c8b83f46e08a0
S1,130,ctp,180000,3000000,3.616108293878096e-07,fc512a998ffabc6491801904f1b696d960e727e757e4e1bb04a19698a07fe112,dd80fb0394684f0e81ad4adf3defbf643f19a2697b6d1390260195988080fdf1,ffe2327d45447ac5044c23deb57e563236a912cda3b3206636eef1699c6ebbff
S2,130,ctp,180000,3000000,296.29955208661147,64ac9e986c9af9d2a47e6ee274f434cf7e39d2ddbcc60b8ca47e3c7d80166786,bdb4597255fc9a104249c055eff9c1f036591ef8b86414ad2fb9cb46404b2c3f,608d4db78c39fae8e5978cf10cc65145f8d1841bb8beb42b06744ce20b192a76
S3,130,ctp,180000,3000000,2994.5001636805946,1069dcca2a1ce64a6202a98e045970cf07c41b2b3fe976ffa6f73df97f20c884,530ee0547742b89ebf1da42864bce33f0489fa5532d88c2d7ae84d5be44bc5c5,86f5bfb555132b5964a2f411b449c3d5865d75b9d006ee6aa5be8c8a17a9bdc2
S4,130,ctp,180000,3000000,8844.619580890967,fed379655b4769b656b20865d0db5e708f70c976effa8764c7e615aca385c9e1,02a2451234f954e6e4405eae7c922e6af7194e990e43ec3cf38551d6cf1d6904,5f9063eb8a57ce8574c5794bdc36475929beeea210aace35384f159e17ac09e0
S5,130,ctp,180000,3000000,49769.357004339916,f99b0cbd5d7a08a9781ddadf8b10f52c7e187c723dfff4ad730cf52c1957a029,761525cb374758a9d4e9cb240fdecb1a8b987fab6d05c5a64f8cbcb24111f976,a518915d9cfd91825bc9b330d7820f28c45306f5f8b47c917355f9cb2b43c692
S6,130,ctp,180000,3000000,29558.71289210205,f2c1f1c20a8dfde9c79130fb850eea36849da94b4213649e126ddc2bc508885a,5b666a5dc2ee433d9ece935fc301b6728a95ab15e8303ffd583d91f4501b7be4,08a598a4c8a736eab41be89f5009c4130bd5e8d784ab35e2546ff121b13006cc
A1,131,aor,180000,3000000,77871.43267332374,cd1f5eadfa1a04ce87212b20a365be637f782d9404e828d22f43f89d0f87a123,a67b5459af3a40ad2b8fc07b8773f4202a6c6f8db0a3d5d8649ecfbf54d97e4d,b32fb546db423fa3e6cfc75e34919559e749db99f44b8e88e00cbee6df70a68c
A2,131,aor,180000,3000000,77949.15373907264,5388b2bedb68099c214e005b1982e7bbc3b43099c84a0bb136757e09fcf6f378,b4585f91dc9aaad520ea17ceb75e46161c6fa2ec14876bdaafe5b0a0ad64e0f6,c5d9532f75a990a213954df07608cec00512887acf6d01d1ddbd27d53f884671
A3,131,aor,180000,3000000,78101.28690804259,f788a140e7ea2840b4190eedede6ac9c952c951a6c3d677a986153b9a3b1f900,f2188ff782a74687676af633fdaa084e51a044b46cd6c8e68e6b870946246a41,83dfdf0df854811179ed03a8fcf1d01760680875c69b1bfe8dcb612ad53c7fe7
A4,131,aor,180000,3000000,78263.02888535077,4fb3c27804ac3876780008937521ce39b36fc1a3ac4afc2c28ccf3c28f2b3dfd,2be0ff2459cdc47f4996f3ce2c999e38516d22e11bb1eabd39441f20797e2b77,25a54ff9407f07a69b35a475338e8158a29f10a13288dc1b0023603e568db2d1
A5,131,aor,180000,3000000,78431.56679503873,b79b9a22da182fb24a2e5f12db738d03bc46eb038c4cbe3307d8b129fe7f85c5,0f9b5b73c4f5670a7b4d3fbaee3d2d72ff780a9c6080ad0a238589f6f8c5fc73,79545abb0ee3e03c096d6a2797155403262f588582bb2e704c483b3a615e9b56
A6,131,aor,180000,3000000,78042.33608337467,ed2b0f4042d21efdad37221c99e9b1fe9e9501e9941df49ae4dace6bab5d4019,21cd85840ac4207f3fec6af9148904e72d3307a468b35d86698238d6d0bad103,ff723551a8e7ccdeb37c61ef3cf10c2d67e9f9b225cda90ab7c119aeb26040bf
E1,131,smp,180000,3000000,266818.33081643144,0e44f27538797a3070be4f2bc9030fae9d80e3044ac1ebd40cbd7841ffed31ec,04dabd4ff3ddc17cb7f1f87a1a2aa7e715ea112043c0799c117b806666955c08,8f55e0bb0628b8a7a754f59eca849342bfd9127c508a92caff9ec4db39b06d9f
E2,131,smp,180000,3000000,5261629.599632319,988c4b8786ce1dec0bb8db58ea6f9a6c6f45b923d7a285158db276d31d813911,209147159a5c66876d7c327532bae1b56801ec02a53441a837f224b470658eff,885a6eaca3e2566f3fe182ea1606777a59c0688bc88ab054803a5008050a054c
E3,131,smp,180000,3000000,5322459.395248672,578de319bb2de6a4de28a18430f1c9f23aee6523a518f0862b8330b1fb01a581,c77463cd23f7c5d1ecfb1ae40ef65a5c9287c419a62be2a0ba298b4cf8a33d42,18d0c09408017b8bf522ad723c29cb56fb18ac7fde8759382e580c334fd6a594
E4,131,smp,180000,3000000,6642643.533041905,f0238b1474d752678eee86c0ebc13ee9cdfa72bf4d348af57d575f14c03960af,2c4761cfc593882d119a7eb17c6a30de9599af9f3c53fcce50fb7d8897591286,f6487768145590622a0c76073a322e430d056c78d77291f3d3197c5d3b5f1e1f
E5,131,smp,180000,3000000,9689840.724730557,f87a9a43281e620ad9fa6b7efa143480a5f1a993edd656bd07ea52d6cf62345c,893b57f8223bc5a31c22c48432367bbe7024d94f448c76406341900a32b39053,2e3f03d2533549c069f6cbcc573b8f850281b6a69874cf60c2bd8cefccc68074
E6,131,smp,180000,3000000,14225009.520169556,ccd882be3b5b3eec26a3297d998dbd7b6ba4532a6a04739cf100d30f9807992e,cce558e68925d0d238f077d45bf13652e37cd38e85f5a97bd4f94276d59f4e62,87183da8a97d6349de5efb6c28289e5d082710fdb44262c7373125fb0514976b
R1,131,gcb,180000,3000000,142934.8563314016,99b2e069a4dcf3ca6f5011306bcb7dee1c5b2f39419e286570f2ddb03a54a679,b19ede0ba391925c698d0e134da264625a4a6d2d67789ebda93e2d8c56f9d7f7,a0f0e35838788601a86ca6f6e1af19228fc63a4bb319f4acc5c538ff1a38037e
R2,131,gcb,180000,3000000,262103.3240241191,da5e6efadc11465b143546157e1dfae08503623c66ab711844ff80b62f56c1dd,b8ea09ad10ba0d886b8abfb0cc6b6c1e045676ceab61b0085a764af9f1acabdf,3f6193363fe0b814c6a8e3c425f7464deab6952a7a58fd216bb78b3311b03b25
R3,131,gcb,180000,3000000,364746.6514026558,df0af487b45558f1ee0ab4d776f11281a49f595f15bf5c7cb638cf791022bf7d,8ca40b4ac8a31d82d332ccaae6df2e5dfbb8f04f77e880edc68bdb8f83beccb9,1d94730a1843c0e531515a47ae9199ba2953a2f4aa7f56eeefc3fc6b4b694512
R4,131,gcb,180000,3000000,352255.9584820312,75134e2a16361caf6b51f8ebad0347e5d21555dcc901331c4c9838a4fa285c10,cdb6a2ed9f834aed2fe1b745610c08783c07fc8e59487fba92e954bc118d8faa,cf61eae6cf5e159408debf48f8dca91a271006b0bf2e45e3fc9d6cf6c7e9b840
R5,131,gcb,180000,3000000,334050.650906759,ad629251e9ccb3538ee770791a00cda4f6c8129e8950823f44724ba0a333f4bf,f83a89f8e01a09aaf4dee78214d36f2152c50506c20a1e0e88f68785514d1904,5c259fbeb1956298e037606ff25eba5f0b9ba7c1956c04a3dedd32a773013b79
R6,131,gcb,180000,3000000,450605.8086505517,78059ecf55e9b96da3096bdaa73b746f0836dca5670939d23bc3a241b8a49a7f,8bde44b214ad05897d38a435c2ea0b5d2c2dfa3245313e3aa1ac452987eb89bd,617e0b2f7939b5bcbfcfad6b70af25c84b47d79e7af73b224af57a10471fa983
S1,131,ctp,180000,3000000,7.544351303656933e-07,c2c3c5441dcb4d444269807c493cca9eb7d174d5978469870809b7e1fc60da0e,1c8e60b2de3b18c9697b60de95f4dca8f1a8e97b2d1c73c7e37829f456cecb75,c35b379b7870807b7b94fc2e88b6474b6ca3e9505cf78d78dcbfc5d06159fc5b
S2,131,ctp,180000,3000000,542.2186812781945,8c8cb60371b55c0b4a8c91a6acb81e960d05fc0a9de12829afde4af2c6882ccd,000e8b89ce11704ef4e2b82d0817fdf8f0b6f0cc2289447be56dcf128adcd099,2e631461159e1507c9e464595d7395815dc57687938defaebe782278dd8bbfce
S3,131,ctp,180000,3000000,5782.685511827252,dd7e6fac6fca9f99891094e668cb2fdf90ebcd9607eece3e40bda8a5d92d4dcb,cbaf619450b6e49626661ad218bb17028d1bfdeb07836720fd2842b58ba389de,48332d8ce944136a499d4dc63fc64f984364a0a6a20fc0ac5ee1ec2f20bf8e65
S4,131,ctp,180000,3000000,13994.108083163123,9e6d946e233dcbe52c43a0658c6b482a9a2884b5ccccd406f1057509f69c1d1b,bb9343d61c4d37e108886d31f6eb947c536c99cff9d83370734660dde93e1965,ee5f73f0f00f2213cbda75623526889aa00f72736c4f3642bcc6ef8140791097
S5,131,ctp,180000,3000000,74721.75672830637,09543ef773d33390f9c67fdaa200fbdd9f7317f46cefa09f3cb8f2d48d9cc94a,71885ae33fa4038f9f827e5fd4f35a98069d8042aa57a6c1c50381a33c195d45,c5a9c37c2d4130fbc5164f2db5b80a04ea1c0a2a3122b54fc8cf4e51f4c26b22
S6,131,ctp,180000,3000000,51680.26383978094,100417f63095ac882a75a65c92f18ed749c76db3a7fed830ed9608c98584cc3f,35e467576717c804afb5423000fc8bbd78bbb691ed3b9930f92c4fa330168300,6fdcef2597d49309738bd39b966e465774ebf766148fa9c8dbdcc10d2cca07f9
A1,132,aor,180000,3000000,77929.03558572876,c443ad9eed48c05201682677531675ba322f45c3c52d35d6c07e3565b91fa91c,1b3aa7908ed2e7f81e414f73843dcd6f1d305694281c1a564c323d01c6cba55c,a81b29b9059166ea9c01ec2e8b136b43ec7ad80520ceae71c310e183ccff32b9
A2,132,aor,180000,3000000,78032.04727862733,90c11199ad4106fceedc099b1c4ec246897f4fcbf5f388898bab6a19599a1e1d,7c7cae8c878acb692abdd837a7e1019f2ea36ec8227c2400f18a44cec1521a3e,b31f745fca94df2abf567e66d5d4bd4eec02e902b992989c88ca765194f11780
A3,132,aor,180000,3000000,78077.80096699526,2c59516796ad25a7eb41e1e9e9d8961e043595a583c220b4549509c97d489c97,90a6296a75f6a1271e9fe54ee8904589af13c04457ce07e6c56a4b42581d12f9,00c173f06d48add6f1af78f108a5c523140a42f7cdd488c73471dc75ae356fb6
A4,132,aor,180000,3000000,78060.87257089204,788c4afab17c1afb8ca89b067e6ca5257dda8334df0ca23eeb56c71f8322e1a1,ce59d2c36b06e3103a3b1d7d3da9c3a43d89cdbe4a53334a50c9376327eb4858,410232dc2db450f1dce66592beacb7e4de7fb593fe62199da6a9494113bee976
A5,132,aor,180000,3000000,78442.29915436976,5fa3624c1afef7cf7f124f55154d0c174e7331e96d0ee8c04ee7b5322f7766a7,7fbb247116a8b2702abcce70eb4f478321bc50d9e9246ad64609d09d6308d8b4,c00fa111e0180a50d86f95d39c6bed431a8c9465db82c94c703eb5a5ffe495ae
A6,132,aor,180000,3000000,77923.45872618358,ebe9ea12facb368800659fb132e9779733c704df3a4c2791428cd333a6d1ba7d,31e0cda0c2b7bae5a67e766c30f67d8bcb822acba31f675adba8e34dd952ef40,c6e904f344430b301f7eb819c7f92504bdd3cdc090753933f635b11ff073e72f
E1,132,smp,180000,3000000,24266656.646717053,dfd3584e34105741f0da68ab15d615e594ffd41392ce9d34af4a2e04849ade21,d4bf02eddceb556bd73b196702cff661cc08bd5171a7fd189e3aca95da24bff9,b6f4f19ca945cd0fff85bd816c0bd95c203ac2b8ec5510b088a373852a81cc7a
E2,132,smp,180000,3000000,3216408.4019515463,2279130654ca36a1c7189bc921ec3a99ab4006dbc3489baa4b822bb1475ac1d2,220367165477fb0ef10608e1628bffe71009d6285069bf91a50c0b1e7f688d4b,0dafccfb048a60d6fbf7fd6b838ffdcc759ea60cf21192b2ffe80ec106bb417e
E3,132,smp,180000,3000000,5645469.953694581,cee8e4a6f04f20ddf14bc237f0eb4e71ad90d39585cec77c4cf9b53ca3562177,57afe98c005c2a27cd508f2cba0f4cfc6510c32ecefbfb73b1a479e19575f570,f82acf4ea670b96873b906934aedfad0c606abb5dd179bee059bf19cc481f328
E4,132,smp,180000,3000000,10014397.74058547,5a2ad4724a33c068157bc52eb377f151614eedc30604419e87a35f5bd1eb58d2,87b19bf603a1e8cc6598a09691441602f82bdd6a3f3949a5f5efa092ebda4709,56ebfc9d03a2990252cbd56e943473210d06e499cbef0bff0b930989d4fcb13a
E5,132,smp,180000,3000000,11405887.301123561,6f89166000892daeeeedf22ac21f971fb60cf99a4f30a1dc07ba9a1920a19b7b,9f7e0e6b07fdd029ab83f48f379784cfda61fb780ae9d2528da0c818d6efb762,f0f13e7a61f99332cb09c6b6a45236ed0bcbe3de7fa4fb9ff993c0a07e53c6b8
E6,132,smp,180000,3000000,12017438.035630807,a4a3a55a41948397c73e4b900d5a8fd2db92475f4168fa6b18d44732283c614a,8dbc28b9d617dfc8200bc193e3aa37a37c0f1825ff3bceae06b224daf49efcee,dfbc3821901f6625f5d7d8a48b59ba04f705a8e232775cf9ed04ab6670830456
R1,132,gcb,180000,3000000,151338.43885388362,0815297748219da9d9fa74b7d44282cb5e58ed4a3c4901f771f5da2729340c7d,db4002f7f9b686b3bcc1d599d75c6cb7b82dbb002d9d3a96d00651efbb8924ad,40eced423a6ed368683c5738e667e1b9c847d8026f9354863dd67ca01ea44a40
R2,132,gcb,180000,3000000,237882.23347199158,dfb01026477bc9cb28837abb23675b1612c42435ba381c1e2a090a8b81ba2c7e,f4e47e8fe296c010302acef5e7882192af12b9c6ef4d9fe93ca88530bcad5f8b,c83794a9ec4336e97e74f8bab550fe05fdb412c4a47f8409600532e60ef8cb20
R3,132,gcb,180000,3000000,300724.87766634405,a246b21402ce372eec8550d64a01086ec597f39c7f16e13defd118d030b61757,9fafe6d32e61d71de1c8dba67fb42837df705affd6d353bf467d667a1e4790f5,fea41a7090035d81d25959b61cb4db66896da0b161b9dccc6b0531085d40687f
R4,132,gcb,180000,3000000,344206.2058655485,f80c61e3c4b26bbdf8d617404aefbf337803f59169da86bd4a35607288aa63c4,f1bbe45f891036f8e7d89a1436f876a793e4d067bd2037dce619a331ae966783,3827042e609e5e0ec5825325cb656794be7ff1a8c7b572068aa20a0fa6520cbc
R5,132,gcb,180000,3000000,389237.01285046036,777c1d77b69320d83163e87cca67858031e2003131697db9fd2d29a9e3f98d18,6573de3b16e7bf7f3f0e802f6530ee5bdae7e403791eba63108c759337ca74b7,34452ed214fe895af12b06555fa0834b0b58ac873b05b8fabc97a8c133640cc3
R6,132,gcb,180000,3000000,478686.02219965257,c4db7ce901d187cf5adf67f0c1024d5be016773b14dd385b46b278367b0884c2,c42515e90b1600f72301c6fa15dfa09fe2c04489c703d13748218d1de76719ab,c4075c309cfb785a6e5fa8365eee7fd00e71f5a1085d6f2960d7c34044f1a2d9
S1,132,ctp,180000,3000000,5.397164274542064e-07,5db530f545758436c1ac1150e211fa60dbb8f030b153d5e5540246196f9ebe45,099450ca93f8fc1abfb3fd5f73e90a1cfd524ac9c5f9c281568427a63d23363d,874f2603f7d27b213530714c79f6184f71fdb3eb35ccd3155cf772eb4e025be6
S2,132,ctp,180000,3000000,68.00655585443776,42a9dbfd64334adaa0c115db6e0e274395df9ef2d2ebc1060461912b944d36d3,c1589b6e9ebeaf7cd0e46f9a743a3f8a670c126b6e772bf6bdbf4491424f32d2,532aa52e3446260a03762224721b78cba3c3c3d6dde0c1072494e13d2fa775d9
S3,132,ctp,180000,3000000,10180.129132267166,8db744b9531c4ba2d864faf44786eedf3fd5e1251fe4eba9c87c94c2406d0327,ac52c65923d617082023f2bca0c8a00fcf76b3ee0179e6e773753a70a9ad2fa6,844fbf31b2ebbe34466be322fc746a1eafc0945f8e7043ab486f9aae12889942
S4,132,ctp,180000,3000000,6350.2934326807135,8de8f068f4133eaa0a4a0c66b6132958f05518a10ac56d2798c9087cd210115c,954d1f150029cca755c1ebc83611ea47aad93898fd4b05a31e9a00ff231a913b,6c7fd041392dde775d55b9716d6e688e219a390a7c92a3a9011a78be874ada66
S5,132,ctp,180000,3000000,30105.51858028756,ff73aece668630fd487a5f4d236e8d5c4c0f70d34e0542d768d00307b6e52345,f10c5cbb5d7d4bcce932eb2a7af233c27d8bcbea27307840adf76039e384c0c2,1839c3d42a155e3f841cd0cce70f55cf98169f7751e509419ff18cf9e32ab83f
S6,132,ctp,180000,3000000,39925.29525590089,ab4befa5ca29b0f0516f58166d4c2f327f9c0fe506495add7b4960af00a41ec5,b333f5bb218d377334d70618118e306831b27eebd06232a318c55cf0e7f356db,cfda182c646331723443d738f3d8fe1c8f24664de65aca01f13bbb2dcfe26740
A1,133,aor,180000,3000000,78102.16994096813,ff2dde799b234d2bd2db0033c0893a6be83c81144cafd9b928eccca772deaf27,59adaa2f9f449c45bb1e3673a09717be970397d5c63a324bf6394f0204cffe04,95fb4c2f717046bf2763aec428e72e9913f75c52d70d52f1562dfe32f6f16e42
A2,133,aor,180000,3000000,78021.9910252275,743820ebc2f3c6b2c796b9072569f929b4bfbf4a9c5d14e73ffcb4ef3297a828,ff5484f39a8c17f007a379b332296b7bed7ff48a10d946ae16bd307ef8639b5b,fb4d51f1e8e2746edf4f186b14025b4560de1363e6f8bd52778a9e2986c007e3
A3,133,aor,180000,3000000,78089.95849930064,8315792be62290c1771a2607fc9b83d50ab8e8069a58c75191b12f95f6e1c8c8,7a6d92fddb9c345c69569869ed44eace0491862a3b104f4d1c6c8a0e05b0f00c,74b496c277bcd8ab05492779ab3fb8ce15c6f30f8856c61c05f193651c897518
A4,133,aor,180000,3000000,78167.77443228984,4bcd19a073542f5574f90f5236b74bbf866308f234f0997164f8e5ee95e9f9f4,61bf4ff14996892c95b56753b43e6e616874d0ddfc7d6456ec2fde99b4081a5c,302509030228724b5d70b72d82e12420af2bea7ca0060a66407746eee629ac28
A5,133,aor,180000,3000000,78546.56086633661,17e4c915f0b1b31546b6b05262d34c2311e6ab692b28ce6e69ad38fd6944b55e,a939a8d89b6eb75066a83beb01cfa94344eb49ebd6a046719598bfb8c212508c,7d17e935ede26a1e8ae4f1811e7669f25331463472852073da3d0e75cb1b5c51
A6,133,aor,180000,3000000,78050.09661898848,3143f40fda1557dd60808d79ef9be338dc180dbb9b335ff6f92fc489bb14f294,aa7da697cd2aecb7a721dfae78ff2c0ed63683408f6e38ae775dd6eef278a8b7,5e5fd693944a1258e05b6104d7c5802af83077f557149200ccfaeee2930941c3
E1,133,smp,180000,3000000,4431947.309912476,2d4df47387ad27524b6d645834e580754dc1123b63c0c7fa14cef5a8550c483a,be034a2225497a1679ad2c66255e598c8d2d6fe65764f44f655c4a5f43f1eba4,17efc172bce56ce5316ef6fab366af079766b02a21f47b3c42b17192601f01a1
E2,133,smp,180000,3000000,3394205.178480817,8d7a3a7d056054f023545e83deebccb012fac0df0527f8b527c981249265439e,f2a4d1e2c6977455c16bbe799260a3ec500002eab7d2b30d43a4e0f3028a9be9,f5ec606abf9445007eb475941092322dff1222a86c0eeb419289e974a996f76e
E3,133,smp,180000,3000000,5546172.933579338,34b147d74f7229be5f3979121ba2ed19fa4293efbebcbf6d2fd264b720658cfc,bb194368dd0b7cef42ab9e36ff988ce2c57e2c0bf3896194920b0609530cfe38,443ab1f2bf7fa5ad48b10ae77b65b7b2f9854ed0b60d8b47c317cccad260658d
E4,133,smp,180000,3000000,9553098.065924931,60ecd890b4fb77d65835901e329e9e5774f0bf76a9a6c717d1b0e51688e98a10,04dee11802d18f05d413f7ece731fb07867b36f4b2800a17b6404fae3e797c29,fec750cc730866e05618b2a044fc5a90470e63369e4cf3d0265bf579bd65b938
E5,133,smp,180000,3000000,12229646.33701407,a648b8101f2026c79a7ddc64d6ba80266ec6b64d28e8073a89e9da4878fb7db2,1b953dd13db42ad74e3b86fd10f8ab1d1182018217c793ecf8e6f7896a230d7a,e6767ca1e54a37f3a8988346e573876b3f203dee448c853ec9f7062603b0b9e2
E6,133,smp,180000,3000000,13242705.285571078,3a232e778dd9bf43945b30d1d03ab077a2ee508649bfbeeb1a8a4194fef78786,d8ef7cf6c891c35da50f747baf63306b03a2a94a77d33219a63d873a99a7e67c,df36c9a843556700c98c3331e42cd86d2ce505a40d251479faa8c346f7aa1af4
R1,133,gcb,180000,3000000,189282.71797872233,0716351366ac7b250e3fb03112efec5fe8e96492b8ef078779c6af35b48bdf92,dcb3e476b53b47429c668d22552d69181cb6b2d4213b98a0c720e405e5a50cc4,581a746e8a91096afc244d8da2a4bc3ac49528a6e33ab0e260066001f9465a6c
R2,133,gcb,180000,3000000,274080.13142040954,c9a4e398aa94df57ec90852469129a274e1d62d3b0b9e44a4a5559c1b565896c,9446a27d41142b26fde86fe527ee79faebb7ae819d4b21c786d9a12c7cc31cdf,0050173e9e9cec3c1f7f1445093e79bd1eec0cf173fa235720e7e04316f6a77f
R3,133,gcb,180000,3000000,299939.1325302903,bba6d902a378303372f73e1298c9bf5fe9f9c4634a3c9ec173e3314c897d6e65,12fa95f3ef1fe8ef8f1b200b906c0c869973c47803ffbfed799e34b3c27133e9,2594a212b1b4246a4453424e1797fc093476b6119879b35d81ee1dc71db72011
R4,133,gcb,180000,3000000,358093.8101608646,f792237e45d4ac8a804e87054af096fce9134e5707b9af1472977864bea030a1,c4d45a20875c8a63afd8f4e1f5571be682b914643bcd174eebf5b20e962ae218,75e9429e9f2d6c64e1fb126cf44bb6d284dfc6af5f12b81c54a19222be40ff60
R5,133,gcb,180000,3000000,396108.40986178064,33e6587f4fe20bc9adf3481d3d80bac75316d36a2a956372df11e4e07b6ed3d0,ff422f28fb39e2ae491e0f08360b800000971fefc45532bede3e2c63d1f958b3,2cdda3569431b5369f9b26b3e4f9050ccbb28c3fd2b5770a03ae169f5a27395b
R6,133,gcb,180000,3000000,388308.10010842676,603c0ca0cc56e9d8d5eba00810c5b653679f6c70dfef3ff936b0b545d85e9578,9708212a3625aa8deb83b389542dbd2b220bd69c8c3ee38d66b3ed1fa9eb6cab,c62bda2b6ed68bfc46961e734722540e13235fa6054c6e85651bb0dfc9faed42
S1,133,ctp,180000,3000000,3.5329912766120376e-06,7a530636e062f328bf7572dfee84a70bba9e9965805274e71957217b699d770f,3d3cd7284aed24f15aabb4962e3324fb0ae2d7039b6177a01d97e486f55243ee,ba505a22fb041fc2dc71d0db43a9f291ae59a93e68803becbf62cc6528576a74
S2,133,ctp,180000,3000000,228.92817804894116,cf3a9506ac0806c4ea7fb60f17dddc04326970264b26b885f33c0e80750e671b,287db830abeac86e548deec3551d36a816c0cb3ea372aff2dd54292f07947ba4,450b6bc2b5e46ab3baaf4a3c617995d95f46d8954f2a6532238e0c3458a9ff40
S3,133,ctp,180000,3000000,8847.745830588372,9f0fe4da255b35238d66ba199984fd3049ee0944baf3b81eb0b7e36402217ab8,779a8d95814fcc7b9317a43ffa37897efda7671c52e0ef52852ab403de145226,cb62f9c349f1464e9fbe66f51da4cf05de3b182f567c572b12905e46eaad7545
S4,133,ctp,180000,3000000,5153.382734239089,f65457406d83133be0796180269a58faf43b9f000f390bfcfa65846448fa91a4,4802307208dea33858d56200b273de95966fdf79bc7491310c225c77be8be6d4,dda57afd13c40112aa7c577df6cedcbe6e08d96617ae7c7e866475ffa2a21001
S5,133,ctp,180000,3000000,19647.857831718982,00368da3885bd20a6a8a004bd54010e7f3c3af9e34adf253e77ee831388c453a,72f3111f9d2a203da278f11917429b6043deba7036a91ca29b40d13528ef0b32,976bd3a0bc5524b8e34b5a3a632f5fe97610d1472f9e873d4b58e245fcf56f2a
S6,133,ctp,180000,3000000,33731.62157539082,d998a3a148993d276cffbcbfb9f7b1dc52a78ec3d0b52169414ace41b00f6a7d,f53da54003a8d95cc8ebf33bd1d8d3f060ae631449f3cca9b8c8c684ffc50b5c,aa22fdad90d452979b490ce7a5fc58f21942dac84e5855508b9e71c31285431e
A1,134,aor,180000,3000000,77963.67823695064,49594cd812ec86f799d60ca407faf60f9a6bf73ce8700beef3233ed872406ed3,3f58d9db3fc59a7418f0d183a317e8ff79a16c5414aa529d6879d09a9bc17ce5,aa01b9c95a3a8c4b4056290a5ff71e9c78e2256c5a0e5fffed57f7af731d6d18
A2,134,aor,180000,3000000,78102.5286875038,c6ff2f2c299cb348df23fd641a38663517e8c0f0329b1010235d54211e05a319,fde863f56f2f737a3496d1c85c4eb9fc14836f5b0c0c1a8bc14409cd224259eb,2a7dbf4782a76cf468c0436177e79a73465ec06b6247c8634514ce17a640eb79
A3,134,aor,180000,3000000,78013.20602676376,119586c9a7fe3ac94062aa798570198e3dfa2f76f85919011ea4244ccb099c8b,460df6f975e93f6e0ea711a470a82e5e00ed3008f83839e3d02a6d1ce25e21f3,45cd486f866d2d4dc68553b2fbdc8c47c509dfc2fe8f92184b8fdd3476ee083b
A4,134,aor,180000,3000000,78045.44346829558,706c51fb56e237fc05e92aea3d3503456fef505a7259e5111f5d542845b25880,bc4d4edfe0362be349b4687ed577831d4b1b1faab486f08bdd3224969973aee8,4690b44b550f6e3428bb8e520cb494f462eb5cbe71450aacedbca7752ad65196
A5,134,aor,180000,3000000,78367.19683719253,c394948af55d7228dd2cc1c52911cafda412254737dc2bffcdf865cff5010eaa,fbccfeda29852d6c3e9b156a9b4a47d8b4c83cc9066de71342a0e2580e330c5c,e0d4b036914103ee9084d5ebf2bc3213e25aec946def6ae56fc409d3e18bfbd4
A6,134,aor,180000,3000000,78043.12061990793,7a2420e84f0a6c6502896dcfed6ab78f9fbcc2952592fcf54b5e1e4f10b029c3,fb9367a008ee7de699befc866c4c71820ed037c63029b99e88c43282f5066ef9,5f695becb1ecec97b03f33edb641a3c1e4174a47bc243af328d15237163e3d09
E1,134,smp,180000,3000000,11204690.214574557,61f03e376fd6a049bdcfa9d7c2fc4e8138c3f48fea72d300fe44c695ca7967ea,0977a1173b3328338504a165f398f310bc0b998b7d0154fd15cf21d65ae1072e,75b0056e01521c077a285b8c99d60fdcb94b81da99848f7c0630aa3e84bb6854
E2,134,smp,180000,3000000,2743778.807089015,13202c339936a0c6cf7cbe9ba8945cd6ddf996b841c3e0e4d5be9fd2a4e524d0,33c3a3911efed938894a7f452871e0db361e756b2ff629bfce5318b0b42b322a,4a895ffbf60f466175fb8d2fa79f55aa457c402f4d36816234cb39c03703af21
E3,134,smp,180000,3000000,5035007.391211515,6ed3d356d1f83af0126eb244445e0e8a3b2d875636feb41e920b8abdb6bbc3fb,2c72639a8fa17ee1ae95b81dc226e4bf490ebf825dc66e6221227267c871e269,f828993af41d0cfa7d7268b5da9c668a9b9f726c801a91b87f7bf0e2e7d03b00
E4,134,smp,180000,3000000,7807578.702468663,7282f3555afedffe779079ff8684ec1527cda8c71f53b03b50f9317becf26499,1c928b240199b22481cb1c42928f0e192e464a231db665d89855adc9632d7be3,c744eadb07e9be6417d9c817ab13f4576119a90706906c6ccff4ac66959c4448
E5,134,smp,180000,3000000,11942002.318775782,cd056cfda0adea3d05c3e008df332d0fe6b8e77345e6c9cc4e532e7911552672,b50ac4e355d6047d988cf73422dc209330502edaa8b00c2ec6264921dca16095,626abb684b2dc874b10a56e426b4f9813d10c8983f29f329e664545855de1b62
E6,134,smp,180000,3000000,17628803.923911136,036bf7691e38f0539362801a6eb215599c7ae95429dd60b24423ca6eae2a0d6e,6e03bfef9398d1c736cd52affbf197fa9e7964918cf2c57391a4dc69ffdd70cf,475d5e6e69b600248138468f6e7da33a314247fcb69bae92089acb34139938f9
R1,134,gcb,180000,3000000,156576.4641875229,c2e5ea09bc6c5e5e2143261c67182b44711ce2bef6dad0c9aca69fcc063dfbb0,e35df745d62f6c6a982fd31897c7007af216380084525f390b8b6f44d2c41ce2,abee38f7c64ed072809404747f15ae12cfec15d0394710d321dd510ebef28025
R2,134,gcb,180000,3000000,216808.70684394287,e16e80741d20c024061d324382cd8d42e372a00247d16c835d4b3b833312571e,46ea8ca34c3268d4da77fd1996faee3d52a61cb53771d05fb7d58a31bff3167d,a52a9292b838b6a34171fa775303abd96b33baf4379bb0aba0e54eddcca3ac93
R3,134,gcb,180000,3000000,231612.900490009,00614cd7c034834915295825fbb2f741c58ead84d0db60244899733ce8b70b77,f506a325339817cc99dfa7efb57d42b2bcaee2bcabc17bc1930bc496a9a9eac9,88fe3a4bd30967ebe379d06c9dcf1149b32879d8ba5d7dc2de183528fa89a46d
R4,134,gcb,180000,3000000,226666.59864957165,d63b9a4940d0f26bf1ac6d6b75118c9ac9d752e5bfa0f2b8176a973d75c06bf8,214fa7e5926fed5d4fbc65d6b50a633fddb681fbae868833731cfe4b54b0c524,e96bee2dbb247a8b9a3fe8fb67d7f9a46b8f717960a918fd29c3d28a3e13eb5e
R5,134,gcb,180000,3000000,301594.02695998864,6905817a71c85ea02587760fa94d418ea53b95ae3a11ac8609b33a2b711ce29c,283d109e55edd864ff514f4da4fc81e0b708765d10209ec95d2ec87dab749d7b,d60fecc4b7035f9d5ef9188807e453ab086b2354d727bb79f01a2f5905e76ae6
R6,134,gcb,180000,3000000,353469.593168708,d0a67ca6704890618f302e780a5b841b71381c95fe6e20433a47f406c6063395,49b64c88888e53e1cedf21a69338693db066abd4d88f0de91b24b7f6b829d1a8,758610438aa22e97b03dfd31bf6a9e8157f96f8ff83bce231940b96c1893094f
S1,134,ctp,180000,3000000,3.117368934514474e-07,36f02a85f6c79cd6cf0f1371314675e488f972851ac26c01c5f4b9eb4d59eb2a,f3d90387cf4949b6ef7c214f38c615c1ae3d44596636e4d3ccae40879008cfa6,c466cd9b48562f0829164d1e51a7cee167b46d9ea2d017639f3b0d66959c88b2
S2,134,ctp,180000,3000000,759.4568239988896,d55b259a806ec0326008004957ae409633720ca05c71eab8ebbe0d4a2f68754f,7d9b95ec0668118b591428be3fe33b68f64b7c3cf7944dcf2794e98560e8d72a,b8b5b89860be3cc0ed2123c91e32a78c994255e0215dcb74ef69224785fa678b
S3,134,ctp,180000,3000000,1421.7115652483042,e5b41eb23fdc1e5e7fcc6916e97d217eb6745f090d05ee430c7e43e4cad7254f,02748d08b20586923ec4aa022bf57a2440a91ad01c1e4b346642335154216f73,8607c0333dd72f8d944c050b2552b523cb97de2ed91119e9874d7318cba89c84
S4,134,ctp,180000,3000000,2008.1704935744235,12df29ecc0667691afaed193c04e0dcab04aa9b11e7ff376934ebe726cc6dec2,0d7f2ee232b18c9c00df46f12f7df51ef9f82cdcf352f1830e9fad2b7ee193f5,521dbe26b3a6200a26650b0cffdb8453ffee44a0f59e5d1eb3b9408b764b355c
S5,134,ctp,180000,3000000,15833.947233135212,3da2cc4772d0f7eaf57b4ed494686bedf257e8d317628a486d8e71b133736b9d,2453d55168cdfb7f449a4873516b1c5fd75b5a08d056612c655bbcf73dae3b99,9aa72fc6e81256d575a5e13ee78a857b2e7782517472a61127ddfa023f322eb0
S6,134,ctp,180000,3000000,18084.998231940936,36a4ea6d51c7f68a7dd832049784bdf8b7c7c87e0374c0964dcf53a3d87b7e29,6d196ad9e67a523ff35a1479c7981b6dec9ee95366c06be3fd6e428a95f23510,8608eeeb6d13834413d6472b91f5604d3201c2bd4d4ba617f71edbee30c6930d
A1,135,aor,180000,3000000,78287.60969519187,c8c04d53edb7f78a7ac279c6a3848ea51011343ef0ddb823a31eee348867bb19,a47a7216c9b22a87a442af99236fd84387fc1024e67a136acff5d418b854945e,74105a6ad62c350365c35e65878571443b6298fd9248d4713aeafff7b907484a
A2,135,aor,180000,3000000,78111.63592065408,aca9eb62c883033ddf32f2d2d930a1d107d0a22736e24bca911cc79e2b9d3d51,549fb7a72c51bda2c8e007102b81f67f70e610c569af7419ab47103836ded998,25133295e9e0b217a1c5b016e67dd6b78434ebe417fd21749237f0e70155ee6f
A3,135,aor,180000,3000000,78277.80325843168,1a36f7677ad5c04f930dbff16206423f662d0235287473f63a6cb3c8c3eb5338,861d7a724f600c6c5e9a3dcf4e1be6ab0a27d56eecfdfe967a8223afa1527d83,6bc5902bf3aec3e6211e4fea0fc7f48ea10832d386a2477ea773094b38647c2c
A4,135,aor,180000,3000000,78104.66360952127,07a9c049ce3ff38f2ea112c21d421115c0fc682b225da988d30e5d0bfcaf43d5,499efbfdb4d54214e7b751ea82607e9e9dbfd71bb8fcacfb5a124dec73c32480,57fe96c6536b315fb854869f4be289e2948fbd82bb758b71c190c4d960386b9d
A5,135,aor,180000,3000000,78249.00926328538,cf4cc545961f6a23fed5ac5b1297fa71cbdefafa96596bd52731408ac012579a,4770d3d30576643661db4f0d8ff09dec6dd1a2e11a112f7a495680fc592892e0,9097fdd45678fa678ac375740c3a3d6b40af2dcbfaa7462e1e43533a923b7a5f
A6,135,aor,180000,3000000,78202.08322665309,efa319532f91831512713b55dd295dcd269c4474ffd54d743e73745f953a3d7f,f72da639120ea51e61a7e81e91f4d2acfd54111b45b16225d359a63ebb5d1c06,5a2f620b8f02aa1d5b6264711fe8355c037497840710a49f12a68195c347ac7e
E1,135,smp,180000,3000000,7162569.513255407,93b79b9e5ab471b703a6a1731fc7253a66ed2b9e0a03d0a1f186f4eee0bb917c,1b54b2eff220d6ef8392a31491d2ce731a40fbc279540fe48e965e64680eea31,aa6b601c83a921a7f50d603c7ec6b8bf044137b68496508598d3aa8d0bb3b56f
E2,135,smp,180000,3000000,4269464.961192229,0aa13cc1847ddda6e245e6dc9eee4491c603fcb810e92ac896e0a109f4e7be83,31a011ceff87238566e5bfa1bc7f0b77e812fec9efe49767283c93d877bb9c5f,9bf076255b6f4f06365f111fbdf98ef1769f887bcb30252f0dd90500090bcb68
E3,135,smp,180000,3000000,6980863.244044297,0901e25b6cf2dfa2e4cfc74b866f142e108f1bc17dbb052b11539e866c9ab446,46f109f010bbab36ed9daedc0f75d1e006a8060f4d662027d6c441a1b90cddc9,7cede679b62c7018ffa95ddb30cf84604992be467292bd436b7577dc622e5314
E4,135,smp,180000,3000000,8660157.777702011,0e9a7df701a0528b912a84d550fc1a4dcdad400339656208b2508674f4a28895,e70639b70a255400d63a5bdf94c700562d2de46debb9b93dc003e3729ff65b61,ef55368eb8ebf474ea7112cda134616e363c5872311d5b50de8be3462f63fc10
E5,135,smp,180000,3000000,8030412.845798126,22d2125ec827c30e3b347e88b7d6aa2abbd656727efbe8db8b094228571703ee,15c34c1a28fb6a0ac8e9e783e3bf93e8bb05f081fb03ee94c9e77efa6ff2ae99,ee85c163b4dcdc5f4e20b23ba736ed21f95ba4db9ba59b01c4a252a86f5625cb
E6,135,smp,180000,3000000,13738977.989736363,d07beed45d8a69cdfe322e2dd5325062ed3a22b050d64b5132c4b16f189b0d7c,8459cbd8c9a6a1f1887fa3c92510c44f55aa552715165e0c2bafa468bbc13acb,97bcb903cf19d144e5b92325f5e582da2126f609dc64558639d423f899cf4fb4
R1,135,gcb,180000,3000000,195614.08428349195,d3c653be2e7cc55d61db5a86d8d152a38b96ab7507dacbca53bd49623fc93c94,f70ea47b532a17b3eb4bc41085f791a73ff4786d02cd0804ec1cd50a6511474a,16bdac8edd0f079e5eaa5b83b7c3425c3996c31741c206e05d34383c3a31f418
R2,135,gcb,180000,3000000,196420.41023918014,f626185c1ed6d9445ab1b1a077232de53dd01696be72afc75b8bd131ffc8b7d6,9221cd97b5e43f431ca9bc41ccc10dfddee18692bf0bd69660cce6928fd89617,739d8caf2769037d5235f16b3df6da7ce2aeff86b04d490513d78934128d77e8
R3,135,gcb,180000,3000000,363091.8254103105,666e5aa703ff39b35ea1bd6ab50bee84836a4a3afa1890fa5e3e8417dd9000d6,478f37993bf09f3ecfd32ec4d14955f1d65c812d56d9ddab6d99ca9c458d873d,0fab1db056e2fa09661d71849cc5001ebd3f7b92e2522527c873fbce5585cb9e
R4,135,gcb,180000,3000000,331040.8225744822,5dffb91cfd83a10bafe8b0a52c58d8d187a6755193624517fb67a1b35acc665c,4d17b326eb62887e3732b4f46a4e599ac349cbe9ce24a0ed17d4b6fc3d9b66ee,a502ca2381f7384d62070be8455417b39f36d35b4804e0d5be42a90fd99c5f2e
R5,135,gcb,180000,3000000,342880.5770106723,9c8f3b95508fa6e6682b36c142c6ca1a1267c085756b6d0ec1c3a29f9b1762c4,5b0baef1087b712bbca24704fba3f90b46ce2588f86210f7c7ec37815a73b47a,1f60a4e6027134362d7510012780a42f3e47e6abc1a406d1946a08c64a057a70
R6,135,gcb,180000,3000000,417599.94588029577,aeff2ec0b8b109c0b062305323165e7c9b91200a412ec6c625a16ccd5481dc6a,4d18156d0d291577302cb7edbadab0d1c9ba63fc9b6ee53c5abccb8de8ce123c,70fe3354a4ae72805fd83e19e7631003dd438d0bc6e586afd590d960684a72b7
S1,135,ctp,180000,3000000,4.1180877557767614e-07,8fb92029777fc06058f6df3cf46431326764a427ab96abf0a320fbd179dc492c,8e70e27c08e69c4d86253d4c006f4ba77720a9bea373e280117117344f4c9111,05e13566e3fd9e27cff0ccbcc1550cb809ece66321e52322a98e2b8a21b29d53
S2,135,ctp,180000,3000000,285.8144707521873,5784c0ed8a6cd2406b6a83c717ab7be5168fde8376f6eb41adc0b7c12e9cf856,b85a50116652e8259f0ce95a07161fb5846952fd0cf80c3107de93198aeaf63e,90df3dae0e68d32035d2e14b2d389ddad4bb13c8b0c7355aa03746f5cd70afcf
S3,135,ctp,180000,3000000,16005.01000869345,d474940a588338ed0f88daa3856f13fe3afe71032a982592925bb6c1708bc620,5faad615bde62cedcd4cf82d2e9cd1efd35c2c9fbdb18df4de72caacbd7338cf,aefc73ad88e00db5bf5508123bbd2b98dd6ecf5b35ac3a1e4ab86443c4beb33a
S4,135,ctp,180000,3000000,19888.457776329644,3186ec2d8aa2d97e381bf7a69fce02185fc94fa9b90c4a42c6bcee11ce162775,123721290de1b51a029115c1aa5cad60d3dc8759c1e381ecd7c70a00f317ba2f,ae6dd7d40456d9018297dfb2039db2eb26f43e5202805121a4851fad08ace944
S5,135,ctp,180000,3000000,55917.9949420498,e448b397318a920def7e9cdfb9854c9a29058e4b81ad92dac934235e87fcc18c,ff75f8e2f3cfd4d37554c65305906c579d1f3eadeb3c4e86c5d135169efa3723,d1b4e6862ee218e28dc34d80891117aab7244a877ba34a8baa7f8194aa41c1cd
S6,135,ctp,180000,3000000,31389.33060788265,ef5d4633ac0583ae63068a964bb1b351ed19810a7bf87d9547220fd5d8d613ac,6b29e6c48b29a6a8aee637c6c3ecf710344d08bdac3563f815d16bd9f2fe6d5f,8ed8a55016a28f1490b24fe75255e6104734ef2449a47dbac27b6bd88c53e81b
A1,136,aor,180000,3000000,78036.45991742365,fe8a0068e17473561eee8e08b4aa46d67e5508e8fd31bd4f639baa85b189046a,f8c71b3465749e160a3d78fcd4d1a45568b2d67aa6e107ff4833160768958e61,509edc83475524a275468f76fe74b26829a4b306f9bc30eaec984917ca5333af
A2,136,aor,180000,3000000,77922.9686548338,4500033549eb24b47bc21485dec5d851643ba8dace6da3bc1dfc95af6a87de55,d955da6920433865638c22c80364a6e9db2d043b9bfafbbcd66cb57ce901bdf9,68daff6186f068964d75c15a06ad8bb4ffabc6fc10bb5797de47bd8b3dd2e45b
A3,136,aor,180000,3000000,78069.77653461417,462aadd37aae655589e40c0370939201380a90a2d48480d284752c73d1f82319,8495a1b004f7e5d6e024b0e823f081260a930bd9ea6679c0f87dac1fc5f05cec,f1fb4538235fa604e09b0fe1b3cdbb86f6e2abcaee338f86f4b748fa72f3ca50
A4,136,aor,180000,3000000,78164.88382905813,e73ae2c8a8ea2656dc68d8f44d63e994f90db515946bb876951d21b354ec3f0f,9112aa4b94dcd721fa1bdc916a3e07a031d73c53d6044a32f815bf2887ba0a3d,7d00e4bcd7a81c37f18fbc5b20d7316a42afd0eb3d8e3be443aed602ecb718d0
A5,136,aor,180000,3000000,78583.73564628593,2a4eadfa3d2ddd9a521c09cc95d6c9fe891847f5af1cb97cdbd1ddddad5a8f3e,c6ae46b6d06dfcb68bbe33e9dd6ae7671b034ace60938c10986c48f7fde5d9b2,2d0ecce42bb53f0262d1390ba3d3c00bd0b0796b727d9e58c86456bdec84cdff
A6,136,aor,180000,3000000,78063.94057424528,1b30ee3de76d1b079505ced547d8a1123453c3ab2fe22f94370194d061d4e185,fe54e62bd2a341fea542019d3380d549adefaa113ef3e85c7c87cc7f249186e2,81bdd09c9c5847666ef8cacbe048246ad2975b89f641b29df861497246ea6e5d
E1,136,smp,180000,3000000,5350985.343358189,4f00a0553066d0d10df4cd99d133674bb2b7175c2e52b42071e35fae01b64eb7,25376724eb71a56c63ec8f3bb3384cf3b33e67f4ddbf4513b953989ae941f635,3559aab3888289a2b26108c06213a814aab1e88cc530eed66b271910f9f3b07b
E2,136,smp,180000,3000000,3772149.328508452,b70bf16b50e41ca15db7b4039ed5c8971e1bbdc9ca5241b240191e81e5cd6c05,c809b15d8388def175159f8451620facf2ab14c1693314f5a0d77fe94164280d,e98c220487193c840fec0ce8f68bb6f939177f92f9c60063b70ae16bc49caee9
E3,136,smp,180000,3000000,7595373.382382326,ebf4db1936f03c27d1edac2c8df9998b924e02e3a3580087200fc436341e423f,2f4a1854f73cb800aa20219e5acfced43d05b0f941ffc8a17c399d2aae9940e8,d0c1d3c882a2a879464ee51d5e4cf57b558941bc6b77967a9d12d1f7c510bf86
E4,136,smp,180000,3000000,8109318.521184023,b4092e2eca4c8c3bbb7bdf3a9609fbe85023ada7ab0607c521bb38b415293e05,763eea21a26fff639a482f9bb19e298cd04cca6518ee7279b76ecd5bf17155ee,511e3984f62baf02215b61883bf647331c2899bf208a86d89eef27e0331e00f4
E5,136,smp,180000,3000000,9462290.58091699,74a98ed3dd5c6864009ff266bf94ad50b961a9c6f0c86f5bc60cedc37cd6fa61,26ee607ae7163430715c45e0990de0527518f22e3be825b8efd6b30d5f28e21f,e07f8f22262cbe4d65bf4560f98eab1a212154b166ce5fc6a67557eae61e68e2
E6,136,smp,180000,3000000,12421654.063164808,a2910dd7b6fe96db931a1df625d7b9885533392658953c96afcee207daeebf3b,917880633f125ccda114ac27aa13305ab7bcc7e95dd710983ff763f1d8a1a01c,045feb90983f6586925a3643c717a66caeb15cca095a088cdca91c442ca3a569
R1,136,gcb,180000,3000000,166624.05978745437,51128a1bf4190e3b77df857125ac9ca769a6e4af63694ea767607abfcf3b5488,c33145355eec0fc5243a72d6667fb36391cb0f0a60c689e6aa49bf9d0f48db84,c67cd7917f5b375b5bc191f578002ec6351ff1f8d650a351b697fb82ee29b1bf
R2,136,gcb,180000,3000000,185798.27562167405,43e833d819c0faba410c0d19ee9683965301731b509bdd641eb7f88e5ab311fa,3920065cc7e29d26d8b1b0f3f1f2200bbdeb84c41dcb84438c9ce981e83fc1af,00b9ff694987553ce94d959d5e8c0b3252f0a54c18ef042e7be3f50d4620e786
R3,136,gcb,180000,3000000,309711.1804672057,6ee9ae45acba9327d363b3499d0341e73f3e8d198a488ede78916eb2f564236a,5ca0883f8c0572fdb81127482a22a737e14bbbc77195a5bdea25465073d0acc5,935b5d55c1fc03ddcdb5a38261e51f750d08d2bb2953f4b52af5b9adc4ff9424
R4,136,gcb,180000,3000000,324581.556872327,76be6258a0fafecdc1a1a6a332a65b165d745c9a085798df2d1c3d7e3f89bbd6,be0ec79609a9e06cbc547583276eda3b3bd53183b5cf4fbc5121f0c5c1169bd7,00bd7ecb9cb7e9d9f484977d416633681bdcced0dd3394a39d5692ad4da04b18
R5,136,gcb,180000,3000000,294050.4907929442,9688c70decdeee2e1136740eb52b375b7413bc8bde023130bb23629b08e04eb3,392b180cbd9fd54800e39c962b9b60a5c22cbd7a582994ffe4983645b440d099,622f6a0a62f8d18c72f009552cd8563d83ca528ecc02b2c553ab896d6d01762b
R6,136,gcb,180000,3000000,313177.1297537839,452fa8c7c4e36aa3aab3a85f11337bd6509b74b9e8a7ee11c9a1528325191e82,59f05ae6dbc1ffeb25ea10092dc7d3050feda22e5b3bd79c8a3afeee38134394,56225488bddd88ad610ce4bf5c0f8915f970b3bf4166bd4cc4b6b5f7164de499
S1,136,ctp,180000,3000000,4.044020505056694e-06,0f97b20d23fdfd9a881fb679cbba4d08392ef40d9eb916759790c3f1125415b6,1299857d7501c2d07022d4331a91ad56a5e009fa1119c0a37c751c3da5a74db3,b3d2e7fad5d0c661fc3d9770feb5b3cc46c2d37dc4e210466355b8d9eb0c22a7
S2,136,ctp,180000,3000000,1004.5289633423095,a8e9b6b93024242dc26eea161aa9dfcc17903b5d4d98fa295fe21edc997f5bef,fdd48bb71f20896164142305ae73b3ba89c33aae6b5c1fe50aa33598ae3f239c,8fcfbfd608275ff709983fe7bdffa254524edd45656dc1120168f49036672efc
S3,136,ctp,180000,3000000,5041.426668628509,4f4d66d450d29f35e8f2185aa43f63a78357a57f0c3f41fe205760c6e7060602,42cd515a4891bb7d09bf7cab6a03aad4e1bba77da3f669fa1e9368207e0cab42,af453094ee6ebbe695110d7d0bb187daa7382cda8f2342ea937dd35ee759fc8c
S4,136,ctp,180000,3000000,8429.57874625413,034a5e12032554e6dcbc2599ca2360a4f2e51ad7d497fd8e5f29f4866fb2a4c0,e738b380d146896e4e78ca5e0f1ae52addc6fb4f1dec4baf7a704f43c382c9bb,e02e3e86157a202910b1970d60f46e50572be901b67d6db71c865bd5738cc0cf
S5,136,ctp,180000,3000000,26569.13774585823,9f51df6945de3f0c73ef0770c5b5bf47a7d09d36464ffdf2ec1a53b1512e5225,371d2853520825ffbdb1cb7ec067951628536cce0cced67933c7b55402f15242,8857c9ea262ec49996f39bfaecdd5081622f57d5dd71a8843f0bc219c0e6ee9c
S6,136,ctp,180000,3000000,8508.726754539712,74afdde00026cb5741305a2dcdbe161afd2e1b096a5561890f1427419ed947bd,0c6d8905ccbd9eac37ef282327ebaa10f90c4d70eacaabe1b4928dbffed60f22,10e59479bfcf42614e2767bee4a61d676e1a9c56e9210b2b7d7070c8b0c0c246
A1,137,aor,180000,3000000,77971.56320514172,d70ce9adffdf6f8c7b3dfc53fd08dd5a61cf954c94c58ca7a7d3a9de0db6d772,1854dd3beb19a8060c98c405c690dd49ab093f1fdb8c400c63e8d3ee5f5bc905,64e7fdcb4656bcacc8d981fba38e0b4f299f06ef99d7659614c8c54311c21c9a
A2,137,aor,180000,3000000,78031.05266575597,2eb43d80a6fd4c5d8d63f647530461be162305591d1c7549414b731478a9587c,9b06217bc3bb39e63c5d892200507c9beaee40a026bb4fc0a449f60b78b660d8,15b988f045edc62c51d9b1e3d0172038e13303137374da7fe257e032c4ac192e
A3,137,aor,180000,3000000,78181.52073355459,49278f57c7b04f9854a8d937b43d4455fc4d9134089ae10bd5277b8d2cded661,1da012c5f7d8dd1748aebb31ca5774fc23307a196811947680b5e82195c57bfa,511b4dc61fe9bb2c7f7a2b5177331ec4dbc07d901686006e35ee127d8aeb444c
A4,137,aor,180000,3000000,78184.22034644654,c652519e2bf6426afeb472ca0878ff1756ec2b51e92351f18b10042d545763ce,0efb02ca1a85497dce4e41d81540e6529bdb38d8be93e7976093783c5b5a8011,f8e5abf849b96ee958391ae9f75c9ea045b3a8f7ef2faecf028a88cb93f95e29
A5,137,aor,180000,3000000,78335.16678556344,17ac9dba34d9c32692001280e0cf2aeb1663a1f7a593f005467abf5d026456ac,d740b65a4e1b19718dce991f3956b636929f4e733d848c18caf8211c13df8fde,2a76afeb8a950cc690b2389700363e2d7296293cd68abc4b332ead2002fb590c
A6,137,aor,180000,3000000,78012.28922704476,9bec8c3497b0837ee71e62210c6655a2590d87e7be54945ee42f47027c2278e2,260f86fb676bf78b3e5014e058490daa99ffbfab7c4310fdc790817f2af92dce,7ea43bf2ce28b7a5870a663353398c786f994160832f8f0285e6a57b726d39c7
E1,137,smp,180000,3000000,2046598.1725949175,e01877e400dd486fe820ad3cd213380cb149a8f7744a411e7f85f5afc0eebec4,e7ca60e9ef3be98494420834397e99fb8d8dd79725b1a016f20ddb5f9f1662d9,527bf397fe08726115d7ebae61a66e2e21d54dceb574459b57264720fffbd3ef
E2,137,smp,180000,3000000,2581820.5114781233,6b8b4e341b6f9afc3be8f59dbdd4872a523d5015e074e680eec511f00d0e5f27,6170f0c7e164ba11a2378d701bb7ddb663bb97bb313c60bffb989fa07274a3cb,fcdff97d08a9504e2597e81e17ea14e6d5d4fed238d4ff3c61c1bc5dbfa1fe01
E3,137,smp,180000,3000000,7241224.355603193,78d5b6b223b85a0486e10695b33ffac3f8b49dadad614936e550868e2c6c9861,886cc5e325b9ceeb7a8ffb07e5fb8e7dae801b959d98b8fc2f69deaae1bbf965,faaf8c0f7fad2d9631960b47fcbb9a2dc03b1b879a23f4304c8b35ad918e3ff0
E4,137,smp,180000,3000000,8349525.479693499,c239ccb34993eb275349c7955cc33f02e2b1e33e1bda14d3e22c2feaff09a71e,93afeb43ed795df6286e40615355ec4021b16733d37c80bd6f2c4febcced715a,b5473a464a616fe98547cce808c61bf2e7e6d847004b841bdbf8e91ab70c1325
E5,137,smp,180000,3000000,11813920.091114739,a4afa316aa23b43f161d8153958e1d64288e8d6eea2984fe21e14f57f0b07f1a,0ed942e46fd2870f5904ec98f1319aa3c9e4bdbba173b83849071c304035aef8,384de5f27a809d25a14666b7a8ea74942602ec0d7bf5238add5823da5dc9d0c5
E6,137,smp,180000,3000000,11336566.992483286,3912d9467f2ff6152657c7d116ec70e06728df61666b6f64b6fc6a75c0cc8c6f,5410ff64b91d6ec3db9bb7f44bd93509d024684f27972fc5e6a82ef1258df01f,e2ace64a2fab0137793c7fefdd83e42f94d40808a34c9dfa7999d33ca8a9c499
R1,137,gcb,180000,3000000,188821.54501846025,51ed673aa0f044c26481c08d443ad0b427f19eb360a9b6eb8d4f3cef6f4302f9,d2835dca402edd463ffa4130aa68726bff4e25c678e6808540d2d5dcaf4052f7,beff6b26bd5fa71e4e2c4c1f57a2f8a893a160c754be0f7f77ef5f7c611896e4
R2,137,gcb,180000,3000000,206141.62543879973,59d089cf6fb65c156af7fa9cd13297534f1e61690167d5d059eb8796a64c5f1b,097c496d02ff3d45fdbda90dfe20db1eca0c036575567c165ede41db07c7c5fc,78d7e98db9ea69e64f4566269f14cdbc48dee1f72c56aec5b2a55ef607ed41c8
R3,137,gcb,180000,3000000,318659.2931291172,5e94e7dac7d32cbe0dad0c6d1168d4bad299fefafb4b0d451499b944dfaa1916,c7b4b21d76fc696e474f5a804b4d4e7b261596bb6bfe440bd4c822206d7a50b5,86f0d6b48414cc47fce19d9d582ece045eb8231a45f34f86232a97781d99353b
R4,137,gcb,180000,3000000,304647.27232877805,de9cbbaff5695f8376148237469611c495f6a9dc757e2a3753e1a824b0e932ea,b745844479a17717802a69bf09787474a6776d7626cdeb1c6186093e75760c07,659891c127bb2885ee066b11b6c021fa652601d06d3c5b70b6d0c8dbf6bd2e10
R5,137,gcb,180000,3000000,285449.24308344565,59f3e5b7a548ac8b220eb1571ddb3d991afeb61e7ccdc83101c68076e4a6b9c7,21a758d3f4787020fbeb0953a3b714b30251d7462d7e089120731d36f35e9f1e,334aaf34f3015053f2db78fe6efe663e6e1957933a2a4a79cb3e6a1e5cef2eab
R6,137,gcb,180000,3000000,428848.7072884075,e886d06dfce9d24d40ebe1f1ecb0beb5d0062106deec4b938b6db49e285b010c,893c407da675691ad5673243d868388a2ae6ba70aac7ea40cb0f6bff254f7106,eebfefc57af5a3034740ba193fa61a3691fbcf2086a7a12a729ed6cb0d43816d
S1,137,ctp,180000,3000000,1.4237420894472894e-06,0cfeb807002f1517abac6b16eee003d61443a739a280544473e0fb12cea110d0,5e586d289c83988e9cd57e495737bdc906e9bb4b33b714e1a93ae2978a480178,00dfc030278c8206d8f3233d7369e940e3621eb30bc4e306c4650d715e1c5733
S2,137,ctp,180000,3000000,380.1429028806251,b35470fbf6af1a7fbbf753fcc1a0b81feb2addc6cb0318be59f8019ce04d48de,214b99fb0bed902f3f08ad3906aaf8cd7996622e9c1379caa4b252d7bec75e3b,cd0fa2df399b8704bfe6d5b7b4f35519eb4515452fc475e47c582e450eaec8cf
S3,137,ctp,180000,3000000,1821.5979994632014,757f202e78f5164d2c828d1580d7340fbb90db4ff33271e042d7d27836c6bf19,4ee463ac5e80e7a1325a6ee0decf27fb44111663d655a6f2442ed75a7815b81c,5c44b7a9f9582fd5aae349bdfc0e09ce1c601ce74b2f1c3fe6346af8407401ca
S4,137,ctp,180000,3000000,2979.2526106280993,faa8f814023ddd3f7b20d51ea8ed5a7df336339b0fd5a608fa0ecc9dcf7150e9,87124527e83f599ee69e7269501049b34e80b47f1d645bbb611d44b85c394351,82f81a36b18e9b420ddfd6f883b4dc31009221e0e9195598e067100e69a082e2
S5,137,ctp,180000,3000000,1545.2424692016452,eccae8bdd1a35fa9c27f65e560f242f25267ea8a219a556683af2331f1beca62,c1876fdb95659ef2db8451555ec8264625386617cc8082b3eba3b1a343f138f2,2dfe18b6f0de9226c9296c7eb9558ee54df27fa59a29da0ba509427868695694
S6,137,ctp,180000,3000000,19820.541608449214,95ec9add64fc35f10d3ce94ff06a6959da8854062d4e6f127ec707ecabb0ad48,df93b4ecb58cf02904f444f5d086e5f69458091fa6359c3432542a503a014d60,4a9b33b9b594ec07c8b3858cf8c0202354c4f70afacb50902a27fdb0c1c14bab
A1,138,aor,180000,3000000,78112.85213828925,963f2e23167dc22fc6c3290145abbc7bfd6f1b9727f2ef1c227d8918773e25e5,25757b948e3f66fa685d3a610243cf9434ee5f64aef6df5f0173f8e274d37c1f,0c86092b050799051e1d1feba904e41bb88e85ae59eeb65c682f9f70632c2239
A2,138,aor,180000,3000000,78139.65080177244,f58ed75ffc71b87db6016b32fba9df365766c04b0949c9cd12756b811fd285cc,26b966c82835289949deaef195443d21dfd5cd08c9039d8d2ac2529636708448,53fd7c43d861099918418652049a517c3d3468d4741be2508ce508ff92899477
A3,138,aor,180000,3000000,78030.99107885644,65dfe0d65b5fe483a7a1765708d017089f8bfe92647eff9b604bd1a655d7089e,c489608da8ca66c499f125587f9e1c2dfe3ae721fef10500f7b74243644744bc,1bbb8c9977b348709a30ce9fab2aaee9d14c41c2db3a479104881f417d49ae43
A4,138,aor,180000,3000000,78386.520794842,d54f4939dfa92c16fcf3c7ecaf4ebe77545c9a80248f4b20cfbe15ef82b71154,6faa1682c3750791b43988b842d72036fc4744c89a5118910037ae00d2437b5c,5cb59c33ffd3afddcbafe1feb0102c3474a0784189c3800db0b56d8dcaea424d
A5,138,aor,180000,3000000,78673.05134355312,4ed71eda26c6ed11ce41181a2b3389628ffb1cc6be06a4ac404c82d3cf4f052e,da254373456da432b649944d0265a3fd5b9f42bdbc83b320a6fae4bf16f737d9,b870f1e9854ee7eb39165752532963558e939071fb561f17859655cfd31b43d0
A6,138,aor,180000,3000000,78039.67218330012,e54e595a08ffb6b3c8ca6b036229130f9649ffcbff561b579fa2b3be190848b9,38236c3354caf0a972e3b25b001f5908e5accbc0ae207320c37b87ce220b8d83,8378e5b984b667bcc17a285f31e99cbc4d675cbddf574d9f479496497cd9929d
E1,138,smp,180000,3000000,756497.6162857538,0b19dc2a981ee2e11723e08c34a971d37d8a16da9cd42825a103533bbc09f901,9e4556f522a5f028e21b266f7f505cff3af15dfd4f18b1fd725273d9ae4a3d56,574be3c2831551f89ded5c1857b845ea2ed1b2382f5a3503d52e7f57dd9b60a2
E2,138,smp,180000,3000000,4742484.336674247,0783bb41ea31949660083b3a525866ac3d69bd5a3064101f7f813fd8e6149032,543d89b6934a879cd9d5b619584a1f4a624a0536562f62f8495ab5261f80f3e9,12cf90b13ed0ca8ed6962eca6c2a4165f0f6ef9992d9774cf88c374dd187c092
E3,138,smp,180000,3000000,7323371.651202777,9b6a7f791bc99ba21275ddc8e13cce441bcdc7e7de3d63d279758b3f98a50a3c,6361ab4ffed9e32ab1b0ca14715f765970cdc63616863051b44315626bffb285,cf1a7352cbc5d081f555388d0619eb944934d441ffc542fabe429673798b3300
E4,138,smp,180000,3000000,9947687.055097207,c537d188db5516c0dbcb59d50a9bdc75b1f0975bca021182702d29e813b17165,6c2be5ccb1889cf67258ee2fb3ec529ac2ffee0c12d3ddd72880d313fd6a7949,5032cbb609e5050ed4a9523d4f15d1f96e7c2a1536f53ad143d0e548a75bff62
E5,138,smp,180000,3000000,12862343.791793976,195d2c038b518cc2ada59fe09e0be95b012d5e78be194914e1954cc7d747e18b,87897cab83f8c54d5348672c49f8a1e8ef49749e827f92f2428e419331ba7b8d,85b7af079ef9d771e03f57146689af248bcd5439003e64edb5bf4ad6c1db1e44
E6,138,smp,180000,3000000,13925671.294832954,69073a9ffda7f76dfa21616cc10bc1f6c93a3b1929f5d9ed05145457e41814a0,7863672fd7a4c3069a3b20a89e87b53380bed5572189fa8acf0b20c8bc5252e4,e42fcd8011fb5b79717bfb732e36cbf90790e5fb627da5de6a3341f74b59e2ea
R1,138,gcb,180000,3000000,159772.80210023644,ad6e8c23657da005307e91a6c5e2964daf0ff1a97c21050a2dfc01adf588e0dd,a32a58e027a9223fcc49893886a805764d55b4eb0f48c6a6300d893428e7d9cd,ebfd9736d39ee733b8dcc72f068607f7cf41b3ee8cc1cf29a07c945ff384d38f
R2,138,gcb,180000,3000000,298478.3787087137,fcfd09685ba56504bf7af82d2a4678b6b0be2fe73c56cedc35e44820374205b2,ddd485e084b5506738b17c5de2b411bb6cd4110a501c7caee2e22c0146224f2b,ed6546e78e1008e81af3f15626ea352dacb9e63ee5afb24cc0daba5403c0ec37
R3,138,gcb,180000,3000000,356088.51696155965,81f936e73815ea1663c1463b22752977122cf774f7da499a68749efaee46d2ac,404f91d7c8932f1345031ee11cf0e0eea6a278596baa023fde8e40d18f61fc8e,c671c8d1af4ee30e777ba13725d6b64cd9392851c0a397b95b679f992cc04cd1
R4,138,gcb,180000,3000000,395534.77045126824,f69e48d418eaf97e0f5f4f50fa9e01a18e5f5ce6ca78d91fa1b89fa6878c148a,06df4f4d70794ec30509046c2114cde18067ba295ba25159bc1c9b6c65970d71,efa60f8e08c93587da2316160722475c9fe084d4989b214207853de33e9b4aa5
R5,138,gcb,180000,3000000,431209.28105585626,ddfe3bb432178b27704cfb13862f74f5a8df68e7a7a99cd6521da8bf6cc655e3,c474f1a005b400caf037dce16fea15a9c914ee9c0edea5145e0f98a5b0efbd80,62273fb1e4f3ad279641a5cfbce26cffb51f340ddf379d6209024913a3aba11d
R6,138,gcb,180000,3000000,375581.26278952084,545dae24722ac2e1ed6994738f47a26f2675994b1146e1669ccd2a037375c957,e5b6458645295bb717ba7a8f8f9ada1be136855f5e17b1ff7e48056cc1082974,cae4096480333ac665fa7ea5acb89de0ababe39baeff1ede354585cccd074b6b
S1,138,ctp,180000,3000000,3708.5299519783434,0a08ee1734f1bd9fb1ebf2a4a8fa6b116ce0aaa2d08f96176799592b0a3e97ad,c8cf7f8dedb87d4a4c1c2aa7136335a56495712df4b2f58c74176e05d59e1f52,63c4c9c0330758395bc83af55e38d77fa929c2ee201979bac7ec2a5a7bee856c
S2,138,ctp,180000,3000000,758.442661449136,a1f4652ce6a379561188285e864abcd975faa4bbf25a8df4f8664bd1acbb2571,a2ede258e8fee93c2cf026613d76d093e58e05a2ff132a2c2a44cde0c441e493,54976dca49c8f15c8944c829aca4d34bcc5386e16bf4177084d0f0a3033b231a
S3,138,ctp,180000,3000000,1073.5478868268433,e498e2a7737d951c0b0a63a2ef33ea274e0d771839247da8dff77c7d6d6cc85f,5f946982e90e734788919fd04b619d568ebf7ee9faf48680a763d5dde613e81c,0679d19fb4b525b6eef4876df46e237bf550bef2cbb80541c7872303f1a371e0
S4,138,ctp,180000,3000000,1742.0165345093285,b6f2188fd32f635b885f2871cb5d270f8cb46f9c8946a1f3a662074701e1aa5b,af6e87fa865719eabe87ca223876520361ac12473150a39eba4bbc2aa6466074,9b247330ba339ddb391fefbb17fa18051b7ce3b797a3b5388fd9bd6d98e63189
S5,138,ctp,180000,3000000,19260.358399431003,fb1e01d37403e4f2ab7f9d565b63e8999a3700be28b503f0085c8f6b84d2672f,82f38c7e237e5d9672f4cb9243329f8c898d5dc7678445c948e9b85729eeb49d,0f0031ba87f4fadef888330173cb58f8f2f1d69ef106a813cabfe011b6afddcd
S6,138,ctp,180000,3000000,21573.13283280413,35a04d3c7ca091b51f7428b30f2936bc19fbac0fbcc9057ae36ecb3a38d7972a,04725b90ddabefb5571e3f2faff0edb040e58f704a6b0fb25b614e206df7e1d2,2522ecc6944ac66c33143f1ca334b58735163394f55260d0e55333cb45dc26d8
A1,139,aor,180000,3000000,78118.3970751342,df2fc3e68657bc7bf81e371b36fd2012ddc8be6de0d00acea4e9875238c52d45,3e0eb40f4fd8faa318775e8bb9453ef20f14880b66dd3d1ee737c71c003c2670,e09e706b5bd10e922ee92e4e98f89b32250e64ead0b209a43ceda8932c6d8429
A2,139,aor,180000,3000000,78011.67511981729,eb4b202fd1ce069b3ddab36d5f9bb4b63fc393324ccf27bbcea77e59061002de,8d7589a13a45e9e5bfece874aa90f34e22d41454fcec647630940716ae33734a,98c0551e6c05b20eff5989903f5e791595b0892976b76f43bcf6b7bfe473df4d
A3,139,aor,180000,3000000,78182.84539481021,5e9fe734fa6399f4b1b7b791b854bea083c518599048bda58f507461979fa74f,eda533f036d7abe1345f663f862aeba61a58b8bdca8c3789cbd0a62fa46d7cd6,b7926bdba2f5c0ab1ed61a0c158841ca2b989698149971d32b08bb59eeb3e0e4
A4,139,aor,180000,3000000,78275.99619121358,4eb80ccfc38f5eadb4be5b09234657afe6136c138c81acf2e1728b514267cf0f,988e970ec911bb7dd5fdd5fb8f3ccf9f65fe88f36af3d142ced5fe3eaba58b82,d63b14b0ba2ebe8e101f414d7f00c4ae26bef74f9fd0ce10351749c6e3b75db7
A5,139,aor,180000,3000000,78521.45424534062,cff3bdb5ce386294dbb3a09a4c1a3be80b97f7dc685d1b4417f872cf5bc6ec4d,2d39d54e40956f8d1805728043716e553535aa1c1064874912233ce98abb81df,173d3493a9b761305441deedea43dd44544bc7ca054b9aa5ef149f76031d2881
A6,139,aor,180000,3000000,78133.61286721747,3d3314a78bc5c12382a205c0f10e26814c0e02415c5222ee113fccb39b315c5f,7cd90e9b5344ba0ae729c3244d997504ad7fe14142c8d734d00b97785c58bf8b,351cc0c5ba4436904371bcd5caeeaae67541bfbb0d8b13799cb46ad9d7082a75
E1,139,smp,180000,3000000,1158103.9687357878,c35e2d40919a8784ec9ff389147fdf2941a99bb94128a2ed31fb42ef997d8c8c,5bd0b5b37a64800a7e627a44d0a276c51133ff4b63e077e9f939a9d4c7de57a3,7a6e9a937443c717590778ddbe972df43e933b7e5809a81c75eae74b8096ca30
E2,139,smp,180000,3000000,4117014.523839379,279bccae6eccdf156aa70beea962458a407da6ff2487a7f52aee9860b7f76330,f1db35c97320cd5e88690e5613ee95b30970670326251acfc904ab94e12e9ec5,349ea8f0dda508d8f776c3db62fe33882b8311aece1aed90dcfc8cbf0b168365
E3,139,smp,180000,3000000,5395986.344145216,c673bca4b92b3de195fd81f9323b86535b97589eaeddf2850b8c5c874db0fa23,9ddd1d3b040916b40dbd66b908ea86adb093cbc3b4e0092286a2a0cc1b6aab98,8cb38f3ba03678a2a68ad219f9a3301ba6a3a3656d4226a75fc625fc2b21b99c
E4,139,smp,180000,3000000,10043527.3422282,f4e41c12706433b7c3f1dae1c3a8256744cc50d622f6296546e5656fe0038fdd,cc3dc22ba63ea2b70e72c841d2451c80ecaab543e7e32429dae931a2f351c5c8,59aafcb51cc4af490fc364f693e11baef4434b7a628b7643cf5ca29c8139e68c
E5,139,smp,180000,3000000,17500229.36829994,287556d855c7c8fedbc634cf4f7b659ed3421c7bc27be34a5492b5c92338961b,e2c19e22aab32661794021cba8561762c2d0a76021543069f7e3286157ecd8ce,512cf31cf68cf5b9dfdfe572ac645eb370626cc7257b857507feea5124352ced
E6,139,smp,180000,3000000,14941967.652126849,1d2f49e9aa4f6486f120b7b4a04dcca85018585280ef901f1e76b62e2328bdf2,b0318205c55f4f9a571ec94b5e68681ba32fd46c9f1522b293b2d6f701c4f3af,bb486584ddf3c9845527921c810903e4339eda10369dd9e98de3770e90622078
R1,139,gcb,180000,3000000,127817.50921872362,ba4be7fc8ff202c1fbc0a7b3a51727a68c1b7b5adecddce2df61c8c0fcd3efbf,bd59a1ba55b46fe6209126465b5fb869c9cab8d4d39cf0b5b25b0a780e9e3b74,acb09fb3ee516c884ecbba9ec00c87857a2846094d6d77db2787b35e2e1c02fd
R2,139,gcb,180000,3000000,192372.1522324182,e6728592f5dd2da7dae4f391e70521f7e31b7da39e92b028dbf0f54d3ea78748,c0487256d9a00640900f70375b828e6758c203c573b32ce6a4759ff53d640b4f,d3dd3021aa80446a8d6dd7e0e72ba6f74a79e71a149802fd9fa92fe0b40ed14a
R3,139,gcb,180000,3000000,321493.1359498907,41b6705b0bf61d89a6bb0a99f84096337e3b32a09bb4614acae878ab2cc7bf33,eb7c9bcc29a9c20b02b045b903ffcd4879bb6f54599bcaa39ab7a59326a7319d,fa8c75d3da31e3a24ad86c5bf85cae440a0c3280ec878a5ad8bee4fe81fbf163
R4,139,gcb,180000,3000000,326639.11346679565,8b4c93033f49dbe07abc177b8045fd3044977dc4bf8feabb393e5693b5bcb0cd,9099018ca117c7fcaa5d2a43a36222d3c6ab00bb0d47aa0ef49195241a4e906a,bdec5f8f688f6383eeedbf0bf6789d9b60b8e25ea262f0ea36defcd256475fc3
R5,139,gcb,180000,3000000,327815.9820254475,b0cef44740a9fe37b85a764f29a9d8f1a11a519840bbc9c58b9c8132b08fb6e4,a45de8ecd2e635ce6445eb3797063d1f5a1576da8614681e1228d2a6ef03e3ac,db977e2a5eb0d2cf6d04b24211d8a846254cc04b457a91024022696ca871908b
R6,139,gcb,180000,3000000,390954.57636783185,fdcf2a15e3897428e467fd4675bc0f282d473f55b70cdc6bbb7b7f605325cdc8,3e60496f7e2864a4543913547234a675b3269ad19f3212ae0e0d6c45a5b79848,f7ad44d3f565111c2f887c7e481d794c7854b8532fad30d674fbfadbccedf918
S1,139,ctp,180000,3000000,3.5745648395862125e-06,ec5fc833b9359c7db7ebc44541e5e788d9bd68af1ab040287f02d9874b71b7cf,a58fd471e9fd224bdd73bbf62dbc3f896e1297808062da90ae73f2c3fc0e343a,f3ccc6fd374b189a3e45f686411c957fc034acb1d4743a981e2711d9d765d14f
S2,139,ctp,180000,3000000,750.5809552289226,074f858c7d01a63f614645b409215e332f1e8a522d4abf1bb1816ce1d5d38fb7,801b7cde09da930736bb60b11dd3fe7f2c4f7f1ba61f8df4cb1aa3b0aa974b2e,cd4aec07b3efa0a02f635133dce87f6a48f37001a9e713778f2b7bcfa7040c1e
S3,139,ctp,180000,3000000,4735.5833076658755,f14f17bdb95bd74877c566522a3ec36a91ebdb069333975cab0f7903ef4ba6af,18ce5bf5a68fce25850cd565cbed89ffb67e282a451a62c61bd32415dea36954,4fa8ef86468f37acf345558efa5917d3d97688db8235c15f4f38dcc088c2797a
S4,139,ctp,180000,3000000,13334.186081631937,92cd81505624e84bf0787dd8995d49ac9208d9945b889f582425dfdc8b74c493,91fbf368d2f0865b2e69a7404ef56214b93e2df82e434b140ba885e26c34c0d8,9ddc666a1ae2480d99fd0f7ee84186b6057142b266e73dbbd8cae9e7050006d4
S5,139,ctp,180000,3000000,25104.710009811377,61c837332a04ce33863b97cf558dc283d30852277aecc4a2aeb519ffabf1f688,6770aba67f4f50de8bd6824a6f437d39ec9ccaff71e0ea89fc0e28fde7e39bbd,9e735bff2b033eeefb29b983e0ac6e8c4437b5b0e3a3aa2b53941eda71f45c81
S6,139,ctp,180000,3000000,24441.4087814197,9f09220e3f9869aadeaf2121a0b40b13adc2e329a94a7c4aa3aea102fc0a5133,cb04bb3d6617c155b444af4048cf012c07557b20c4262777ce4c8ac66b868dc9,9e63bdc8661e04fd633fd568fc40d180c53d60e740b2297e7a0a5c9519dd16bf
A1,140,aor,180000,3000000,78468.98300007202,1e3bb82bf7ca85088d82d99c5a8ec4b347a1c0036d29220bdf7528937905c549,3e479225833d9c35eca97be926027ff4017e5d1f311de036a442aecce8149eb6,1ba85fef9422da57f09b79931b89d186ed98db27670d4a41ea6862e0560d672d
A2,140,aor,180000,3000000,78278.66687877516,fbefaf0b2896826d57260b1b4f90b8f0bb24e7fe9f4f9997c8d05b1f3a8a5b9e,79b4d739bb004b05b46a1cd034696cf2fe4b1d0c387215405acd00234e595a78,7bc883003309f2fbe2d4ea99817b8644900d103b754659d4026e47ed9543800f
A3,140,aor,180000,3000000,78205.19917401233,38b3850ab7351647c812a2e0d8c14783e99ba7a1459261891e75b37aca5688f4,5d3a68dbd38f587e81ffa29edd1a1e5ae1567e4650789e56341e3aee02ed2d5e,4fe5c0230dff4adc066607b6cfb3ca5853412f128057c3cbfb0296e6f75ef0c1
A4,140,aor,180000,3000000,78212.30454455258,aa3002cb82263ac311da16887e33c018d3feb7ea6e9e79186a431fdb4e791b16,e1bd227a5f4d31ec2e6c9fc95029b3c11b77f9f4de62db42471149861e21f851,c3614c721481506ec48bb93cf8bf8ed2e1df4f1b6af590e930711f5e2ad90ecd
A5,140,aor,180000,3000000,78576.03138604041,bac31d55888b4711eb143eacfca6daec871fc2f9a820a139661bc933064ba3ce,f8049a540e55713a15a859823dfa60244794f0f1ef7eba7c8c3b175098dca287,8bc8683e5e98465ec9839a07528f8fb68672dead86512fe1bae191a8d7267014
A6,140,aor,180000,3000000,78047.88522142639,3c2c0a0304426d7e57d9b16c7e4bc57a4d7ff0033925e0bbe5ae3f8259fe0ee9,f449f282c5001210a308cbc94fcce5a8a8350f03455dedee95c92eae0466af31,c64f62eed1e38014d7d763cb2bd3c4aa33dba5f147266ac7c77223f972a2eea1
E1,140,smp,180000,3000000,2515271.746482046,39ff2f8fc4b790a9ddafcfadf972e6f1d535d856eb9415e277862051e92e43c9,c94a8204ede847f07a8770807b0b6286d17eee9b9942f0b7e9c581b2f3a45c55,10d7230595822e21858200b4b3b7cddb445989762b3bf5ed1d9d27276fa87242
E2,140,smp,180000,3000000,4390438.126070116,fa856cdaba26ba9ec3ee7d8aa3f5c3bc41359acca957ab279c6b6e2882716ea5,40be854a85c01b508d4fdd192ed04eb81bbdee7e55f84ff7a0d41e83391ec8b1,0ced141b29ae9bc9c6deab96a9091aef0e80f3fe4574afabee41e16e7cf49a0c
E3,140,smp,180000,3000000,9584437.979830561,bb81e5f999040e314eb43ffd6411d5a52b24c919054136570c913efbee8c9fab,8f9d882b2265a6e88d7def2337013899f98cfa2f5478384cbe56d6d142019133,8e0e32bea1e02cc49bda1ddb9e54b8746b4b149955dc3af0ebde851c18d4f4a1
E4,140,smp,180000,3000000,10350926.520368846,3bc0e1c2cab5931f9d92a620a8457b0e3ab6b90ede29a09a3a5602f3c6d62b2a,c7ba91eda3d6fcf796b703e17250bdd051fff230229d3b6fcdda311de76f1804,8492b583b8399f695330dc38feb9aa8a508a18d10775803f970b35717995e773
E5,140,smp,180000,3000000,15951120.982310412,d6978b080d9b455fba9f6db2c8c4dd18149f34f6acf7110b26493a0fc7cdcadd,f38c7a6de54d0c3766d8968cb431742ed556b3b88327363b2669aff4ad72bab2,f98600f3b53383a0a6222c2387cba6e2b0d3e656a9d036ff18c460cc9025e3bb
E6,140,smp,180000,3000000,17524822.20987109,ca183de9fd8ceeb5e9a3eb8f97f22485aac5e99dd78d14295147e2c52d0ef512,6bb3ebcb81d958853018c170c8fc1db0729ea02de3ffd7f0bacb7f2b4ad3ceaa,8ae11cacaf4be97cdf4727cdb6dde8c960480690c39223726d3442c22116ee28
R1,140,gcb,180000,3000000,158827.85813147968,b55678c99381f61f1a3c20948d6c0145b98dd700e7af355d82fbed7c49ba473c,79a79a500c1a2c9f45e97ac823b8a7b3c6c346c115559313e286d67eda81dc0f,ada82497ea41d34e1598cb60b6f756b2004229119e196835ac0d7df6849a315b
R2,140,gcb,180000,3000000,222685.6511124306,9fe22e0dc6cf979e085a304faebad300055d18f46ff7bdae11d8b9b8576b815c,57af5b2607129ff27b8789b82b3bd77c1bfb0ebe5cfe458893d293949f8b53d4,1d44aeb6925a8dc9298598cf5f8bec51a153a101e876cc4603641bee1eadd313
R3,140,gcb,180000,3000000,353267.07131977216,dd7cfc63a6f6a24adedf4680950faa9ea569f2b989598166387aae73140ded15,132fec80f679ad30c01ce073a00dbaad05fded4dbeab05883d61c8d828d531fa,1c00457b4afd052b9062643722342f994494b8de64cc9184f243c3131f983e83
R4,140,gcb,180000,3000000,371643.5073330208,9fd4e1961813aab18d10724ba5ae7fad91dc9fcc6eacc1669ee31884328711b3,fcea4db66df631079fc5a6d614169f7166297d9131ef6cbc89aee9f6c48b0f4e,0a0d5f54f30539519ccf65906e6bbc1991a99c6595b4e1435f06e5a1a7aa9e64
R5,140,gcb,180000,3000000,305486.54074175155,86db0ec626f3c2dc34cb7071adb6e4e18266f703ad98293f9fb197323b60bf71,c8d25d96cf8c8966f4a787c1268d21acc31fa47b3ed2833105b453baefb717b2,f52ec916ec2bf2a10c8b19901080c78cdd791f25e975baaea805be4bc604d4c9
R6,140,gcb,180000,3000000,440069.9033088189,3e57fef14783e6fb3b9b0654e990060bc395395f882bbe76e60fc494ec22eafa,440930ba6c8a6b3dca36fef936942026ea24d29ebc74ab9b872e4027cd450484,5a98be94227a1a6f4183b437349debb880ebcd8f2e1246165edf1e9bafc9d263
S1,140,ctp,180000,3000000,3262.1378961551386,aeb56bde69b24d291d67f0ed03a18412b404bd0572a9c31edb5e6a673d178ef0,b04d55e270c1b18ad873303eca5866bb7b8cecc47f9e5ed464daa378c5ac0476,927130407278c39cff3c8a9792951d703a3b27243792f11a69d86256ccf1b105
S2,140,ctp,180000,3000000,592.1463224174156,48fc4420033431aba16e042b29d8b9c04857af880d53d9db96cbf34a33ad9208,63a4a9898546b83e0de050bebebbf57b3f4c060e25c3e7e8cb74ddc26ce495d7,fc60159eb9ade12cc93c2a2382d20a6ec860f689141917bc7284589ad1f0d7e8
S3,140,ctp,180000,3000000,6434.996650988087,34699f13707fd05ff376bfc6f4f13c16b3e10c95adb8c7717b7ccebc86395f88,655f953f66bf494aac271468a5621940d5936f56229ad2e7ddf87e13575a77e8,9e63577a3e476f9366454b5785cb43eb2778cc8ac76c94057bdcc76317028184
S4,140,ctp,180000,3000000,14288.958668850586,4c8c18a6dfc394437307e79f1c858ba144b7a1d2f9cad4881043e9c92cf40260,19cd8aa17bf40ac636630e01f99a86d4f75c04a119074117808bab5df23074b5,df63ff3b576e3a470bca8215d3a7925bffb5be103f250bb912c23c2d708d6e48
S5,140,ctp,180000,3000000,18909.160982626592,0d9804b3f7217286dc3ffe565e77ce2925d3404ff286e04280fd520111facd08,9dfc7eef34b6b944f19a2cddc0708966af9e544f4038b4c506033ab3282d677d,a46b41256a4d68b23cb825f2ddfc0176b36b6f7a9cb4cd0fe8df85390bc83445
S6,140,ctp,180000,3000000,13477.90837797826,a250183e519ee35c549743db085f4272333351b732bb26f64af3574a571649ce,b2425ef25793313a7e85737e2407204e1872918793611c6c9b0f4004872c9ce9,eb9d974d113973761d828d6829820e9773ff2e6716cdb4f39fe5b2b83b82bd39
A1,141,aor,180000,3000000,77902.44567411118,cc75855c57659e946429db96293f46eb59643ddb9c738bcfc8c585b0e8a8cb15,df816719768e8f4bbfb971e0bdcf1dfd625e5e53740b52cc4fc998ee41b84c2d,9cc63c364ccb767327c404df082ce256089961a44cfd9793c30bf6bb1530debc
A2,141,aor,180000,3000000,78200.82799950338,1629889d76523859f462197320f4503bc85da7bea33b24297efeb48503fa7d00,cd9b3e3d2ecdf3728b2989986714c87056efb14a2dd737401cf1155d7e8d2ae8,bb07fe11a4079f5efecbf25ece1dd6f6bb488c7f2c50161c6c1ec99440d600fe
A3,141,aor,180000,3000000,78197.77483994642,2c90658b6e650612e8e3a652569c88a68ba5f8d3bc81fdf353605ab63e05b65d,8ba907524641b677021edd14056f4792e5e3f37b1a2434fc8cee93c3faac8d8c,0c95433b22aa6127b5677cb58e7722cb97cfd23786a0750b7db7764cdd3c79a0
A4,141,aor,180000,3000000,78241.92176096005,bf65647f21e077df608e65b166a8dce37835645d9f8ed84c6fc6a3b190a63729,a2f78b30bdaeb8124c0917d29c1d8d3525a8f2beeeea88f0871542fbb32240fa,1e422fd2302491cb97ae418d8d27783c6bc1ddec6243acc37666481a8c521c36
A5,141,aor,180000,3000000,78299.97232910852,11e387bb340a512316a23b16339bd60556900ca1c88a4141d4f2285a39a10c55,3b4653f6c15ecde7111a7756fddffc2ca3b518a3a4065b5efc38a8eab52e20fa,6d2e3bb5295f15f969e45bd6e880942e847677e9ddda5198719b92897fe0f9d3
A6,141,aor,180000,3000000,78181.65451462388,394a27a5d9e25f6012e4918bdc33bb0b61156650611ff042a91be375f68c8eaf,2f4e84cb6568bbea05f2366a4bcb00ce2886886d53adf238d7bb92d8cb55b6e1,9600b0b9b47b543088d9cb84600a10334eb394ba36c8b0a4a3f71c81947a8317
E1,141,smp,180000,3000000,648202.4652046427,3ee7d838bfba16fca44fb4d7c0206e3a3d2b33b224a1b3d5965009cc44942e1b,e53b14b33bbcf8a217bc900beb9362d0ec970558c061608d089d0c2c256e3fab,1d9be19c773f14f647af3081952d6332f41b34d0983aad20185eb4de6b0813fd
E2,141,smp,180000,3000000,2812687.768577819,936441dffb76c775abc7cac8f07da2998328c487448690a590e1096774e261f3,3e162b59adb8eb52900088fb03de1a514737aaefb33d748c1d5ebe1ba5ba9356,912101d6d1ce46c2a45472d8f08d40f2907d2f79233c29a87e2406c8e9ad033a
E3,141,smp,180000,3000000,4521160.325372639,604356ce21380727d08eccde2802bea501e4fbe17ad95887f551a5c16bbc7a67,8887269f98f16770d5f8059b9c32c8f907d58dc04c5e524215946f8346e74f9e,1b293ae9e4af10218f37b568cd2a260b2afc1387064d30a7006c6141d19e229d
E4,141,smp,180000,3000000,11888008.884857254,35fec072cf9abdc7ceff84e63ba7887954d2e163f8929fa8ce1d438895604c89,1a43f8c0cf6c7fd99a5d8d9b4b8e49299c6f42753217bb9aad70f98bc7cc5177,18109304fe2624aac45cda53bd35df599624d0f4ef52bb1b143e2e0d75308d10
E5,141,smp,180000,3000000,12644630.64999334,15cbfa8f5176f5bd579974c5d9a6895c0b88afd7a134fea90ae5ebd2c7893ce1,19035081e9b8e6cba4759b8b965b32e0d26a1119b975e7b671620d8c8cfd7569,71f973b8ef2c8c6c9b661ef9b6717a730d6ebe69428e7dd9668d4f034f805335
E6,141,smp,180000,3000000,20719832.28069259,522030232ccfd7b02711f5a89284bd2067f5365938c596e19e962f3436d29d39,1582a7bea753e6cdbf0c7ab96552ab9822b648f7d1e23be3e1b5014d5cb56b5e,e5f5b42609ebea85aa32f1278955601901eef8df6e7cadff96280b3a67d7694c
R1,141,gcb,180000,3000000,191266.8159019662,e5f3acb4479aa93458d29bcc8ab9e8c60f8c4168ea017af8ca724c2abb9b0b2a,d2e16ec33beb15703a59a43bf5a1d7c53664e703cbbe80ed986e594aef32fda7,19a2483eb14caf76a037e221e45c52a21e1724a57a5a88ee2ba37de721b19b5a
R2,141,gcb,180000,3000000,192964.64638829473,91f9f1911d559f8e507b2f2b4171842e7c38dfbf3d4e95f9bc18aa08f35f3e5f,8800db07b338a68fbad5c3d9bae78e22d4851e7171fdfb838d52e9202fbfe48e,1d0ab6589f212ec1429dcebf06e31a077919fa051b0af02cd315e05b75d8e40b
R3,141,gcb,180000,3000000,336599.90520323353,3d6e1bd0ee11d7543df7b9ae88a09ae6396b72dbbed684273923b1dd43ac84b8,a5fb1bca613b67737eac2f936464a74035086e48f358fd4ca6b3b0ddbf3197dc,bafe03484f3811ada47e6e28a938c4a0c9427ff31e348f43e325a05974a5899d
R4,141,gcb,180000,3000000,427815.2391163982,c3fc3b32664b0ca81b0c1ba400021a67f440b9ea4ef429434cd95f479374d5bd,0c22035313b4c66c78ac228ff771ef6fa04df84a0b6e959397ebd53c3cdbafa0,52b03d360c39e7d14aafe75f8f8c820b9a89ff9af20e8dbec59aaa63ef1ddba4
R5,141,gcb,180000,3000000,326600.32104237744,1a5bc4151a3ba621682408ca82c10889a29bd7bf2e394ecdb23ccd72cba690a2,73ada4ebb4e6d7a00bd0f928fdec9fa241288fe83920a742ca18593d9e498262,900811cd7e020e26150c43581b36e921e50b95646ed3696eb6dff4bec42e874c
R6,141,gcb,180000,3000000,373348.7416577107,fe24484095e72b9ce329e6fd6ecd2d50ca5a1df042981cf7ccf2bb69ef1f11ac,c94e4128350020454b745e8ccce6673ee5bbb6ef400b098dfa4499d107659e91,9dba5edd3d3a902e3d0a1e595350f0da3d83b8ca283ffce3afa0da18d4cc0ee9
S1,141,ctp,180000,3000000,3.840384553415287e-06,4d28ac1fd2bc370ab4882fe4dced65a851ab16165ef3fa19c0a2e67f09b4adf2,9cb1ddc045b3a5c5d5bf7a8508d7da1bf0b86f47c037f90149414595df4eae73,b8a7c5058bac64f1903f19dc6e95f17d96d80f3265c84070d5c5b940a5ad85d2
S2,141,ctp,180000,3000000,312.447351893275,d68de86549e875601c7b92cf248845a344cde8714a0cc09f2037b94d84787630,36d7c1cdf1cc32c28721ed25845618f8678f0ba8298cbc32a2461473de91ac52,635c7efa13e265dc32061f51766c9e98673310e26e675cf39293c56df245ad64
S3,141,ctp,180000,3000000,3890.752096130354,9958bb1a8f4013f03d023a9e91ac549c2bbbaaba049e3331e04f8348afe9620f,cf8685410c971a05ed41e3474e084aaa99417198eedc95e970a5935c812e0938,2e29a98992289a7c06e0ab96b63e6974c81c52f6ef8b2986cf5c40d9f0679993
S4,141,ctp,180000,3000000,15177.371678841155,380c16b0e49229b39388d1e11c1ca3c4e933764051bff91b1e8697cf8fef901b,9e81dd64815a4d4b1a62d9b91cffb75a6d1b2f572a4034ee3eaccaa3a4b84ab3,c2cc6baa766f7d2882d735f0ac1940d255bee917fe87fb63836e94128ec69e7f
S5,141,ctp,180000,3000000,75836.04009289335,fbcf47104c1a82afdc35ecd0e0b1ea43344a70ac7e68142fbb55e784b7f5c5f2,5bcadb9695c72e6f4cac678229fa0027cf92e711bfe7dd5a0e0e19ac4625d6b3,c667bfa1e6a3b58bee42d643e3608b0a1fae6c5447408be6fde7815b322435d0
S6,141,ctp,180000,3000000,17115.271817296092,a89448650eaf908622fd90a5f5507529ac331406b271eead2998c48056fb3f6a,4bc38cf8a793b50f512b39f481abb2964072c1573b8a7d649e909f56e91e4774,3da325c4751577a2fe5f86e12418f1429fa0638a44318568167c02174fbf2a39
