case_id,run_seed,selected_action,phase1_fes,terminal_fes,final_error,elapsed_seconds,checkpoint_hash,action_result_hash,receipt_hash
A1,20260745,smp,180000,3000000,77693.65238385802,2010.976539,ba4ef32b6ce390a9b8d24e9fd206068a385102ec9d4fd68f70e834b52c8ec59f,1625e989115eda92936b996d28e23148cbf2bcce267cf76e0657964c2ad52ab4,f171e83fe13f6b3c308b6a65982d441744330e888af7bdaa8f15c432dcaef9fa
A2,20260745,gcb,180000,3000000,78135.49819880552,1333.970032,9b0d9f4eb1c554d198ce351194fef6004771cb27ce99b38a6051a3fbe72b280c,649d0e0156fd6056929f23fab45d15e568718e56392430e37782050c1b59c1a1,2165160f54c063c9327af2b6d511d96880998c8359c53fe8781d8a67e76099ed
A3,20260745,ctp,180000,3000000,79018.33134404919,1220.180876,d42a49b9169f08dec4143e399ec6d9710058fc9dea513782b55ce94f41a0460d,9d259b26af5b43c5b39c028d67d6d8e1868fa80eb129ea74d739ad4ac79d9052,2666236f8c6453cf4dc0b0031dae2c8fea7c1de9e815c261953943c49d515d59
A4,20260745,ctp,180000,3000000,79132.2099911379,1238.01265,f5b391d18005fea6de3744e3230de862587f5f880f619404b82cb6cb31917d2e,bec886ce5143d1f4da2e3aeb61b731ade2819ac323b75aa4b89c44d6bd9c10cb,695894982d7105c02ee2e476d502d0205f1c2c69f60f212160d20bc2240c235e
A5,20260745,gcb,180000,3000000,78442.95952566873,1394.740667,c49e5241c9b41f3f79fba0f52591b7dd10443b17671608e386eb0e9de9d2b1ad,68318816fc901129e53525c5314109b5862fba5598f19f603c6a76c3e2210252,0744b0fc887889fdc7f55f8341a5cc56b75cf787f3b66d12df0feec89ff36bc8
A6,20260745,gcb,180000,3000000,78097.87181194343,1427.583262,ccbd00e039dac3c98e0ce6ceb993243db09d9dffa9d56aff72f0ffc1cc1f6db8,7b9f958452c9a6f674b7689e05ff257bc9faa2d13b78c142874923325fef750c,6aa39c55c4cc42efdbf23e2a9f707c72430484f0efa1a213c9a0a690fb148bec
E1,20260745,ctp,180000,3000000,10116773.484905517,1090.976417,6f5e344c4c1b1c311209f85af65f244a53fc158799e274e52c0c05f3be9e735b,77953c7717f2277682b594277b57335509193881e4ba464987ff4c2436ac0e08,5ec6ad8942765d38a5878919b5a5c3d35e7ac44b6c3e04dabf9a4696a4117209
E2,20260745,ctp,180000,3000000,8984780.817287687,1101.231109,ccc7667a4fa5451ed2ef09d512bbcdc3a64e1f53dc7dfe444c901389cde7cfff,34fe9ced5938e996aa9099fd32368775da69fc7bf7fcf75022408ac1d55209d8,80609f2708dafcdb4013c6e9878f56158bb73184f485c1bd76b814b7cd191f2e
E3,20260745,ctp,180000,3000000,9979422.372974621,1127.093799,3cc68b686685f3736fa2ecdc43c83801dbd7b9905e5e2cdbadd621ca8206d230,820d1297ab4ba4baf573fa68423629f193b3faccae6f816037e08ae21136d5a2,54327dec486a4fae88df33c538b915b94715fda14c25259c8034f862b8bd9e7e
E4,20260745,ctp,180000,3000000,9926042.642582567,1145.449237,bc76129a8965d170e318d4624f991aba0f6309118be0c46b514ace5ed8bbec0b,01664480573c767732978824329e800106135f07d53230b63f3e0842abd73972,44000f012896d36ca343ac81f7848d0005b81a53c6e2255df4fc2b71f5d80bf7
E5,20260745,ctp,180000,3000000,12013704.472590288,1162.009266,eb9e5ec731a369fa69c8a1b079dbdefa0173ee7376314f78f4f10212bc92966e,2cd32c72d994a683b7cd88da25c926b910cf843fa50b02e66db1b53f1b7680ed,4622a9777de84ce57eb46394c19de7163d4b46d774db444a5993eeab71148597
E6,20260745,ctp,180000,3000000,10492610.304566475,1183.909324,328af93fef5bfbda945f11c597a163ac9ba5264cd9be8610c75e45873b115c3f,9fdb751d9170beedb57f49e134b46eb0d8b351441752e490f0296abcc709dc88,32ec68ffb30e1894602d071fd528f8b36df18ea6c75d16a69efc8eb23599d430
R1,20260745,smp,180000,3000000,255976.69094749299,2071.543848,65c824b155f47c601c258e590dfcb0f9a60e2865feefb3255f0bbf98298684c8,3c238b107563ce0e5d2ed5b6cf440facd8e14b6efa1f44d5fa5f8074c17abb05,a2c4e6d856bc8bbcca67608ce7c61e3fb8010a28f65334cbc8dcdadc639e75d0
R2,20260745,gcb,180000,3000000,312922.4379009312,1241.728566,1502b388bc2e10991baf10f3c9d8dc2c81cbc98e720e21b67b37dd570ae04664,60a6488b6593f6e2a588b0a6223f6b7933ead33896d4e6753e8650e4b0a709e7,a85400a4412325e258e1d555d8262c414c06765c57035d25962365221510356c
R3,20260745,smp,180000,3000000,1523535.640910371,2715.299811,3c81d22ab569ac8fc81403fa9ea282a74bc9ea3767be2523a0b24e39d0cfbd84,97ab427f54da539b09d69b30e02aa9c828c22b518c60b8a31918d81d6a14e96c,730f785ee4b051c9ab241aae17211768b15c709e0c1e713483f31acffd91c85e
R4,20260745,gcb,180000,3000000,393460.1874149482,1285.242967,e2ea4fe6453156e782e76d92c65543181994205145a8c11e0b7052dfcd09b5fd,5044f0e6e1d36333c78a309f242e1e269adda0b6fa535fb6f2f61f647d027b6f,3c89e4db588093e69f34fbe8fb8d7f0a34b0e7657bf91b92c6e13a252c1989d6
R5,20260745,gcb,180000,3000000,401700.0074377308,1292.519906,3becfda9463d07e85abd2fd2f94fb44606717b3e8ba72480d12b2b25eaec8fbf,88951db20bd259f3ebf87f722b7385690c32c6388852abde26a4e5fb0ea296cd,6c09618831bd87af6715006cc0082cd88038b9ac24914799d608bec5221d5dec
R6,20260745,gcb,180000,3000000,448855.6933422726,1330.736088,dc4d05049bfa1806af1ca6079cd3ca4343b181e1388967e7baa7796e2b6b8f19,83feeac09493892542e5fff2439ec8f3de447e7ace8b19dcaeaa1fb268de3da5,f6b1a2e3a2b27b1c48023113efde08dd34e6b6c0060d0075d8fda8dc4da8a7d7
S1,20260745,smp,180000,3000000,0.01839657102244535,2114.817774,b910f6f321c30a7311606388c3c9e494b28d67af4de084ac45ee4588a58520bc,e38774b849f8f2369143cdf7deaa9a4d2ae53e089b489d1086dfb42e3944139c,0e2973b0e1f56de2474e232232a0582bb12d59876f7ef79275e5e223f2bc4b2b
S2,20260745,smp,180000,3000000,2099.1474592574627,2360.968178,124e01f938cb933d7aaea3d1b391d52729767dc1ac3d9852bcf98b634b7498db,0259dbac3a31485db325db247c9b4e40cfc8c96ceb4a9acc479ce3de750fd539,c04a9f7e7739093c391495fe7ade682f28744f98bd7d51632978a4efb3955a5f
S3,20260745,smp,180000,3000000,8132.483235750134,2637.611118,84a22e90a49665a6e3bcb3024aa03bca77bba9f9818169f9a79b576f3a246204,369a722aa5472a60746649418e5719c5f37ff8efe816a8c4e6d3ab74fcf50e30,3bd1cb775a091f9947e5902f112d78c7f9fc2652945fc98c4861c7a1d032baef
S4,20260745,smp,180000,3000000,6796.293093129071,2680.889832,cf7bf8268fdfee91df798277d037673266ef261f21baccf02c8e75941b04c450,7c4f10425376d75aac00fc2989d690bb0daf554ff8e0c238f05e0eb22bf396a7,928ed52b4076f998b9068d586d8eb7b1ecacc59a6f2e63489ee0aad5bb209291
S5,20260745,smp,180000,3000000,9840.357513826031,2680.817292,47245927e66921d81ee0b713d832f1b572a572ea7d05cc5eb6bd27fc6bb5767b,2735afe85fe080d0708dd4c1f779fcbe71581c8bb2c7e887184b5d14e97632b8,c64a6f948566c47b1885e0587f362e446f1b0f972f963fbaee8a37b80e8f7bdf
S6,20260745,gcb,180000,3000000,71203.47494732917,1273.018294,f9c07b30e9ae960fe0ba44ca06b328148858cf3cae573182411fb35a30f2a2f2,2308f9cc23c5c576d652057e2c3a282b6aae1d5f800ef0d9a9014b708a2632c9,d79b4ee794fed5825bc37847bf513c9116158ad401e5d92d753dfa6d3af34a38
A1,20260746,smp,180000,3000000,77667.75617572575,2016.247154,8c46e7f9087e32149d7372fcdd5fd0364cf9415d1e3b2a650c02eebd55aaa787,1cf7b695a4cfaff27bf781d7fd31b1b26d24ec10499d9c6d97a585692cccbb57,d177604ab5f91ec97d51dc36b1c650e8fce9b160a1fd8c0a5e6990db4499fa40
A2,20260746,smp,180000,3000000,78624.46538377013,2723.384861,424d61ff33a7b46b5dd230190b80fbba2d9d6489f46948ea0943f888b8f5777d,24e12c962cb5a4b2195f2cf2613e2b0b07e9bfde088cd1bd4295927efa7b2920,d147f0a472ca6853a2942519565665b5afbdbff771dc4f1a0b50fbdc9e3328f4
A3,20260746,gcb,180000,3000000,78045.09539010181,1358.045773,f4ad4192d2900b56a78e804c398395871eb019184c2a3815d0a9f998e53f5494,6b48cfd6767d81dcc9284b73eced5a62f042c80fbbbe8e924cab945e0b5b5a6b,06a3de8172ad64cfdbbd3abb7d38c225a14018f296baa8881352d54865f48952
A4,20260746,gcb,180000,3000000,78309.33598136394,1383.209837,acb976a45ce254eed35193c4224ef33cd4302cea3513d08b00ddde7206d5b43f,9893d38706d6f9b45aa0e9c898554994808f7828851987cc59c7f6ffd21f9b10,f2cb7a86a0e06b853a6a4c72f8183d5c8713354c69d782bfb101087d48756b60
A5,20260746,gcb,180000,3000000,78396.89301201826,1375.947606,e6cb97312b6959696294dc3987b2ccbb70625bee1b5b21551163766529a337ed,6509194bf0a52cfdf807869da13a551f7777a9405ce772bb513eb9fa4fba063f,403b8a03003c522fd0b1bf675c0e81498dcf1d6889859a1bfba12e9603cbb444
A6,20260746,ctp,180000,3000000,78557.17133688836,1270.743957,adac5cc3dadf80d3c96bbe96e0fd2ae484fa109581f223ee697c3e6868b10973,0a8e114462dcd3f0810adac347d7fe62bac752b892a1ea2bd34136440e867de1,6ad6185e192f66553302bbed082a5d32cb916e07d7466d5773a6381dfdc17527
E1,20260746,ctp,180000,3000000,8897860.10807082,1068.145822,712470ca832ec2e8ea951fa4382755f1b7cbc4cea02992bd9ba2e403cfdd4039,8ba0814cdd11370270a6ba45db0cae0114a16fd8e8f7d18f65a09422e772547e,db3ba17f9c2697949714522684cad599b3a792fde0bcbfcbfc83390cddeb3b7f
E2,20260746,ctp,180000,3000000,9085648.821994904,1083.816913,11e3d898eae77afb8cbe6b768cc6e8a192ca9ad81615d5df6a8c6d2e4d08edb1,fb10ee4cc1badfba5da5bd3d7b4018d3f6dda225237b8c87032eac003b5feef9,e6f98bcb536cfcbc70874423de72279a6faae686656cb55eebc7c975be382167
E3,20260746,ctp,180000,3000000,10741418.408396494,1115.303471,c6735836eb539186ce3cb8f9f257ce134e6dfffa4f6ae1cebb77dbdf9b1d44f1,2c4ec89de8ed03b3df2f45a29515d14bbd747aa41c923315965a78a86d348681,70d85a22d99a11f5e28d782a5b27843149d3d8041ec2c2d34a4bdc484ccba685
E4,20260746,ctp,180000,3000000,8459651.29960518,1119.922935,1e2d53d81002e3b9011c11a65287c5d26e754906c7d909ac5d95870c9a40e19c,306d580b7454602e1fe82884b075c63954d60032e853a9b61091ca36ffe9d327,89476e898e99dadfca16610d8301480c5ad68571d7a4451761c0f4a61f1b399e
E5,20260746,ctp,180000,3000000,11686785.792164568,1138.587249,b4b824e80317d9ae1c6020877b7077fa8c33f5a74cf814fca268f1898b15dca1,d7ee42afa044995fe46ab99a5990a222473cb3056c711c18ffba96c8cc5bd103,84072891a12efc703936abee32f4f0f10c0dad24f63d24384734fe58d857cea6
E6,20260746,ctp,180000,3000000,11694543.759928763,1170.804843,0d53f7ba988998b2124c81f52017d0b461f550f7ff66702e35aca29818488050,039fde4df6c573785bbdf02ad53f97e2502205cf46d701943bc4c686df0f8657,08f30bc1dad00c4696ba580a9c8074cb0af1f6c7f7869b3e98594cb32649123a
R1,20260746,smp,180000,3000000,326720.68221764406,2038.681069,bcefd297711b1abf279d27a93cffcd3ac387c8a2186ac144c67a0b7ee609220c,36d12c1b9ca9185c049c6e94dd35668001a986ce2043fd0b35e2ccb23354279b,83031f0d111b451bc56d434f92bc9c53cd350521a0eb65f21af175f91e76194b
R2,20260746,gcb,180000,3000000,275389.20560888015,1224.188174,ee807dcb99c78f3b52bc25c3d5c8777ac1d983f32a434cd4ae494400c2a2f730,84172c64b246cde896c91927b091c5fca14dcb556180c9b5bfe59b3519fa70bb,6dc7c54d4d036c7f0ae4c692434e26ddad80bdf0ca466cfe35348bc58f67cfa5
R3,20260746,gcb,180000,3000000,282008.8755964127,1250.822302,656bef39cc2b6d86eba4569960876ba056a015856329589b5da78c2dac8fdef6,39b6ff9290ed831db9ecba9a25d50b85932a11ee42b572a12fc17fa4773fe70b,4561df3fd2ac922ef77e4a2e163f1535cb02d7e8080697ddb0d607823ecefffe
R4,20260746,gcb,180000,3000000,359919.4973891495,1265.903612,85c9b1796167fe5d442c76c4bf44c29a517e05dc80869c32bedaa9c865ea354b,b5048c8ad599bef644db4311cf2490e9801c8c8eab400deb112b6e2238fa4d35,36e7b6f1d11f09c3399cecdb847e7f6c16f7eb6912ad9222daf9c2ca60e17464
R5,20260746,gcb,180000,3000000,448395.8266702856,1275.158297,7a15cd3cb6b0a8ac70043901d615a77c976e970bae801257153a54f98bdfd5cf,185ddfab0aa4b1260dc2c2fde5c4db6b3dd772be3e424de2cdb69e0565dd2bc3,bbc492629a38deadd7e8666e8d31f7a37aa81cafda704621e51fabd0da891a5a
R6,20260746,gcb,180000,3000000,448285.64795034064,1315.680677,99e157004eda50984ecca39324026c8ba6cb21a910e5f9b8097efe104d282a8c,7a4039947f533feffd9ae7f05a57b5ac67c972646e639789290c25c9859c4278,7f0f370f15c4168f7439666e294f305eaea2f335840c54724c9e4ca40fa3827c
S1,20260746,smp,180000,3000000,0.007237593142698291,2084.096342,3d61692ef41b08f619a266e765b30dbdf644195283c737448a0b8d01f422ba45,66749fc25295f7e103ea3eb65b2737134f49ac95e282ee8a0de439031fbeecf2,2a8f9f04b71bf679a36e04f5aa62febb3e75c8d78e6826534bc89fa45dba5400
S2,20260746,smp,180000,3000000,6154.390891406528,2610.006293,2325cc68760906b03e6639bf9b4d9baf9f2e794501413a8b7243087066ca2808,21fdf2c158d43d7c61b8e7ef315a9456d2b5e67d1bae714f2237cd7f8f5e3777,f7d7b335c0217639888ae98fe445eaad5e806452852aab16ba112d0d6fe0a955
S3,20260746,smp,180000,3000000,8449.397234783632,2622.652855,12d9520a37faf079b3e3446f5141eabb7d55eecb9cee21bbe41f31594d9a2fbe,e279b3962f657096e4f5ca869e83db7672fc2f6061bcc5cbffa7bbc5a7664dad,41fc04dfba379789f7a13882e2fe0b859f6401c34699711e8120ebf55f0148dc
S4,20260746,smp,180000,3000000,8164.6876271183655,2646.406905,b451ac1fe4ce4bb37df9ea2c560b084046433325ab20c65bae033dcd7eff6ba5,fab239bb43063ee97b6a3d47eb6ca3197c1e9ea98e5d3fd34990f07b49a94559,a19528fe8eda30a759892558737cef6711e8972b286027b8b6bf707819c25a95
S5,20260746,smp,180000,3000000,8177.919204421494,2684.620578,98639f7fc922a221c89fc1a20517d4019194e24e71700d9e603234fae6bc0a80,a1eaf7a666365548df89e4ea7350ae26fe02733210724125cad5c52a0ad2a033,7b454fadd42ba1bc859d7867fa28322bc7d1ba18cf8b9dafebac83d25c09b985
S6,20260746,smp,180000,3000000,7372.4466310981425,2686.906557,08a446898efca368d40203e27110e648c0894d59c55a543294b8f6b15580862c,5a7526e75056b8b54e4b73b72a8342ed69cb9676c6bd5eda98e547a60b84303e,cc71aa7dbe6edffb71fb4cc523827491196cab560540f8af338c936c5eeae5e4
A1,20260747,smp,180000,3000000,77679.01999718418,2001.960273,2eb52d9e6e25d9731792af43a6a52e0ae433a3006389dffdabe300da3ceae605,7221d42396bca79a263ea1606d189a4c4f214f865919d93e7ea1bd5b944a084d,2ff1886b24c63735a304acd7f44d82c11c9fba5e72bdcbd431c7856a596690cf
A2,20260747,smp,180000,3000000,78570.88192246217,2742.546233,68a1c23291f90ede11505aef16710ea42a1ba47722903402c0042cd03e32be17,264c44ee05638f888881db4a7b5307ef4e11439450ba4185440b2752afa38d65,302821fe8cc0966b5c31ad1347268b35e596130a5be5674bdd675c6bd06f707e
A3,20260747,gcb,180000,3000000,78068.59055306595,1346.31816,07dfc9c9571643b8aeb7fe4f8524b2962a156efcb0fd23a4a38388938a068692,d4d9fd9c3459e766e736d0ee1417a9f1ed47ad11f53fd01882ac71a61c3ae6c3,97ab53dbf1069259d2e188764370018fdadc77a7fb40914e76424a7f28061581
A4,20260747,ctp,180000,3000000,78199.99649713494,1218.128442,e43f761c6e1b0a1c0b8f82854dc413f8c8bc7ee0750824b2b2f2facb32d841b9,353393c8405455f1933aeb5ceb2690693e6052d5cff8eb7b5b707c60cf47af2c,01fe22e5e89a72a591551d55e8424e22e5fc90ba2908573645fd22dcb8496def
A5,20260747,ctp,180000,3000000,78507.73707227797,1238.1407,5e59f8c4908fcec8bdef0d7a15a47ec68490e2c8d7d15cd11b9c0ff6cbaee3bf,f310e174b87ca573233898cbb6002b7d5795ae91dae41e9955be6cadf0d41e63,742b72c2610a9811c41077273666bb46e054f2cfd4db06610545d38e44e8a58b
A6,20260747,gcb,180000,3000000,78116.43137272321,1406.223405,6d6c5438ecf76df6fcda2a34816f7d92acca05c43cb8aed65e407d55506caad2,3b46ae0451b69e468f7183a150462cae63ef8e04c3583546524a92f70bc242a5,810409bec3d32bcdca0e1749445bea96398bde14c4fdf800063b17b856e4c907
E1,20260747,ctp,180000,3000000,11231824.91188069,1068.143472,7a30edf125418f3d5d91b6e121bc3f9b8379259563d67c617af25a74f52f3360,03ac08ef3707dcc30876001eaf88588857d4d485acb25e7bdddaa17fafebc9c6,7dbf2da53fdd13b0887c949e37943fe47438cb31c47eaf36d4f483ec6e764cbf
E2,20260747,ctp,180000,3000000,8854835.529304031,1085.153579,de51b686c902fcab55f3ee5d262c6ac01cd7f3ce35c6d1fc6f19ea7e4327f907,8d7cf7de6574f0cc83049a207c86ba0c0059ae9e11d1e9adfcb274279498a8f5,20e58ea47535836c913ef0b9915c524e3fe7211f2e58ca0e881bc831f67adc31
E3,20260747,ctp,180000,3000000,10458081.797957573,1111.411787,9d93b0c1afd94ebc2bc7868c815a963d8caa208c660ef10fa2be71ded4c392c3,6e717accc9d10ca45694b15c5205e0f62078fc7b6b962caaf699ed4864e43df6,50456da1fb19a9ce0ac6d4de30a4db30aeb69f34ec1400d849c31e4863f720b9
E4,20260747,ctp,180000,3000000,10680384.770796113,1123.255077,c586f52de2593ee1fc9e922b1239d3939b6db4eabb8a0482fb134dc129b61887,8d07b63fb9b6f6b61126517921ccf508ad68ca813ec03dc1af3c75d444453124,9aa95ebf8c4e5e9ef0172a44fa2d46fee8cc9342d21557196058b5afec1b3a79
E5,20260747,ctp,180000,3000000,10966238.078256309,1146.393346,333cb0802895ed12cf7b5db3adb9b7e84215d0e6c9ddb67afa799cf4604442ea,0c128052d2734ca57452deebd546e06a89146b7a3b300754eec35eddf2648c5b,d28f95c5e6407de053724e06dff01ec5916d2cf9604ca73e7a8b71f445973069
E6,20260747,ctp,180000,3000000,8250602.67829655,1174.779615,08b25cef8fadf966a9c75a7fec50b5a347d12aff8135d6c08fb91001adb9dec0,cb84da615e0dbf36f507de342f16ce1eb0828e2c894b4d7d1c314a8934cf2e2e,792a8e6ca4ae515cf44916738cf528430571444ef712d344c6d0028a501ed575
R1,20260747,smp,180000,3000000,307178.8370799674,2077.054359,60cee686f06a8d0de715000b53fb95c6fbb2b3b2c90f3bd28c606da90b80aec1,209ffbfd98fe6cc84eac40aae660b91db511539980deaa6f8c87fff86e33021a,f826a28ccac4662a082008edf2182a8a35e0dd0649a0eb7c3b98c08216abf84a
R2,20260747,smp,180000,3000000,1843291.0881016839,2799.053831,26e410517705aef890955a55d3ee1407a32f99cdbc87b9943da6629e3a1347ba,5aa31359b7c953b829895b1ee41efe6919b4f55886dd93dfb0b30a2ee4b87849,db584c1a11d8861e2e21082a863677c2f41befabdc8e2914c91b7b6f27bbc0a5
R3,20260747,smp,180000,3000000,1124443.7427862566,2825.287169,2ebe033a9789cd73af50ace546a2e5894d7910680f73d051e72a595daa0a31ad,86273690745b62e80ec324eaed0ee2be6c8af214d436f3b65507c4a47bf3855d,ad120a8ed6cf85f400688a914832227b5d02a4c256d7606edeb045b921890a86
R4,20260747,smp,180000,3000000,1306952.4075509538,2808.986888,cfb94724b820ad56ee65ea752d3d65966dd3e45492896acc547436b3022cf789,f2660bd22d54e37875d2f0cce7b6bb12584c7a922fbc4653d405049b08dff5b1,125e872b4ed5554447d15c7b0a72c74bf8a6d304b15e088e284b3c034601c895
R5,20260747,smp,180000,3000000,1280862.6322279798,2634.000814,17a261ba402ee49bcb102e4ed878b6639b5eea97667d685145df2f708c784a63,c0dbed2c11440a287d0ded9dff25a209f67028d9ae17b7fa233af263b7776717,20d35840b1998e2ebbc5d556ba928e79b564e971a74ea79830e2abd40fd37769
R6,20260747,gcb,180000,3000000,413896.6810242383,1316.64026,1d509c1c35e058a718d2bf73c6a253905f24158aeee1a1217d3a3a742f29810c,ca669bc60263d1a5d6206e5fb199a76ab4c091f0a627b08c1c90ee0dfa352ea1,bb0ed4e01a554c6b306a2351247ccbf4aaec6b313308bc8286e62b3268887c0f
S1,20260747,smp,180000,3000000,0.01452843232340207,2036.243012,4639b02425a06fe69547fac19121402b56ff499e18e589798222c6c09c6c81af,f6b85dfe8867dd634967631399b555b0be9c2edde9d045051ec0ee09281989b8,f49c6a73592ffe57693cec68c1df767ba054f50f86907e09c31c833a039b7416
S2,20260747,smp,180000,3000000,9232.34549124788,2675.274675,397eb5a33ac060bc3843c5e6a62ccddea9c528fee7afb6f6896def9daec3d618,eb6c27ae195de5a6c49b876b34b5c1bd49b668acc350b01ab44dc76cfc7ff5db,a379c35f5e2592f4864bc2e3b82b25a21f452f3b2436ac2aa40150f494f23dbb
S3,20260747,smp,180000,3000000,5277.858966813799,2692.509069,5e05a4aa3403c10d8616e91e764ad93010e52889f2b7ad6d607437c6be75d1c5,8cc65de7e85075b98b63af555ad26ac2b55d825839d5ee4902838148f46e4e6f,0a391861bfde359facc68479cd8a4cab825c7f680bc1624739a0645b3789b3b2
S4,20260747,smp,180000,3000000,8553.680260943122,2731.190227,41e9a786211a22a63eb21913382e92832e4133a568226f572c4c0533dcf19099,b4d7d4f2e9605a71d73e1c3064574ec0233db0df1fed129a44f912fb161779d6,6670829eaf601f7840fa7c84f77e15aaacf33a834501803e0e73f2e7fcdf6a62
S5,20260747,smp,180000,3000000,10371.046002401188,2776.807102,48e4d7f8c8ef941abf42c48d0cf7d6d940b33ca942b0208d3efcad036fff53cc,4c680b2cb605627388b0b0b7691f87dbdc15a460c151e6212030076d2e7565cb,a6a3b1df51e15b8f3e717ec240643328dc6f9fe86d1537d54a104c3330ea83de
S6,20260747,smp,180000,3000000,9967.469073073795,2806.784934,f02d1e17f04f6d87cbdecf41c7b306f6746a30b2594fdf30d1d781d393f92c95,9151641e6427e6456f8228e5bc99ec2a9502e410e5d8550d6608802b1eb7ea0f,056b05625476e492b6d55c09969ded9ebb544023c3f61c20e29b33a0f0850efb
A1,20260748,smp,180000,3000000,78357.14604940727,2091.778584,15f73f31cc24362d22d99141be76b1949eac2ef8f2a51ccd36374caed8f90acf,484c3663e463ad2094b46d8d4c4dd71e5b64f3dcaf9dbd8812b70ba74a3f89c2,39201ac54e303d8b393d04683f4abd86300b59b5690ed274dbb905443a0fd1c5
A2,20260748,ctp,180000,3000000,78186.35292121797,1205.72199,af0fb3dea8faecca09b5a8f3168b5e65bf63a378df1bdefe935af96630bf26d5,26c0f6426257cfafb700b993e7ee822e8d4ac2e15d2f5b1d36ecda3e37d78b4e,cfbcc18f270e9960174577f1d2de1ae53f731346e79ad7ca5ea0701f8f16450b
A3,20260748,smp,180000,3000000,78824.99066411213,2860.658399,92090dedb4be0d235a5f2f744405d21c773c39dd055715b219212824d23c60f9,9316382a80d0b32c9e028c7be4228c4cd3fb9529c30b376e5db2657b249886cc,073a79472cebc6c6fd24f5b28fc96500ee0a72386895977913a83d47c6a5fb44
A4,20260748,ctp,180000,3000000,78319.37014014563,1261.720905,dd9a57b416f4c53247916a4a0a8c9528ed19d72da1903b2b95b27a6155872ec5,6a50089496164f8e5ee8f04176d0fabbce69bb041840da8bc982df5d10077a07,7281a1584495fa296fd85ade803e75bc62536af8085068dcf23eb854299abf06
A5,20260748,ctp,180000,3000000,78437.48019636689,1264.369422,c3a1486d8d890ea93526963033aa99727c160958d81d22b3f13bd2927cd2f3c4,f4e6975bc7e239b1c07362989025f583900048547afe6dff09e134a96ab4d045,a5051aceafb9163ab261a3c5cd99f4b3787045bc513f6175da154f48285fa9cd
A6,20260748,gcb,180000,3000000,78024.38007122472,1443.719776,f8355eb92d54274f6c6c85a5c1e8973744d039daea744ef8a80c193c8cb6e028,c7792540a0e1b562957fc8e7f4f1ed70098125711990d15fa7fc44014db3dd7a,15c3f4d1a9848564781219f7b862d7f4217f8bbf6880846f0ff310e75ed04ada
E1,20260748,ctp,180000,3000000,8792180.748780468,1095.658055,87def127902995a9425fc3849d365c98a65a7db2a32f655287e416114f3ae9b6,d4ae32ae332abc219399158c57b720383bb3dfea93b671fa629da4f303fce2e1,6708542549c1b230d6b8eb87c98c741dd249a6238a902717c26c112cfbe977d6
E2,20260748,ctp,180000,3000000,9375768.017368603,1108.043445,8e3a43fa62559fb914189976376d29f90c9dffe4d03f7b573ac7e781e8c3266f,8ae933eed260257f5389b133c9da85764999b3ed1d854b06ef5cb14da6727b7e,254e4b93b2520003d096120010df1ce6cef48c05965cdc45a134a26ecee8998f
E3,20260748,ctp,180000,3000000,10785517.60551723,1137.876019,6f0af8b0cc4dea9e72559651e6bb1924c81f0506e383c8fd6f6c4267a4cde068,40416b85cc3dc6b48e5f5ae17ae8c49b79673be469f86cca94954b08354ef1f3,03f160458ebe25c6888aef86983c3478a02871f2f042259bccbd428cfa1fb027
E4,20260748,ctp,180000,3000000,10133668.17305394,1172.893448,4fbc6024e34cba1500e8641bf29dd0b8c76171c816d9dd5b1708ed48b732d2d7,1c10bf2fa30d8a37491cf3189999f148c8981da5ca118c0411421dac692eaef3,b66e5c8b3bc90ca14d0ac2bd7948c16f9c30da93ddf7a9bdb16f2e39129d4d1d
E5,20260748,ctp,180000,3000000,13282185.78327125,1201.516049,df7bb639cbeada1020fdbff12483228ed3ef431f7cc04fc89c525d3d24c175a5,a53c7bd3ce64d721163bbd5c0ce4f8c52f0408c01dae2b4e45dacf8c6eb21c1b,b21b8ee433a26f44712395e37cb0586428d9db876cfd5ef05cd27aa8f1b2f66e
E6,20260748,ctp,180000,3000000,9842082.259396644,1235.888316,c4721a472921566f4d84a029ca7f917f8ee2470fa47aadd0b2f1165ef7f1424b,677bdcbcf480699c67a95d0b53087d45f6f73e5104593ea29b60d5c3394e40dd,eda930ef718d0d86f87c282bfd8240e8a618d09c62f1e196e68b5cc72745e705
R1,20260748,smp,180000,3000000,292059.29053234356,2196.99307,9de437c9d84d563321364922625ee02c5812912af0ede3e2e6a36cfdcd692bf6,8bfb04dc396dfeeb40bbd9c7e4d618fadb4200b8e2b40da5fb3308c20f0b255d,041372f30111a7fa63ee20da5c3f98ff87ef92ba7f040254aa0c6d2dd41ee3f5
R2,20260748,gcb,180000,3000000,310627.2041686382,1299.303146,f3d1573d5204a52599511056bfc63ad66becc3d09d20826a10ee033c2d64a9eb,80e63b53262fb34433f751a311e79b669c21bf4d512227ee4cfb1aa685c684bc,75987101cddc3d84b0ca8f09e68260a7fcb155771411094a25fdb7aeef953495
R3,20260748,gcb,180000,3000000,323434.5192917556,1339.826076,987ba5123937ae7d011b11fe18aca9549b4b3bcd1823fcc41daca04e277de403,51b44442537194c4c41422fbb89e804104fc9b48995638025ab0297c2669b524,0939d061d1146fc253da49974f0c428b80c47df85d292203a2a473e5112ef129
R4,20260748,gcb,180000,3000000,342778.6378944643,1358.733593,11e16e9c2b2becd09036a29bfa3417bb2b16886ec646b0602aa4cef15fd90427,a62be017301d4a04c11a51dec73a369f7c8dca91630b43033fa5a0a866fb7272,795246ae92883ed4b5dd77b86e5f0f73cfa6f88e4fb91ee4d269f72680517779
R5,20260748,gcb,180000,3000000,363367.6850524322,1378.364838,733feb0418abfe88dec543508eb9fa23785bcd127e99230294374272f8920b6e,e738dcd6fc28a8bcae3beba57e824562874bd53652fbaa32e3e4ee817fffe8e2,d24c28524741ace3314b63af0b588ab328cdd7150c04c7a3af67316beca13908
R6,20260748,gcb,180000,3000000,364085.3395888268,1414.803736,fdd11c449910d08a60c3b18739d2ba1ae9ded8ca84e8ad90bb534ba56a327c5b,6ead9636a1a23911b9969c5842ed2c5c0229ca7dce8a506641858e3bdf4aa9db,b1c7e6a8a3ccc8ba8d97d737c2459208dbb85561609f6fa60f2f9bbd4f8771e4
S1,20260748,smp,180000,3000000,0.07138572380299346,2123.69114,042ffa0d6ceff3d6a594613234dbdbb119e2f705040d62a04928944342b75ead,02544676f952ae98c6b57e6f2f2e60b6a4b3110f291aa6bb501feedf11a9c62d,8a5a070ac13e741454b5216a1fc0b4bcf7afb90c23568242a15cb6a1c61b6dbf
S2,20260748,smp,180000,3000000,7101.997181508544,2795.165616,2b75465a3bc079adbf10099a6d1f2e63d08bd04b1817e6bb7355c775ccd3325b,0c89f9c4fb81f42eb5058b3fb254b2e307a2e1c20af2000db8a421bbb38d08ae,12f20f08edd38bb24ce28e7947f7cf0e72b023633c47573c5de62cead74ee778
S3,20260748,smp,180000,3000000,7360.144580650949,2823.921915,1716cbfe3d842a045fb1d353d165287c127f317b1b08213ebe9919148a510514,5b20b7829953ba7f37832c69382a4f6768b2bbaa69c5e9a259e782766711cb36,cc0a2d50b35892371411f26fb70f711ce5a9c7816597dc21bf427a75a3ee7585
S4,20260748,smp,180000,3000000,5888.805896501598,2838.859019,6ab75dac12545d2aa99775cc61f9625a327ec9fcba5be1e8403eaecfd84c528f,79810cc97938e557ed0593269bd2821ee0bf82bae9245dd8e24d7223b4595bcf,91fa6c64e82c37479fe2d49b4448403193257252d9dea7198bd94dea305b4bd9
S5,20260748,smp,180000,3000000,8956.305382072376,2869.018533,31ef4210e3d0e80a82a9e14797bb53130d57878937015d107f88adb24056f58c,99b1e89dc4a7802425216363dfec2fe06581ff89ad2d1c3c65c858ae897fe0fb,3a2becb49f97b4946142ac826f7e9ab9d34bcf7e8e3ca6abd78a5ffcc90c5091
S6,20260748,smp,180000,3000000,8233.430633295131,2865.916162,67217c0ad5b3832631c53f162566bda773ea44cec7b9e42a47206e052d107953,9760d3e7f2ad95936d619fc64c67fb9e83640a53e07706dc58e6208d8344b9f0,e92776378548449a7cd876f72c3f4737cb33986b5cbd039b3230f09442da30be
A1,20260749,smp,180000,3000000,77731.28904359603,2158.414944,66adb9a4a22eaf2ba0adb3fdef775241ee40478d367b81463915e7e279df8e72,29a2ca6456909185874563bc65c087c27127a8755475305d0df5e15ecee0084e,5035301f2c9653e2a744bb85c816d9ce005b3e86e72cd182e79989bf633ef17e
A2,20260749,gcb,180000,3000000,78128.48798319092,1411.530396,05a29229e845468997df693b0577296a82c7c9c7ab51943ca3396bcb288c0b69,c8781e2f5941f47f2fcfade5a9a47b2c1057061d39318da49787802cda182812,5e3b17f0b015163f66c46f4db293cbc7e6f18a160c7fdda02613231e7adbb52c
A3,20260749,gcb,180000,3000000,78490.43928624871,1442.168274,44a0865f40d23ea819a2e0dfa1b1883a68e2da667c5d70b3c12b64e1167fbbbf,4d9580d0956b9c57a478e02fdc53053431aeeffe6e696ddb4eb6f60cad9be24e,5198e92e3f6f98d0dbc29bca657ac415132b20fecf8d92a02799f540249f0822
A4,20260749,smp,180000,3000000,79698.13566476972,2992.472155,9fc9759befc3119da0b4df29d63581cda642e0394ba273e784963c0c13df6eb9,18a7bca59dd16b79d152ce875adec18177d16b818fa0d9fbf83dc0c42b5a24d4,bcde4ed76948d06cb801abd231d0f024893674e3af1555816c8107b0bbbf2a3a
A5,20260749,ctp,180000,3000000,78686.59892988249,1337.653848,c8150b18a7b8b339c06df679813b9345110fa4b9349e9e631ff82cbde8460784,f5e735634b032eb66b4fa950ff1c836d76b236f3f9e9477b0d3fb738eebb7224,3476f80a5eac53549f22f33bf20e44c570dbe2cf2a0433ede85a83543fd692b6
A6,20260749,smp,180000,3000000,79015.10887547558,3031.328218,606d634d332c47ab2cae2d16a55998914e1e575fe519a7e7ff925cf79b5fa621,697d3d9e70a851416316f53fcdc6c048e8adbfd9f19c38fb4538897de9a21043,12c6e24a5872d0262aff6c17992c94770351e5a450024b933f860a2995d8a650
E1,20260749,ctp,180000,3000000,8804777.398734001,1157.795867,fa5869677d62f76067e2661dfde1eeacb62407f6a0cc7124600c33cdeb6f41e5,afa3e4ad36e79ae307556d316a4157cbd5b0fc847d16b162422c3c326f816d47,6e44f4e05eae50c1706ee0478dd2a92845f5e40a91d61af8f00509e99a859f0b
E2,20260749,ctp,180000,3000000,8511271.643278468,1170.248956,9319a1d559a24372b342cdfc73c818fa0712a82780ae2ba88c7781fb6566b279,1569dc2c4926daebb00744f8c9295e0ea36cb14520ad0662302356f9829562ad,84a8cbf863413f7fac51cde8f1874ec14d144d1db8b87ff5fa95876a943a75c2
E3,20260749,ctp,180000,3000000,12248207.141083347,1192.775827,a2f014e10c921fc4e53fb444f00b60501b0c94318a0f69ec4e824f58df797e2d,a01f27a0b38d3548a2d69f3176cec53d977cf821a93d4df07d4322f12d8a5968,8b3b76abafbfb9e045132c664de0034e579e37538c137f7d8e7e46eb55831922
E4,20260749,ctp,180000,3000000,12040064.320853781,1208.524855,ffea5d046b31955e5952837dadc10fa9e11d14674b03fc1734f82c8004958b68,d281a2c5479e12a5156cc8eff9da2625b5a5f00643e6bab0f04d92c7c2bfa175,efc3e7e17ffd261e2b6a224d222c942cf0e954fc42c66ea43e3416a260b0ff95
E5,20260749,ctp,180000,3000000,10612823.61421344,1229.902015,a8e64ef13e3716c2f3521192458e03558d252820ca437306dfd100a972ff73ef,49a1a53344c343212c028190d7e358bdad695a2e8422f36c84464894a51334f6,26437c8b8ac68107974f45bf5d0e1fc9261cdbd9e38b471d00ba472bb00892f7
E6,20260749,ctp,180000,3000000,9412934.848240644,1257.407457,530eb68086ac56fce972e39c1e693a36f40c21cc2dc1e94c036668a968f01d75,41bd369962f03a53c5f6a642a2ee0005bd9749e8ab6ba6f43d014dc896cb23fb,0b449faf736907756e9a55b5ea6629a5a7cc321313e6e5594850ca26d0ef557f
R1,20260749,gcb,180000,3000000,380812.51630123553,1248.855355,6c208813189c8dfbda4c95425e1ec046c4ce167305372d5350d08f0f5433829e,14fde86c51fea17e0d720d39130e0ca582627aa4072f7c698c5d436e8f22d1de,cc7c3af2543b72c8aeaebd7faf31c02cfe51a3505c2ebd83c9c3937e4479c6cd
R2,20260749,gcb,180000,3000000,290043.39189254853,1327.23341,6915a2466c70e95a269f3b4c96ade1db2b813c542d64a09d86e242cdc26b2bbb,0fec692aa658f329bff81599b33d44748de5ba217b6d94d237fd103346d6757a,b7ebe3c7063eb5dbccbe203438b9738732f250d27d482fb74b4c71fc32c9f8e2
R3,20260749,gcb,180000,3000000,255489.0481956541,1354.915941,e32c9e86422f2935550b4a3e5da5b37aa9e74bded68a706958e5c44975bfe392,e3189a99e8144315987f89f96451bba67aa1e5a387a2ac306c8a7c460e6a6fbb,b34f8e2ab0c85fe1b6c5c84cbcd4c1e914f28bb2cf43cc117aa9710ca34d9a41
R4,20260749,gcb,180000,3000000,374437.635614957,1372.974899,2875ea204ac6d9f9fb9cb55eff7aaad65ec88ef46c043e28c813559e06aaacb8,6e40cf07d0b523386bf5e941d88c27e45983c9950e9a22972ae190f0cdb15a99,4180116a68ebc32ac6838df2764eab7ef8380af6ade93642f16a5323cf8e8010
R5,20260749,gcb,180000,3000000,379724.51625841693,1401.507505,ada5a220dc228120f7b3a718fc04550f121b9f2b7bf50ad94fc4e833b8f006f3,fd2e20d9cc0eef5b6f4944d8f444beb73cf3fdbdb01cb2f55de8ea3fc66aae4e,720fdd3c1e26a76987fe32318825505db8bee09446b7e44afb165794aa6586e2
R6,20260749,gcb,180000,3000000,410955.73709963064,1420.618036,b11fcaa511c67cf8c7dc1a67b4bc9e956f4621c7d52b9290e35c7bfb27b17b86,f1efba7d05068f4a0af7258d33b06ca8878167ca482244fb23a0fabec564184b,5fe775d104d5dff9ed76f843ec0a2f9b8791ad583256229f74183d7ff2460615
S1,20260749,smp,180000,3000000,165.17634436327157,2138.385816,3d48c8175a4730b92f4d1af992665eeb786df68fa568e4700250d1ee7633b81b,93c41dde6eeea7de894e9f92f3fc6d67ce252e9f2eaaa0ae69cf16dda4d050d0,c469f6beff721be2eac7cd7efb42bdd4b72d6167feb91b2530a126b1cebe1d0e
S2,20260749,smp,180000,3000000,13421.265620880382,2812.137412,fc356279ace45db7d3abf0ad8ffdfd1a1ccea1a9050eea003cd6dfeeddfa86cd,ba55b70ead893df8fc7f0757350830c2ec37c193759967d3d9aef9cae7cd07d6,564776c8fdb70200377059821590e787323dffce910fc482585f9c45d79453af
S3,20260749,smp,180000,3000000,9590.921213162244,2826.060922,65be1aa933581fe64b2f9dbf2b12cfdef5cc429c82af276e82d051dfcacb425a,0337f01c1d8efbb1fb6a8b1b5b389ab7ee75684303028262c339a993c33b2d9e,af023216844d8d224b28c6ed4cb17e32c56d53b96e66adbbbebc377b66983c46
S4,20260749,smp,180000,3000000,7894.655379467678,2814.977444,81cb1e324498f76568f0a89930cc74073ce57004ab9ae916b0c9dbc99bceb694,699b95bd5fbfc6604bfe4ad3f20c248242714f67921b2ac16486807883849791,48765dd32ed589e5f3ee69dc0c779a9c3265c5869ffe4108efb346a6d90b423d
S5,20260749,smp,180000,3000000,9926.674555551566,2876.502561,f5b5f182a8510c0f36978c36c1b184cbf262fdbe85d0a3bace79667cedf8173a,474d2bcf7c7d7de1904662b61d4e761fa93d202b2c3659dd4bda4843b6ed91c8,1210a7aa13c6a54090272e819d0d4187bc9596e6e26bf3de5da7c16344fbc384
S6,20260749,smp,180000,3000000,8431.665197320466,2818.257782,f6feadeb9910252c9090956148ddef542ffdc31c244986f730ddc077ae543ea7,b4adbeb39478239934e2c8186bc7173fc4ca60dc541d4382036755d51f4f46e8,1fa7bd37d82b8a10bd0337663f035d7778666a03d241fddee376eae2689c9e94
A1,20260750,smp,180000,3000000,77725.41186731918,2177.391868,05de2bc4a0db376d4da20bffb33a211c87762fea6ab287db3d0b8a9ab639c640,5324b4faf5593bdd4112dcb2953c402d195e34c9a8827ac953455d1c14b47eb2,ff53910dddb976df38a2ed78e08096ea96f1e2299d49f6f79d300a5c003ba236
A2,20260750,smp,180000,3000000,78690.53477046185,2884.229819,585ce7a7e20d2e290215699e311aa8dd678f20a59ee547b7cc3f90ba515ff8bb,8589e8acc2f3c1e310eba16755bd5d9f6d20c62c3b05837c7b83a957ad300a34,6d9fc3ded48625b373dcb4fd3c968383b9243c7789511cdc38db6436910ac7f3
A3,20260750,smp,180000,3000000,79438.90573737555,2916.452916,5e634c1632bfb8104cc7b9c85f1a9b1c259e4a461c0e6f3be3b79c458e883f4f,4dd7934ebbfacfd9996094cc9a6626162591469febdde0a20c1705187df7061d,c3627f84bf20c9f81c3c37ea878a212354a2f005855b09f1f21c5aa2885381c8
A4,20260750,gcb,180000,3000000,78252.54253392806,1484.622024,59ea8287638bc00172ec2eaa285e5828e1646dc3686d608a2e84b5a64f797c6c,29d10608d2f1a3e748ecca261bda34504575dfea1e14fac14ce863e4bd11751e,437fe924087bd7b88ab28bca9af1d46d23e651e2770608281e7317223d106f01
A5,20260750,smp,180000,3000000,78619.04902761133,2956.512265,c7ef2cad8f4075ccea74bf1557efbbbf964b7b4f8e723e767afaefd52171dcfb,5174d1651d03325309b0fcc0c113443468381081a564aa9831ab560248fd44d8,a960b85939ef1d66299288ecef8c7d007eec25e8f8af7224e7ebc79af1d5d2f7
A6,20260750,gcb,180000,3000000,78181.5557050339,1541.176151,20ce26e3dfe27b4a8131fd830e8e0126ffba0eb2bb81f3b4c9f29034bf79f25d,35839db0251652a750e388a204119926af75704c3d91984efb01b1d9cb1ae8b3,ed22e0bfea6e5c9b2184cc0177f0d3326d2ab043bd224d30c84acedfaeeee6be
E1,20260750,ctp,180000,3000000,10736777.424329294,1178.942132,b28c6f63778aa49bf140071503c3af14057eb3b5ecc83af112d0489ef5e09ae0,86805687800b7b30e8094b8f07854037b00165951bd2cdc45bdc0b066ef308c3,d3bbed6a797c6142f1e07b979386e9a7277adf17598b0e8b90240361cace3c57
E2,20260750,ctp,180000,3000000,9400118.124878159,1206.006137,3b61e26915846d57267263ace5a1beb51f3891e22d1e2d7e5643ca105d8a8598,49973892f4f4b5ce253381361ba30ad529b80ecab67f4e67dfceb9199c579c93,e86bd1b3ee3ef289fed413ce4d8f7feff81b6c4c3972622482e96ff7d05f3da0
E3,20260750,ctp,180000,3000000,10040960.438013315,1230.808565,15d1d9ebdee193b6535fb4085169784b04c69a536ed16c5e43f6f61464c9e5c6,d666914ff781557beb940bdb85cccb0a3eb1ac86f42b5abfe0cb02315315bf88,42604957e3c990a1c0ec1e4b96354b670df94cdca84499e02fe7b9294971043d
E4,20260750,ctp,180000,3000000,10253561.208815701,1239.435671,5363a9facae4fe317565dfdcdfc5eb3758ce68e5a06f3e3bcc90fb322d09bd69,d7dfff580b4367af3d4cc9377a0b989d18ead1792864bc6dbc1d440969087a58,486ed7d7c1fe18fd742ea82b18cb3d6e324070b8a33655dfbf2bb46a07c7f64e
E5,20260750,ctp,180000,3000000,10723839.28735448,1245.672125,108a9075aed58dd5f42124eaba7df9ed026ad95daa2e52fa00a6ff513fb279d4,8937f0284890b80cb497e5adf0bfe76a0696d61682e5d3d3b8c5b2a7fe1d5124,f3f6f0dcec5fd4518a40fb4a7cf356f084b03fdd9ef33b744c4b7936672a40ed
E6,20260750,ctp,180000,3000000,13537888.007233676,1282.799513,e20130d1be087ff32c894e026e841d217f61339db75cbe8fba4c7c7772b6a7ef,c224a48d9652ecee97b2cf37b7aed3b333b190e73fb4ce3605bcfa00be16e3bc,69903fccbc2dc3caedcb019ffb32e4e128833caf71f7a308ca1f25f51f49c039
R1,20260750,gcb,180000,3000000,350011.91990387044,1255.508353,89598f24a09e8194b48a96b8fbfb48b9ad75ac997c1577c98abfe9ebf3405f9e,33f1b5962c6c230b8df5c435534e6993619c20c1d0137fd4ddee9ae852030de8,3f4e0092a2e839389d2a40205f2fceb9610eae23c940d9fc67cee5020294b0ee
R2,20260750,gcb,180000,3000000,313167.3698404877,1340.53723,698b9766c392b14741a9545fc67514eb83c15aeac3fbb165561d77639b3a0da4,b49c4d9738404c487e11d7b3bce9679a91c77328918dfe76fa26500fe4dcec05,40797d8a8544f70885fc18e89ba1d49363a807889575cf3fc68e755ffc6427ec
R3,20260750,gcb,180000,3000000,335872.01285757765,1356.492746,7aae1ef9a219739144d4e988aea2d3d7e9ffc651b56177f5ddf1c06c7ff38a3d,02c77f8d35896fdbfcf0201b2d278578044b0ba1f09e8096c8f82641efd4a155,3bef3b30025afeee3e9b2932a0ce10bb267aa50c40e11190725d625010cb608a
R4,20260750,gcb,180000,3000000,336564.40475622204,1367.165745,87b312538b794f88cb24f61e64415a89c6c2b9b767e4f4b94109d807bb2e9f94,1af10f0afff971d54804d48fc8ab4564a46c355824e60f99c0856d138e3c6004,f5b0148a0365f698977d5e7041f6b29062c2cc833dfb2d3debc50a46ddc1e2d1
R5,20260750,smp,180000,3000000,1680776.9074649913,2808.181076,020780acbdbd123fca98c8fd7546eba210243fb23e3dcfbcc1edf186470a8fa6,e7047734ab8d5b8736e105569eea7525b7bca61bc40b509d51ec5537fd8dce07,c5e30e61482d74c0fb2a7fcb589213393ffa964c2f452a7a7b0d65a13998a39c
R6,20260750,smp,180000,3000000,1428386.132830143,2960.404537,8165f5cd812b97e5516cec33e91c7b907eab3b580df15f4f3458164454d4892a,4ede63ae1dc1e271b71152791ef5971c0e622b8b0045c6110803baa5f0af71e3,609f0fce5d0e5ca044cf3314d832ba7f56b04273dca30edd640699e9af4b9822
S1,20260750,smp,180000,3000000,0.018566939344399663,2163.273707,19e2167157323318caad097795932698553a382ccf37c7be71d5939cffb6da36,83584a77c822b901cff1bec708622631abbdc9eb36f550a5acbb66f1580db8f8,74ae986e864fd133fbaf73e52449551263872d74b715ac198d5fdd8437dd766b
S2,20260750,smp,180000,3000000,2253.9515038237932,2520.268796,05a8ec54d53999285225236c4dc5d234a312a463c66d6c3ed678665b1e57e5c7,403a8ff84e0c535e97ea60c9a99cf22bef6ad9af2afd094dd725847cc0d55a60,2b3f33975d82957f062ad1521ab9be43c864851b3610ea4652dcb7c5c42bfd7e
S3,20260750,smp,180000,3000000,6286.158068376413,2827.725858,f9c3628325e885c746d5928fdd9d6f2df94256af8a0b70e8a00fd2213e4560b1,674c7952adcbc0924371f7a02092c8319b283b083148390ecfee8946fac2c415,8baed1d9bd0fe6b5538786db5463332a0cfed0cca78560514bb376e049c3b4eb
S4,20260750,smp,180000,3000000,6197.1111647710195,2832.196305,10bc1e8740ffdb02639429dab363c2bb899d5160482a25c6b859c35730878986,fd56f0244d25683c7dfab273cf9b6af13811ba2de9fb11612a449125ddcc4179,1954aba0aed4ab591268cb0da574553233562314e8325453e9784b65ded68f59
S5,20260750,smp,180000,3000000,9587.654657716972,2856.26582,d4cfa1345f1dc31ad44b716e3ef0b4d7b3b299a4a08f2262dda94fe4e54adb49,58650f1d06ffac15c540526dd55b415fda5e185cbc9d4260b5c47c5b5c112095,8ac888f7b96785d3a2d766a723ae7a0812a0eb7a38bf3f6e66540d2362c16e98
S6,20260750,smp,180000,3000000,8456.15493578923,2826.949432,862dafab70877345158c61e530234dce0167e82ab6412e0e3bfbdc6af766c715,2ec58ac510c306970208a2e17c930a5f6ed0f8ce8ed056fb072dc33b884e776d,4f548a9864916d471a8234c19b22c0e2517f0a0db68024c90aa156769aeb8c9a
A1,20260751,smp,180000,3000000,77699.36199374105,2126.673544,d46616404f010f1fb3d0b3e628656142b482b815ac0f4a26ba56182902c6c1ef,b34dbf6bbe671f83cba2cd41c9527c831d1c25c4a6f38c9ef0465e7d00b5c021,de5130a4fc9df40b549ff94d5318b1dcb132cf8000886c425073857beb92ebe5
A2,20260751,gcb,180000,3000000,77998.05098735009,1381.814465,c40bf3b68f392560d27ef66b7c4e75a5b18850e1a839057489c4e43443aecc73,35774a882c777e6aa78b7b9ceb242af2f8e12dad9b8e1ba9813fe2639667c22c,56988d5932c0fbd921d9702ba0a0883340870e8cecc1f4b252e26b67a643bfc3
A3,20260751,smp,180000,3000000,78635.05077345869,2928.044994,94c7c5df194fc66644bd0454cfe253bdd3a9269df2ccc65d4624f0e98a3f9d21,bc9ce73ee7611ebb01fbacd2be552c9d1b584473eb4507449978be26ef756e03,95e8e7a302f5e7f8a86bf1ecba3201a1d3a6f1a1d00f2a8d46f020d867c6c285
A4,20260751,smp,180000,3000000,78800.17214856544,2979.785017,c6ac2df2c6769c943ffff254c90b321d3702fbafe0979d1719243244bfbe8f29,5391c7d3f10471b05d73348e953da7724f8f5c22e70a02045c57bbf76f4210ed,c53c3aad1c3578b1d2b5e36538f7d6471d3074a074f34d67d372fed9d466f30d
A5,20260751,ctp,180000,3000000,78476.23782469786,1290.652855,ac46077f56d47abf68ec45f42ff082da3e341edcb216ded7446c46eb64b5443f,3601a851423fd6293b508225c313bce29afc6ba9a4ef76319d79bf27a0840e29,028d2913477f24750751e441d4babc5d8e3a22d31d1e751ac4f063fec5b4d550
A6,20260751,gcb,180000,3000000,78087.26549044615,1493.835077,b32cc235dda089068e0742041a3af6831878629e0c6d5a0ca85d7d351c88bdb3,626247b0c593ec194155995f0ec31684267169cde57bd16fd1f62988d743c310,46f59b257b2c519ffd3458644198608b8ad4e2c286fd317d773db4d065ec69d8
E1,20260751,ctp,180000,3000000,10523400.193068907,1122.775358,10ec269eed04df9feb9b3a031af816ca0cec73a998655e9a133990f5f4620aea,90e41d2dcd6b9c0b6110bf42096890ef526cc42e862684f779d620088f3eb4eb,f244ec5e3e8b0ceb9313e9a968745aa7cba85e9df1e1b6806b15c250f429d0b4
E2,20260751,ctp,180000,3000000,11361297.132029282,1145.677219,c7491d53e289aca9f03485c38a3aa54750b6dfbf489ad0d21f95f153056ec7a5,e31a2a24be197943d1543fb820812b765bcb56ac09e0eb6b74c26cee660f4024,6a14eb882e82d12d50d76ee62869a9ac89fd6abc4be59fc66a5024b506c61e3e
E3,20260751,ctp,180000,3000000,9720571.471871363,1169.598237,c0c9a6909589b859845f476d7e0cd0a12681eb0fd74f843519512dd81aa112a5,8fc9509e4419422c37a8ad37416ba6266f282777a75f600eb63a24330b51a9e0,f12419a5f5f1a0df34c4f6cccefc06823f0c4484ea2c4b129ce7a6122a837799
E4,20260751,ctp,180000,3000000,8697647.830360461,1193.632713,75be50b44fb00a9e3b5c50884f0256a301863bac12277f78bf156ad9d6c4d55f,ac6b90d32622ff92cfd8b0bd132ca9683a9dab593d0b3ef59f02bc24b07025d9,3a5787d3f4d19880b949b9ce5d839f17c70f38c9a7b91941d11f9bca582e08cc
E5,20260751,ctp,180000,3000000,11312053.410001382,1214.56145,f06df4c975d81612f374a12edcb2d7b4cf32dc6962b2d8452c93be23bb018b18,6051667a8236fb632f0ea547e5994972cfb53b6695ed295ca76a0d3961169d13,0981864c19e1df25ab5e43ea8941a328de8cc05f5fbb32b42c7736c1c6455b5d
E6,20260751,ctp,180000,3000000,10192524.82194929,1243.814558,9234b688ed013ff3f699a332d2ca8a40252f2ecf2e1ff5129328a44f64a0b06a,69e65dd1e8e77dd320a92308a2e10909d801bab7f691dd1cf4f4c7e0b1d37e95,1d702f6b8391c61e20170eae77001c8b44add27902978108d1496cc23235098b
R1,20260751,smp,180000,3000000,349422.22661071754,2210.278149,95f710df61df6e65fd0faacb8f7d23b075c6e777ccb10069c1990524a0024a26,50a9c37da5096c7bc6f58dc74be6248a5c053086b4c781a4c9a777d30d4c7b1e,d23cafaf57056745921cd31bf29de756b4dca349a117bb371dd561b9be861716
R2,20260751,gcb,180000,3000000,287587.8434178889,1327.64065,37e0a73c2d6e006936bc215ac9c0baabaa2a46aaea83031b75a3f308f2904985,4c4c19f956671ab4169da02f2830697440623b969add2d4b675b60a771084475,fc9d57fee5fad9e02596a3eb959ff2f2f98a1468e7e3bb8ba573ccc0a38a40ab
R3,20260751,gcb,180000,3000000,321710.4021324304,1360.416899,cfaf68213dc8b97c93211d1f694d28fc41bebad7e35ad37ddae43e54ac2986fe,eca45a687b7c3db2d4a4d0ab64e763b04615a9405c61d0d34687877b89d696af,10f6fa812c5dbd396b75a39bb433719231fcdb6811a0f1d64f2a72da0085f409
R4,20260751,gcb,180000,3000000,397134.48924992734,1392.626348,fac4969e8d35e5a39a4ecfd0ef0eac5a22afa061014476892ecaf69fad68c61e,818a7862d82732dc4010f0b39146c1f960ac7be1b6144294475174fd1f491d8e,83c3b4d8eaf085fe9c619d40ec873e8951b7ebd3cd201055c2f820e1dcd29cc4
R5,20260751,smp,180000,3000000,1791510.1849265061,3032.560869,23b0be455abf226827405c30de8de48ff82b82b10fdc42a493fa700c89f2e0f7,4ba258d84dbe78852818c5d6c5c334552c20bd3ef94e33d019d37a4d716309d8,1b62e46d42db554621817a5c0fdcbb3c2892b24f220fcf124ab4d4df2ea87f06
R6,20260751,gcb,180000,3000000,390707.39070298045,1445.301991,a98c86430590594a5cbfbf091f24264522837313852d94e8665761666a74bbc4,5c26f26298616a48c7a357cb9df95f65e048f74853c04780e2a24cf807172967,49cf12728a81abc36ee54d12a1f37f5129162caa89813be26e88311b5241dc65
S1,20260751,smp,180000,3000000,0.4386100252416665,2253.475114,5818b124315637c977b8942b26d12d41cbdaa313b55d8950a79c2dfc8d802cd7,7887cd5bed22946cb62d7acbeae716ff1ea38b694c712eb7d5c26f5f0c18dcae,1435205fd01c6297b679f51f0ca42ca795ac7a61eff4705a44c9cb3b037ed885
S2,20260751,smp,180000,3000000,6005.639973763799,2579.542058,88ac173a53ee104b4c3035aefd40c467313942c423dfaf22f6734c24d577f03f,bf294167eacd9455e6a3619274adecbd0c09d3d6635769f378d02056a53ca4e8,dd59967f640daf9b74aa30a045ed6934f6448d20ad2443a83849d278a6353235
S3,20260751,smp,180000,3000000,10102.04559605908,2886.402109,dd848b3dcf81c7ba338ec92eb30c9374d1ff0e7b13fa03b256b6bbcdcb70dce2,ee06c1ef6a23165a654903980b6468c04356f9c2c029b7be6f02a7612c814960,f07028f3610940be402394248c172933a7649ef6a5d493edc8f4a48b2aabf66a
S4,20260751,smp,180000,3000000,7459.104046980948,2924.033389,2de3b44ec0ad3c5867661b5ab06244c335a82545bafed983dc7ab95623436d37,248dd5898123d4b8b8ed1426dd0dcd6f277c4801fa406e50bb20237e3497ca5e,d543baafc29ea48c2e28fd522f434cbc2ecde839015f8069aea5c77c631c34da
S5,20260751,smp,180000,3000000,9005.917811927295,2925.983457,5668ff0499ac3922492797ad1c4ff0033fb13867e246dcc437a5f788e483c3ce,df8d2a928cf325996c7ff12ef7e84cdd76af12c41118fea3e813953a3c983293,6b9e44cecc6646d1f44849a90f1b3739d4bad11ab370f941e589bc1bf12ccfe7
S6,20260751,smp,180000,3000000,8549.99830962351,2931.196426,d6d90e7b9fd8605816a8b91442dbe9c31c7248cc232ccb05fb4d48ecab15b8f9,14fb6403efd4ee018f8bda7a1d70e8ac7c4e38209c242886440b08db3ebe537e,4323122e96217a2389a945dfba7390db754d4086c1b5a40ed297d984582771d1
A1,20260752,smp,180000,3000000,77716.4261002573,2219.636245,0e3a089b846fd079f23b184a02f0a3bc5e3ec5f947a83d82f873f0a3d54039c1,8b76b4f05ffa36a8f1402e6968db244ba12f293fbb93b8808fc94a781e2f623e,9f15ba0ba598471a525950910abd6af4eaaccb09a396c83ed00259f5fb2a9e75
A2,20260752,gcb,180000,3000000,77989.58874007658,1448.408503,bdaca4e94a8e64306d2d6f3a677ebf8928828d5b1bd58cd204c2a79af4b9d8d4,ff3e2c6f75f9e53440513081c23a53cec56513ea85ada3c2366f63b6b113bfaf,78fe689f7fe413d8b7dca449366364e3692e67efb7fe2771bbccf497b0cd71ee
A3,20260752,ctp,180000,3000000,78396.24777064001,1329.114289,a540880a1e6c3fb65c4ec3eb1675af8f5717ce350e038537b642ca52a51067b7,fa7710a33a7189adb09125ccfcea698a247c87c32d7224bf9a943e7b82335e67,fc56092f3b73235a566e4820455a8979e43e9854af45fa18942fe872ff9698e7
A4,20260752,gcb,180000,3000000,78072.57561977449,1501.876273,a1afeef8423818c2871ce7bb64e26ff03c223d9f7072dcaf6a4d12783ae63b7f,c79580994379bfdb94cfc2a80202c521ef30a9bcf1043a31d194fa46abbab613,9e81d253a56e453d1455387589990d125f2ca72033ffc0f069ce744eb955f737
A5,20260752,smp,180000,3000000,78813.09770268844,3017.920455,0c677ff80842b1ae280bdc1810b2bc4e504c8995d329623dddb2be9c8eb657d2,1d9022f9ae1bc5a40cee6fafe130001d97e0f903e24de7d78e8efaf93640a366,21e114034a7a69940aae4856e816ccf7309c7c1ad79c44e23c478c98789ca5a5
A6,20260752,smp,180000,3000000,79787.04028607268,3063.966185,c57dee30066c53af6da04dd09f39c77334aeffdd4190adcae7b70e847fc08258,18af9e2b1cc8edeb3d193256a7c9445f50335de2c251c721caeb7c896c654f67,c1f587b43f4b2d6ccec9d0e8d36ed8a4609e68dcedf034358aa72e604dcbc9ce
E1,20260752,ctp,180000,3000000,10125988.843107207,1185.653454,af7c08bb030b88197b6dbdd8cb77b160a7f539f0190b739791a8c45adc6a85ce,75c3ad5e240915c9291ff16b298792d91ccf01fb18773afac1d3c49d9519b78a,924259f254cb377ebe1e673f55ed9c8dcf3a4b9e76392c8b2ddf325554876614
E2,20260752,ctp,180000,3000000,9874863.692810755,1206.417662,435f9aed398fc13e59fe36afa2d6b71678e0c0b6f2030a2eaecdc130aed3c09f,86369a3e6a5516095167a62d03e21b8a710dfee337413468daaad37cf6795c4c,1e6ae6fc6cf0d724ffeb0f845696217db4e301ed7e7a7ebbd8df28ef66e97973
E3,20260752,ctp,180000,3000000,10817501.290075805,1232.32072,3aba67342fecccd8c0aa02c5a961fe78b772f427bc878d776b2075639aca8b9e,2ba0d744af9c4f6085ad8bddfc619bc0e44d5f9764e6cdafea7a4a21e89690b3,fb93362afb371c1fc50c2c3c194519f057bcb00fad09bfe0d58b828025012ab1
E4,20260752,ctp,180000,3000000,9136362.405192854,1236.982272,900953c680043c5e51a4a963295472033b4031cdbaaf9e82ed33f7682687d7b9,db20fe816dfee91e4e4d64a488481ff1f73ff331eca23ae5b578918c72b27169,69155cdbafde0b28b50ecb7ac77d7fcf4b7666a579338c1e7d4c946202609637
E5,20260752,ctp,180000,3000000,11515559.335286412,1265.701189,1b1d622c8a6e5860e0eaeb05417712a826a2a5438682d2e327b4181adfa00e90,bb226a3067010f56330009a2af0f92919682740980a06f86d165810412db3272,f8397ea00b00434061a3687f8db1a5c2e5e08a070c94ccbb44bd7aff78c77242
E6,20260752,ctp,180000,3000000,9814390.724552138,1302.390781,8350fb1846fe380bf277ebc209c60ac721e1a5ac8bda4250bf85974b9848754f,37f2fc80d4e3454dddbacb74973d7632ca7ad9c9defe418d9fc410b1ed06f323,cbd9429e18b71d993a6581055d903c3ef753c9f5edc7c2c536e32a05be1c094e
R1,20260752,smp,180000,3000000,343753.0405303757,2265.421989,cccbe4ae11fcdb323db0792c9a10e30211001926cec6983f4d3cbfcfb82a623a,4b067ac38a5dffdc68cbb7d0b1d05073503e665525aac7ab4c0b9adec9ff1d7b,9c3cb9bf8248d3ff0c79e0dacb65ee8ff723735898993e69208c92a011e993ca
R2,20260752,gcb,180000,3000000,307029.6990734215,1364.574943,eb8833e5c3428d27d86fcfeb01a675f7f1faedd84f5d25c22dc78be1d675e27d,0b2229845be862e9483f739b532541a395cf6e75aabbebfecd09317d22594407,6620627a600d3655d753bb474ec206d6ddb39247b708802ccee350b77fb061a4
R3,20260752,gcb,180000,3000000,359161.91034811776,1382.133665,8b6545b8be25158585dc95e064e44e757d0ea56c4bdfc7de401f841a61b81df2,6c3904e8c0bec6e65d514bc4941ebcfb1feb060554c1a5a8d4f0d76477ac30c5,e7b1c862edf614ce4759ece2782fba5fb6fee65dbf0594b297f0b68d2d8a10fe
R4,20260752,gcb,180000,3000000,303176.6298339091,1406.918655,abcda41f418356b0be3e2ee239e58e553e91a735c66e1009d545ea3b74129d45,673df3f64b5cebb0a77e071d26f0466d3199d74668db0652fbdfc972daba79bd,54666095432b99ee0686832fc06c9ae002c2ac22bb1eb4a6035f62349d3bb554
R5,20260752,smp,180000,3000000,1310330.6793256002,3067.432911,752a1f9175a8adadafa410f5035ec77298ae1ce6ccdaa83a921502ddfb21170a,9b9180e2ee83a34727c3631c62d4b3a292c686dbaf9ff916e62a63ca9fbed81e,70f5cb6c135e258514cdee08057b3ed420f733455f18836afcc591de2db6ed53
R6,20260752,gcb,180000,3000000,351709.94905845827,1456.885166,f7545f26043184099de776eb17cd895339dca72334e42ca371330b5a05ffaf63,d6fae5af6dfd353b8dfc8ca118d0dcdfe0d29499652395ea6f8c2c1a5766bae2,2962fd4d970557bdd25990656e14fe91f1f3afa152c8c1b2dba15a4187b880b8
S1,20260752,smp,180000,3000000,0.009783848102741112,2176.538576,da7930bae01f445861692e134db498b308220d8ae2a84404b73a4119c2b3f4ca,769612a04e1c91c9712dab7a68e7188fb619deec01be3a904de9715bc4af1822,cc9efa664633c656bc85fedf7af7d29b8826a1387be550b0f4a4ad72e2b2822b
S2,20260752,smp,180000,3000000,3956.0657993216287,2581.411247,6dedecf265322aaea84d8fd44877fafd69470c153fe969aa29067e171e56b502,ec5a6a7c694647a1d212f4d80f04e0daddf81ebf3616d882b77caa28f8301de5,7102f94bdd6c4b072fb89a703656f14b651b914d8a7989e12c855b96f2dc69fb
S3,20260752,smp,180000,3000000,6592.912471662541,2861.325204,6a95dcb1f412d14fd8fd61ec88bcf3c4dc60cc97a2c35c6541bc6bd6c2bbdf26,d16d26645249797528afc21194c46bccf0a062bba9bd39c14884a47814bfe82c,927aaf592bf26454b1cdb7cfc84c497b163a90b05c08e2b28e205d1912dc918d
S4,20260752,smp,180000,3000000,7161.421318667183,2876.739758,1bd9433e8c2842c7dff4414977eed84daddc07d8b8e7356af8227c65ef46932e,cb41ee5045e66374d5b13536dbd77ff495fb6ab3971aa2957215db512b88b739,0c4a690f5da06fcb415162a5f8470ba0a9ebcaa6f325d0f361bee4a14b2ea32c
S5,20260752,smp,180000,3000000,12727.628217689951,2892.338841,34e9b1064fadb1fd005bd173f55b2ffff527d5012c597103725b141d943ac5a5,efe7a6162f0ccfeb47b7378689dd750269e7859b29b0a42a78c27d7c29b6dddf,e7868c52b027c6c451dd91fe52b943f8207b14c4d66b204cca408d4f1981cbb5
S6,20260752,smp,180000,3000000,7619.47049226038,2861.950023,9f768fc7ccb2d13fdc29370261c4418b30b3ad961533e3c72d142dcc3ecf0a1e,2c312a43d031cbf11ff4eccd4875a7315d5352085a278054e0b46a3d669c5564,0446865270701a048db91829a20b63b19852e06f580875919e6d04887782c77d
A1,20260753,smp,180000,3000000,77707.71088589788,2229.695531,a51d886996c683f0d0daa642c4d95407dc56d0589acf04e6ff319bf08bfc8731,60fa71de255eaf8751baf467f549d6acedab30483784068f5ca23ee89c7b94df,413e61fb56ff342cd6f4172a46273f4e4fa33a78a86a4521ecada36da7590035
A2,20260753,gcb,180000,3000000,78167.73276453132,1442.305917,aee04e718c8e7d808a4b06171d98eb4f735f1c234ec6d27a6013a01eab415e42,973c1cb68105a3f5b0bba0fcb721defa8a246944e8200e48a06fe49ecf3cffd1,507f9f8bcf33f4a26524e24c73604049c1c75e021866353cb17afe9ef86ff4c6
A3,20260753,smp,180000,3000000,79142.5941594317,2929.189263,7e4cb951ccb1793535d7f8bf902cf19e3b33947440fa18c311be180e3d18d469,e01df1f4f037496548b38d0b23f43d27e2358a432f41789f4a33757b36e8969a,4d0c4ea2c1841ded43b2195c25f04e2555ab92253e5dcb8c8a6bce4907dc4a7c
A4,20260753,ctp,180000,3000000,79387.70452138591,1351.827647,6213d3e9a34af7e660b7a05f9e830348cf12bff61b3b712fcd9aa1a490385b48,81230584846d7d3cd5447d56819cc678d151452e1e34ec8de91e60788f2cb978,4a71108db3ca4666b4def2fc6f0975e5f1b5ed946adf37c805b1df06d2692cd4
A5,20260753,gcb,180000,3000000,78300.0481043134,1504.225525,dd7970584167e5c424928e36ef2d51fdcb0d825588649ce676e54d3ebeaa34f1,51c924034868986445e22ea9cd5ec61da9b83606cfcd51d1ad2ae6e804ad08bb,91627ca9ef15e85a261b281bc4ab08c32bb83d2976f0623a0a7dae734d21727a
A6,20260753,ctp,180000,3000000,78466.2927174674,1385.655514,c964eeaf3580e6b21c222202c52a13a43cd531e9f268174e2ac818db6965dc84,7009cfae435deb5a8b3699506919520ee7ee5db19c391f9d3eb13418c4a6462b,24852c18c584e7195f6fb2dc64fadbbd2c01a28222520c8e66409f790841ed1e
E1,20260753,ctp,180000,3000000,8964403.208639897,1172.678253,bcb4d9eec041527b7cad90530647b5c87fc7a12003412dd5f19c5d1cc9270a9a,77efdd0c8daf2cf02f3044333b5052553ace0c4dc4f5b23f5a32d457934bbea3,d8d8e710ba8ec2ce33292729ee55d1a866af7aceec0d32705622e4248ae182f1
E2,20260753,ctp,180000,3000000,9400008.007911023,1182.208191,eb1b633b994303da24368b74107703883d77d3530327ceecfa4462f851aec1b6,43b342d4a489b708625e54978addf586e2e38d5d306ac39e3d4aa25dd9c29750,d18be9f28a8c0b48fbdca22a74678a485ff330806eeee3ea961a90ae8ea3ebd0
E3,20260753,ctp,180000,3000000,11613658.161261408,1207.468431,5da97caaff9ff37174d9c0a91dd3182418ba46d7cc2eae75e2675596edc2f5c0,19c8dff6b170338aefb56503499294c83215b3dd751a45f32c90a516fce86a19,a13c649d982074376d41ba497e2af0b081aaf7d53f86de13c50fe4bd39aab325
E4,20260753,ctp,180000,3000000,9786123.263487453,1236.171903,aee149001adc6458876d2569b31aa681e43ebe3462f26c7acab59af56a555afb,f8ffea39c43bedee930d2d93499ba15e6bc39006c7ee5964cf3c4df25b0f3832,bf8c0728d7ffd8187e7eb8b15a3c813fe09ed44d1b86e3272144af54c134a5f1
E5,20260753,ctp,180000,3000000,13344865.286622236,1260.438487,d926cd21671c84e0360951a88521f483cf59c02d3b2be6a791b37e23a89529df,3679c3ba37422cd7f8b3621ffee1c2e34ce23134fba8286d0274be9779d04d54,304e0d1e18844a3b7673c71dd0f48fd262ee87826262c73a97060a0d16633415
E6,20260753,ctp,180000,3000000,11389750.978481587,1301.636312,8b6762189a64c6bd20382ee041d6f1712e12191e3d633852c8f062b21514e52c,995b56d1b8b2aef4320d21ab6348d97297710e38b0696681b2c90a5e2f67d81c,980654ead62e87181f46549221bda042e9dd7cd81de51df693a542ba530950d1
R1,20260753,smp,180000,3000000,279679.4835921937,2194.829585,f855021e473d8d5398c4863bf78ed8de69eef130f10714222d05fb21341c6ee7,6fc841082338b5f0fee42c9dbada58b0309930727b9aabeed706148f942064dc,dc443d5e75a34560194ed6bd3daa56f9bfaec6c7c8e9e324f6d21f862073a33e
R2,20260753,gcb,180000,3000000,322531.554701471,1356.650761,8a401a9577eee22e0fa8e6a7188bd6227058b65947a98daf9c2b6509a76253ec,d56b78dcad4b31fe90b2134ac404e5e3cbfa668c5959a0da5bebba30d788fe7f,64456d7abfb83029b3543c20cfccb6e35f984e123a53486f4500cfb6cbbff73d
R3,20260753,gcb,180000,3000000,332791.40237976064,1377.758141,22388f2ea59a3af879dd90f8c89d7afc456b895b5c0fd99bee445e36d3c147fc,14392f9b4e556b532b7220f2e1321de75bda5213db3896140e5a7cc98196dc64,7d24bea2216a70d228a4c1d1cc7d86634b6a9f23c397fa71b4bb1dbbf2abc98c
R4,20260753,gcb,180000,3000000,381394.3046957035,1387.783276,8ce5010546cc5e6c800c0f657e9b64b7d82eeb965528d3f121c853784236025a,33eb58317d6822121127ce54e60012d39a6ee855e66c245265ff7f35f8ba6aa9,4066138ea5db72155c9e93259023dfda09032950ed3279e4870526a23a811768
R5,20260753,smp,180000,3000000,1689724.2696927916,2881.421291,7c544a00beb4b92d72ee8d4ef1dcfb1b07ccf1cc6eb87714fda441366ad38ae8,73f761474e65d2ee4c4293a5b38965a78f522e5e00df9be8a8e1d0fe3664b6b7,fe06e109f1b50e0f6f03571526c2af558472709974afe115aac31a84380f24b4
R6,20260753,gcb,180000,3000000,313493.5239834908,1417.683583,d9a668a7149af242dccc97705df60b2255e687423a9fca138df4652d9edfb051,409962f0adfdb1e956b9370bc7346b1421b2b38b8dc33e0951cf579bcbfdf1c0,4ea291edb7e45f9488c33e0fddba9fbd2393dd864d29c1b89d82acf9fc8e3cb2
S1,20260753,smp,180000,3000000,108823.01383718537,2067.870409,ece9415b7e09e57aff1e3dac0dced81879d17f7901d81a1a5aafa14154428558,253d0dfb971278bc24df4e0ca381555d0067138d57138e4d9b505736a3ccb355,9a26cb00d6bf2b678db9e38dedf0835c110ec8531fa1c1ae61c5c7eccd93d609
S2,20260753,smp,180000,3000000,9672.030343411741,2695.381901,18d35d34a9e34a2d5ccbfbb1e250c926c175c0579996168451df7780000027dc,e10e4dcb4116b555ea0e2a7aea5b44eff9841847d5b2bf841e484b4ba4c77d94,3ae38d19476eaa426a736bcc3a98585c030c9740c1b9fe85e6d49d75a691a0d2
S3,20260753,smp,180000,3000000,6958.819892679055,2710.305605,4a4907d1142432d086532d01deb035686e4fb84dc031ba0198360aae0313b196,2189e48375f9c6a2d3c50e3c0b397f63e674896e674e9a8410c8e92b87a95069,650afca3c10740c5104d53b2b933c8ae554687d31fe0df96a0c33f9737673f07
S4,20260753,smp,180000,3000000,9519.85361152407,2675.021668,a68c12882d7bb8bad1f93de4483bfa8a20c6f80aaac2b5b61a7d539a0500fded,e134046d2d142696f0281ec318baf4850725949b966e56aea9e07a5f835d7bde,a3380970002cb6d8d9503dc2e32c7aaeb65e4fde4cb2262dd5a9f43eb0f55c13
S5,20260753,smp,180000,3000000,8352.31050973257,2743.109741,222e8b5b84cb56f73f2c4f4aa56306d4a37fcf1d4a8dffc8755907bc0b6d4d93,0fc9e81f2b2293f24acbb264e3a85f4a9d66ab8e4590639a60fa101730c50b5b,d2ea8236474d323f1b14446346f026688c7b1edf4c44399b548a7ea666c7b6dc
S6,20260753,smp,180000,3000000,10800.037643668195,2698.455617,1563840ac0459c348c751e472a0f0561fb89a1c3e7ef61b3bc0ca7927bf2efd1,05387160e6180b7c32a2b722c4a59ab1dd0b02a84696894f6e9dc30a6bb4d4e1,6e26872f6add47029bcfef950ebbbea5d90ef438a6f789b1487501dd7a252d6a
A1,20260754,smp,180000,3000000,77692.04347483459,2083.675086,09b51e64468aaa043cabd88ee0bcf0a05da66e074bb9901853f3ae46759077d7,91cf184ca6c9520c513f6d718715c757beffa369bc948a444f3c0a0804d1e41e,220fd58e9a699ec5fd8d62adc13febdfccefbab654d9e2f9f30300866c13b07f
A2,20260754,smp,180000,3000000,79093.78493408802,2776.526654,7dcb82a431ee89ce6250d26c6918025f78fccee621ebd5c93ccfe5445fe0b4f5,59a03ccc85b7a0a6ca69f4091988d761b9cc56e7493674eb47d193d34415b6f4,ac76193acd00d5c664d3ca91e112ea2c430c563dfdcd617f367fc06bcc177ebe
A3,20260754,gcb,180000,3000000,78017.10614664158,1399.989979,abee94af63c35c849ed10018c574e07e85776852707e6b7ce416bfc8e3745bfa,b80469f9e0c7473140d320f4b64fbc334c27f5506ff77e053042cc3ec53558ba,aaa0950dbb34b87ba331bd9719f7a7a80acf3db4dcb9b2a2cb59a69b5a33bf1c
A4,20260754,gcb,180000,3000000,78034.93340632589,1426.975821,fb91025bd3b608f94005ed441324d578217fb784f8992f32324b16ee140eede3,4cc90a3c04c8b39edcaa9e20f100621d1444e8e3708e121c881f724a64528050,552b639fabdaa6fe65defbbb02932922e10355971de2a7084eaff243f0afa7d4
A5,20260754,smp,180000,3000000,78893.55654163918,2812.881197,b4d307bd00b912f0bc1c12bcf360c016b5f843745d95f0685bd66b5fb43eaaa0,ea60db928a6fe39dfb33b668231454c929f06f4f1c807a1348630dd0a1bd14d9,dd9a8be91bb08c6b69895cab5033dac585bd169a21cd942834fecc7643fb302d
A6,20260754,gcb,180000,3000000,78165.99969662688,1445.963038,108d47321a79b06a3202680cf04dd31af8b57e1148d0e3a9132eede609743840,0f3c978540b89c029ad31a8fd129acc65a8ad5597e72e67bae84b5acc4fc909c,d656505b1374ea44fafeb3bc8a9ff176d8d05bfe147f75c57d659bcc48ff743c
E1,20260754,ctp,180000,3000000,9030694.22635788,1111.211575,91698b07a4ada0af86ccc375ea206c65ad049a8d17aef3a2de1d8c953013050c,d4266d01771126368c768c8db7db8fb6865b1fd5617ed8c9c54b17f1ffd6e80e,2a91143aa1eaba6d042eaecbe792fd1c8586e057c80d68fc7db8b9dd89d74b58
E2,20260754,ctp,180000,3000000,8748124.007489027,1103.85899,de8003a67c952d40880f2386d4341cb4ba0eaf6ef7cc5ff3051af7b6d708dbe1,5b2d94c8503fcb9984b0e1c9d93d1b614c557e8990c9b4e78aa22c292566a999,5680356bf783137aecba98b3de244557bcd7d519f6b4a2d6861f3df99697967a
E3,20260754,ctp,180000,3000000,11600933.97916794,1104.204871,e6bf0508fa99d5f0a33b982353883416b64812097dde678dd4b7389ac784d69f,2ffe6723bcdad37c567250322c95908586fef3c384e49bf3303c7e2c4d22ab61,61cdfc74bde5ec8fbc21622b12e4a1f52f22b2c64223cb553dbe1df87e16d9ae
E4,20260754,ctp,180000,3000000,8860043.146644743,1125.259158,87aa7ef6d13551f3b391a13dea967b02d32be2f71607c49d4cf802a91171d311,69357a583ff9aebb5eab532d4c3d98d87259964421708e5759acb515897ffc58,8c0df781ef59c80041e601449eda6ad47095329ef3a05a035583ac9fc7bbef32
E5,20260754,ctp,180000,3000000,10962369.937601933,1137.848729,f5d8f17c125b2bcf3a7ed8fc171aecba0936e930d4073f1ef52ed4d9285d49a5,587909cbb5435d90b2d3b93e4a44f689f9c4122528f68193bfb8a8c00b40eb1b,1a56efc71b53fb3ffd5a9de8004329868ff77181fc6a48473cf404afbab46247
E6,20260754,ctp,180000,3000000,11486705.459855497,1160.330461,a013a8e132a0a62488b0f7fe43666c4546f49558ad8423908d08f386ce5a8bc5,fdba41ab1561225b1666b71847485df7e643340e0e1e7e0f26adfa0cf8d9e3c0,c7bf2dceac5c38b58026389529f360e29f61540c28a9216ea0932128b7428650
R1,20260754,smp,180000,3000000,285840.1809014692,2030.722599,ee8102703966b190c474a64164c5089c4df3215a370985f83591246df74d92fb,9f11d8edd16dde99d1e952cb29ff112d985740e8e2701206979b7dbeb9089338,f78cb915d0500112b31483bdf79fcbbf60c64a909e1cd7cfe1ddac2606f4054f
R2,20260754,gcb,180000,3000000,295268.4008166294,1222.509833,22f22e12b11fc99571680d8408113d7bc7f44535406cb62585ec0bbdf6092e04,ec30f450123dc203792d66c1b112c3fb46d88e2d80dd184cc95d07f3084eb958,ed9edbc595aa649c6965641a0e4a74eeecb6975d358563ef39a7abaffd31de9a
R3,20260754,gcb,180000,3000000,332283.8802709103,1244.24428,da367c5d5f0592c8174ffca48e778a4e02edb5105dac0e512b2802f9946bd796,680abfad26e2f2d30943344e9d94037b55fea1da8c91835b34f5845b79050a99,ea7b0063f2ca27a404b3737836957b55628456eb8c6398bac5c4c8a07e0dfb7c
R4,20260754,gcb,180000,3000000,354806.0114723508,1262.958627,0d4f9d33085ecfa2790613c753a3b3c98830fa6739968739407b469635bcbaad,2209c3a66eac475d9cc7a5d0c13eb1f0e6374d9395694b8d14f66e71ad668d45,e318f47d0639aff10fab60f8b01a205863c52c646f38a9bfe878218806c805b5
R5,20260754,smp,180000,3000000,1369508.373237678,2607.70988,aa115acaa4f8f6cc6b6ec57c67d1b2188ce8e2318923515d02cd40996be557a3,0780364da0c32446561a5704a79344fb83bc626301f2a8191c09d7364d0cabb8,6c9803c765e9936e17236020b54cc65b43c9e13bc19bd02b517d78b0e7e6c324
R6,20260754,gcb,180000,3000000,368489.3579816637,1308.004592,7c943f08fd6a2cbbe74463bea9fa5f45ae542522503debb086fafde7792d073b,11ebb098eab3c47c5ca6400c00c346d9d3cf8a7a6211e580245eec4df4a1b95c,341be56e48e7215464af08b3a9d8bffa33d14dbd5f53645db0cfde6d4917b4b6
S1,20260754,smp,180000,3000000,0.2964704772839917,1955.17992,46ea3bb0a93ad7bf580d5f7cc1b0b8f01a27f381f4a165b0d41bbe2d70d28baf,27a0ba1c684f25921b1ee54b2c2f84b6d62a43d20f8ccb3b666d69d6364298e6,ed6f23ae1110ffc2c0e450b3cfef5c678a39307f5f6e51378a3f7331f96b8b52
S2,20260754,smp,180000,3000000,6949.328667603323,2330.740473,c9bf20972851eb3f809bde749b81722157b5ad86eddf8fa4ace571c041488981,3439fd87227bb9f1d32a76453f20c5c975d6db297bed7fc17179709cd27d5698,bce282f1eb9b8c403f1a1601ea81b0bfbef45004621a4eb4bb3b082e20d097a8
S3,20260754,smp,180000,3000000,7710.247428711192,2610.075101,510e18b2cf08d8a8ddb49ece5598b5735469a5cc3c9f09dcb89d4a66ae8a07e7,8976da6b2f65faad51d07886cd3b42421c4401f50511fd253376f23766b77d70,d08bcde779c49eb195ac50ccb515e60a249d2b9f5d41c6df73fb02501854d83b
S4,20260754,smp,180000,3000000,7013.858146402605,2613.830437,4cfb32ca40767e15178d4973b560355c15e1cb39d3e8303ec1b6c0bac3e366a9,7d7ed7fd6b115c1aa7f85f928da322404ccf9a86be71458c0e5b1f52bca2ef06,dd1c434938953c8a963c4ecfd96ce51d8caaf168507c0acfe14d7c12892a03bb
S5,20260754,smp,180000,3000000,8768.698211224053,2661.157052,87cf8803b5b9d45e421cafa87217a6457ed6332ae1c7c6fcd01f29f74bf46b7a,e6a0806f42aa3bacd129f4baf04a0dcac6090a97d14065ddaf46ade77ab1fd77,50fa348822e4de496e9acd850ab34283d8faf25b5dc17651e8b0a068e7d42412
S6,20260754,smp,180000,3000000,8493.137150946981,2647.352229,a4421f49431ae0ab5ab42e762558a9fdd108ebab92a17fda4a2ce07e4fdcfd40,c6ac37730cc8d4416cf2fd3d446de9f7ee6d0d72f8b73b719f5d067bb32f53ae,77b669a6edce60935ba5e255d7cb3aa10e83de79e97519dd5505376dc464e86f
A1,20260755,smp,180000,3000000,78334.27985481452,1987.968163,f351baeacabf9908c0c13c8f3ee703f24c55341539ad28f877f66c39f661cd48,f1eca56ac3673a18a39072e0b80dfaaeb20013cc0d7f84015f2f4bf395a1f3cb,592d622c00d9122f23041212f391f003157253e01ed4d60aab0daaab39e2364b
A2,20260755,gcb,180000,3000000,78058.67970746473,1311.013597,5e03e6ecdd798c20e6a4670049c42dcfacaf1d2f9aae37bad86b9e01e60863af,f8ab93a6c095fde87a8d46ba95d3db0747ee4bc276ffbf6076eba3fdec19f8b0,9065b0579cf4d5b1f77e071a31a056ce41ed82bd2dcfc2eecde92b36cedb9e1e
A3,20260755,gcb,180000,3000000,78159.93616423584,1331.582133,2227f0491eb4a68b2380b1957f3588a75a4aaadb9174c23923d67f8f3fc2d448,7bf728569fd916995d6547233bc8858ffe2a90a86c41e4481ce6fb35a838d19d,413742c22fa39ff977cf9ad82f120a975524da40e013927bf22a9112864f580c
A4,20260755,gcb,180000,3000000,78223.68741016185,1363.498424,f5789bb5ab540151a30a42a5836b9a5e6a3fae586a902bda09a88a4400bcdc07,95c5de0a8ad7716cd573241303956025ca91cf85c050f1cbdcf2e38d15de7466,a0742950f74d84c0937314a2b380c73f7c3cafa535ae478317db2b165eb76651
A5,20260755,gcb,180000,3000000,78393.44724040497,1363.131529,ee639d9fe8c3b1a07e0cea714c39aeeb81ca6e34a94aa1e73264dd026d16df20,773f960480f64238863f78030ea39190c1d2a9ddc7a6a3a4a70b74e8a6a78270,fafb09aec682787c07c3378490c40053fc4659b6b359d1fab897177d17f4e7ef
A6,20260755,smp,180000,3000000,79281.88454794965,2790.882484,56a0e0602f3d82142fe423eebfa85130715161e4d0da8993e1911457a57ad542,a1cd463b4f5bd31c14ce4b80db160972e1b3f09cab710389a6856626ef95c5ed,0a4cacecbae2e4390582a9d48f22fa43fea427e8da486fdce05f87e762b7a153
E1,20260755,ctp,180000,3000000,8880822.885129878,1061.306775,04fad4426228376f543c04a849fe45fe59c99d7c9002afcc1098f07d5c8c1f40,1e67fa383c9cc7acc6ffc97cfd22b51bfb017c3a22414df60995990d462d9365,3be7084343090251406f5f31554ac158638f9ee8530d4e9d7791bfe391b0a952
E2,20260755,ctp,180000,3000000,9073588.838814337,1084.664824,996157a1ddf201c03d385c2bf31b0e6f9be62279843fadd4412e3a7774295093,214274ee68c894a64d55099a9148a6e018fe06bbf3e1f5c729280c12103d51d3,d9095dc9192cbd3b64a5fe2deeb6039ab59082a6f51152a19206f484ed9479b8
E3,20260755,ctp,180000,3000000,10232014.527082194,1101.998091,499a0eea90c119db410343992b8b576a1122e0a02a110fc45f57faca4824f3dd,430befe8370cbc446e1b5d8ead2ce1c39cb2d42300eb9cc1f93d68aa6142200c,9e3779a8c9753c2f53caeb70415b7d34947afc1dc9c23ee14ea62b09d32c6dff
E4,20260755,ctp,180000,3000000,9229896.91993402,1116.08198,0489a26840e50b25f76bb2e5c84b30e5d63882bfbdcce0b77181fdf7d079071b,190fb682aef6973c2f975a6c02768e0f1e0b5599ec0d14a065d9fa8ac2204777,5d37dca6efa595b59e84d1bbc8a24b3de9f769cb3ee32bd53f2e4144132035a1
E5,20260755,ctp,180000,3000000,11541576.155622164,1128.796175,1a24283bc6c0b10b008e175a889aee176c1d179c9f31479e67f0c1e1caf1d144,a67ef9737052165c1d891da1bd6ade65b78dbb3cc5bf78b09ff9bb5255b261f3,68c1110e36ae86e0f114c5748a14b9ed60029135553eb3f687e55b8b6d99a6d4
E6,20260755,ctp,180000,3000000,12237948.772042071,1160.689137,2745b621079daf4947a64e933dd9300e6d26714f9ca859b22f16a17bea1c64d3,ae8de559d97b5014055f2ef652c2a0f64dfa665b7b7b9b2c4f3db34fb3bb0d13,1c55d230c965ad0ffcd9ebd6e62a30eb371b72e33b2615ffed60c15f5bcb1ea2
R1,20260755,gcb,180000,3000000,306123.43507777527,1146.552762,67f4c905ccbe0a0e185baae4c15763beb3f13078a625a4a665cf0f163ab57c9b,19ff6819c364192943ae9cf5565a2d2ac91718ff98d1732622b71b809d933866,20daf8b823bf53ae49cad4136d33136c02a038d7cd9cb601b3cad28f252e1c0c
R2,20260755,smp,180000,3000000,1368366.193466586,2695.917672,2cd0f1a054f40c74f5e2ff59c0c612aba2632e4d146008cdb9798dab5a03fc46,196ae2969aea2d3c9524e1e1fb6768a9cce316d2a7be37d7db922d782d4f035c,b7aa3a5d994e19a4bb90c08905e6bc86cdf5ae32e0b3704ba54088930d2a01d8
R3,20260755,gcb,180000,3000000,350841.3354540317,1242.439007,f25207c16c48fd2e126d42ea8cd0616f1975d6786fd3962dee19071927ae72bf,1d8157c54dfd6c3b5b95b2c361a8e95101884e0fdf3b94d820dc93dcba3ff2be,dc091184c1f7efa29c406bc040799928bec71014816f655686ffba0f77995e89
R4,20260755,gcb,180000,3000000,347030.2174169204,1254.935942,02da4a274a0dae89744005112e5cef8d1c53902337b194492e7179d9b4a1caa5,b5ea349f8cd72118edc60a57e79e72b13adc30d2913b22450a9777d45fd46e24,5b0f6257c01f97db7c2d727f77d6cd1c2ba9a65a4f33333d3c2be929a368d89c
R5,20260755,gcb,180000,3000000,359145.2542684784,1277.588716,aa2abafb01412b165cf5385e51cdfe2f0d2e415e606c52b80779e25ed31ba4d1,86d0a930103f81ddbe8b3c33d567c8afd91fea6a5a4fa457bf72410bbaac492c,e8d60b76b86eae1f40726cdd87ace72f41e36029c7128ecb3259505c36d2dfb6
R6,20260755,gcb,180000,3000000,506291.2642434844,1303.685919,404964df3a821c518a6c4f00b0d7fbfdb796af3c7b46a6014c51c57ad18e50f8,048841508f9abab6627a13a871d16138ce23298cea72a91bd6455f7ac7f53fd8,5600bdd1e0aa6cb4b0e0a92f5cc3667caa3c9f214ff6fdf74d1de7cb6f478191
S1,20260755,smp,180000,3000000,0.006910041315264128,2007.919589,244e69013a981828cb33e6a7e770b8650d927f4a31d0a3389e66b0e88e7d1812,2cdaf2600d0df38bbe9d7b07f513aed76d7c259b8619bcae7431c5c5caef6345,840db16bf84dcfa1364e117ccb72ff39adecac5566524dfbd93386f41a4cb90c
S2,20260755,smp,180000,3000000,9771.492629022496,2585.308197,489fdae1b527bc0987bbeda1ad6957afcb433ab2e8bac4f501343cc77b95a020,edda3febf82c3d5c0c04ae95c2c045d83772b7988edcee1e0836c3803f43dd7b,45d87f78cc604e44351e51eb881e70e72beecbe7995323469a521c8d143db2a8
S3,20260755,smp,180000,3000000,8221.336139329436,2629.527206,5577de96df43c943863db5c153df332e405ede118e169cd72520a7b21daa2cbd,ccd82a80c3c62c5eb052b1bc40c6e897fddbd83dc64d0bf604887085f47d0240,a81670d9e042c8666b4b80ec512a3bb7f64d1236395b7d10ca6555a2febd54d9
S4,20260755,smp,180000,3000000,8576.215273987207,2624.264263,22f586b34af5b4562fdd57384493aa24ecf5be3980eeff6a1db8a1328848cba6,eede05982e901aec7da593665b4a702b72b32a09eaa38a36d275b73841e5b8b9,67f70d136644dd0f3df2b681860bb994648d98f4876c504397382d57e174d24b
S5,20260755,smp,180000,3000000,8286.64554553514,2643.118749,39a5aaab41ec292f23ca660d7af954da488b9b8e20cf14b4fc0cb3106b56ee2d,d482b099fb957996d618a0bc500542a5fb3b5705f7774e0f6a65b25d427a6ed3,e7bea0f147d0587e45e5f825efb1a37ac3628c746023f805c0618d1483458720
S6,20260755,smp,180000,3000000,8480.596418238358,2647.73855,002b9378cc4845b45bca761d8031ede1b9b3feed87f56cb8c948900b124979fe,e616117aa8e26b16c81621c9d04105928d0752c1699ba4836a360ad84f706cb2,aeab6c23e97edddba02c402f2b6f38b50d51d85d8c8302baeb92d024e5a34cb2
A1,20260756,smp,180000,3000000,77686.27075657152,1992.823425,06a2a46197abf7811a959040d13a40f4197f35630858b29b321d73c64739aafe,f496119a4b05ae4437bb0358773361397f5a07cf958aae6d2612c61dcd9cf68c,b835b133d482d51ec0f961f9863328012d2d3e76e984db1d84c5bcc802660223
A2,20260756,gcb,180000,3000000,78360.74419574624,1301.349303,b751f7309981302c6bf54977b0d27a791b51200d1e98912e3015c97f0304a6ca,8845ec8493a3cd19a285afcc4723e492a7d6f97700f08ea59affe2a3de5ac24f,468ab496e107d1909780c0721c61862caa5a6bc1fddd15d5919dac088fa90b7a
A3,20260756,gcb,180000,3000000,78132.67752261357,1323.592657,b27a6724cad6b6c18c6aadd9666da49fac3fdb933e83f10b763fe0963219bd6f,33d2af52c47d9458140fdd71a1b228020d1d87912bdad0ee9b294e61966383eb,bc05ee33bd10debdc03b2b0ab2eb41cd59dc2e6ad29d93feef551dda5040d7ff
A4,20260756,ctp,180000,3000000,78592.78861253259,1211.299908,ce48a1345904ba92e5df04a52da9b21e5c7e4fdff293f296df5f5372255c6d59,564c408afcfc34a33502a0cd824e67ad07cedacca2d5e107bb7bb3fd5f8e7258,e6c704c8c761ab1d7519ef39048e2151a9a181265a46bdec8ec44e9e480e10b3
A5,20260756,ctp,180000,3000000,78459.19883801595,1227.050953,cca8ac15b9f0578768281b8f6a565cb9e17fae77837eae6bafc4c477e17bdd98,fbf6b6b12681fd03b93035e06ac861e568700bfe0d5c215b4651ab8fbd328348,a6032bf332c3edcf3ad8fad5e12a72db6261b2d0d1e9ceb608e4db2b7e767e9e
A6,20260756,ctp,180000,3000000,78311.66903612591,1259.51633,4ad3cca7d5fb15f02952a3a80b704be6546e4f393a9399be7c81f8d3b1823ce0,9ed60a9c6a4edcd19ec94d9fc923e9f5eea048df0a021a14031cb4c081c90573,369a5153d2cbf2249968e09e6960a6899206da25252b716fd95fbf1c160d8ce3
E1,20260756,ctp,180000,3000000,9677242.250768803,1063.690084,978c70bef71e1a477c2f41baea4a2312dbf8eef41215c2dd8e6c18bf96b15386,ec56c4460e097617adab1441adc3226f04a7fb1575fe1e1787a1e4d6372c1c2e,60a4fbf558b013cd0dc1087841ecf25af1a89322abfc939e1fe423e5092484e6
E2,20260756,ctp,180000,3000000,10679097.577250423,1077.95815,a87e4d7ba168d99a2743fb06ff76e2b0750a560e65adbe385fd7faf73a34aa0d,4be619c98536db384ed7374ea085361f40f356b9169f31d06c0ae4887da6044f,0ac2d6fcb2b07bba5a3311962f31fd4b1cc829c68607a85054120fa1c961b3cb
E3,20260756,ctp,180000,3000000,10597273.311417244,1101.530641,82b3853c1ed288a11318f6f73a9a551738aabfbd5dcaecf284e1bfd54ed267d5,041b0b64ab4cabb6ff0d8d616f6c75ed63fc55d9fd9cca6a166fe8e329bc5684,5b5012ef5f211f12666a04f49f55315e38aa009a0245c3095a1a7d3fdbb65652
E4,20260756,ctp,180000,3000000,10089163.24691329,1116.169467,20d987e4acc9c3c7cc7936f7d2527fd243dff432d0f01760a3d499411207dc1b,03d8f768c701a9d5af89e959609808db4ad8e70c4ba1105834bfb2644207a9ae,c6b8fc88b29c158810c3119b89dd0a8659c4256c616124a31afbb298f1f9f86f
E5,20260756,ctp,180000,3000000,11447011.695799962,1132.873969,e7300605f36111b1bfb9e7a2c971ba64e46b3a464774bbca9089196c2a94ea66,91244084f4c5773e59bf7ae82c55fe5c37515eeadae9271f6c3e034e639d7e56,2900e32ec03e82d86538a0b5dcd80fab275ace16602c909445e48cc491c13f77
E6,20260756,ctp,180000,3000000,11936274.971305817,1160.054766,fed9847bebf50781da32d25d5231e1a8b4270e7686627a599fd383150446ee18,b6baa8c0f8d91d88909fc6372385b8bddd6f9b985fe8e4b6b2ea2602073da6c1,9796876430e0875ead4a77b2aad4ebb6876bbe40ba2bfbaa76c44b47167e3a00
R1,20260756,smp,180000,3000000,405969.55243988434,2148.253683,98e2df4cc0ec8abae1386047e453b0cb939824b447166896f88cca97712d644b,01a8a0b315056208594ce94910e52c54bcadc055fb67661800ec271c1c59db00,bda2b4c0737416f33b4fe77146b5bddba25752f0b3e13533bda6dbd2e1db4e11
R2,20260756,gcb,180000,3000000,262958.00163451565,1223.742664,a108bd223305b5d7cd5e11167a8412768f80433e18f66f7b586191322252ee49,4c2bdfe47ed903520343d38939fb2431b6be33f3ed8812a6ec48be6a6cbb44cf,eee02d82265f93cc48daeaee15de4e1b1deb9af07144a5a533c7cac3a6679228
R3,20260756,smp,180000,3000000,1672266.6461667984,2728.260199,880636ae686d71babea9cc8547b26e3ba6abd938a7213706355d5f52c826f685,fdb3d6d3927931be455a5401cb7154dbf9cd9bd970930f6894ed4e36ac81a8e6,45898c6a1b80e8e974ebecf476c46e327fedbab2e025252e4836504a4cfbe655
R4,20260756,gcb,180000,3000000,472605.40349051426,1253.415502,7db365296e89491ecf6244a806dc88e5e1c8ff53689015c729313a513a317b09,10a6d2c9f65850afc4300626929d93bfae3c2bf1a6fd737c9ccf16d1aef94d82,4e5fdd15f5cc838aaa29fe66960f5fea71f80459371218c45fbb87c1d7f35d8c
R5,20260756,gcb,180000,3000000,388977.9515459331,1279.093453,016c8d7d57d5ade05a905e0c690ef7620b93a14e1d711c75d3b6267f1e662829,64e8619b450e5d1878867a5311a3b0b51c2c4a444860b6768584b394f29e0d3a,7846527b7b4f16da0c08d5731291a4a2e62cf2c2d24fb40d67d2e70a3db1d6d4
R6,20260756,gcb,180000,3000000,403949.9523175392,1310.008075,a08a8eacc357c35739673e34187cf6a0840bb903c7e0ea4774e4b7fc3a876043,c557c14e86c83310bb8d72467c827530505e80b498147c8293c1580941951090,0625206c80f43f03148597876a4a2246ec0ef9acc40dd5aa139b25c8d3cff037
S1,20260756,smp,180000,3000000,0.06670003090607948,1974.007368,a8e87545bc0c9d19ccc54699147dc48c521d7ff47a318596ba6b438e745d81b7,537a08abc442b518ba7407bbff7a2f9e9c8352cd393d96547dd85cf48d77452c,3504cb1410b5b2fe36007b7cd6ff1ddfe0f347aab7d3aaf1afe62b51e8b97d16
S2,20260756,smp,180000,3000000,6674.91511823391,2338.664972,d0782b114859f2373f7900676ef6e2bc28bb21d58431514cf2ed9336241cbf8f,01b96c4a077898e3df3167258630bdedf136a38ea593d783d07d0d9ffdf0f1c5,b7e51b2ccf7d60057a87443c244b5480fda64657c96eea731d89d6a79e24bbf2
S3,20260756,smp,180000,3000000,4830.240369679434,2345.197017,ee63b12c2e47f68941aa140b32fae6104bee4375a3690218d2c911ab3d1491e0,7d322e8ab543b1dc2761076fb0a7b41e7a9da5d7e999766e8077d9eeb12cd7a3,4b342b700e6ae862dea699e020b98021b8a220f50a47798b62c3fb6381009ce8
S4,20260756,smp,180000,3000000,7408.728194368097,2646.750774,8f5520dd86e2ae11fd316f005646d644510ae331cfe789f46a29812e73f65c32,c82d4a5904d4a1f7b2737497e7fc6d26f45280c0e324c5cc5a8b7795c5159d75,137f9b25e1ea11c82295925dde19e79047d90af4ba1ec21a02b011d21354f169
S5,20260756,smp,180000,3000000,8075.3536462283755,2674.377527,aed5929ba0834c03a2edacd0d2a2dffe06e5dca72d9532b581ac9b6692da3ad4,914fd2ded5eac9225a9f72d6ad6fb55e7735a00a9cdeb38433af9712ec8dbf65,65c27a94aaf7de5b0b9ff093fefe955871ec0afbb00aae0a5cf6d2470829d324
S6,20260756,smp,180000,3000000,8865.42198586871,2696.992149,79a4e2a6a1ec723670ed7c144ca2cc0ce4e0d96074f02bda7fa14f1355748462,34fa6999413af061e80c46d606f4a6c2bbf2b10e2033428f3901d4bd1c9f6630,8316297e6231e04c56a7f4650789eab573cad4f88da083340dd61826b2955d4c
A1,20260757,smp,180000,3000000,77689.57470510971,2001.839656,c8d5ba05975891569b71fa71710039f7ec5523f6384864c1f6b35d4a424fd2f7,00b0ac404151cb58b9ed112d81f6b0cf4b348d82de3417a6f96973c7531ab59d,913f8c95e8605e828a09156710ecebcbdc540a7fe9491470e531fe6d4bff5133
A2,20260757,smp,180000,3000000,78717.08443951566,2698.548963,46fef6764f5f66eb38a8d3979fb6d4a8d681fac9aece6b61d0187e4505d5003d,4fe52db880a58fa6d8e0409fdc7496948a4567c7228a76b7fd9c658864dfc6dc,fbc581e580b9a12ee2f079d69495773194dba28ed98ccc0b4cdbc2f8a2c514c8
A3,20260757,ctp,180000,3000000,78446.34646931806,1209.548428,7ea0296cd8818d40dfe5401b35409987cf2fbc8dc3337cbfc8be53e20e222fcf,c760891df5608f6ff9e1194d952319f87537d03e8df567ba0b84b57ebef70e27,c6e854b8af8e13eada7d24a9ef8622ba3298eecb2536d9ffc2f1f49fabee8c2f
A4,20260757,ctp,180000,3000000,78152.8503013463,1222.734984,3e2dfc37b6a75c4af62efbd1cf0dc29df280fb85a7f4827705858ab2c6ec2817,bb19dc37d22ec192874deb586d3044c9aeca20f4abe580d5ed474c5a1f9ac79a,23e1340519f0139ea2620c6725afa5a44496bfa9bef92fad164df11ce9fce820
A5,20260757,ctp,180000,3000000,78443.05548230957,1239.620186,6fbba76d6ea5f2a885c4ee5dc795b23f731d6941f2ae13763e2244d256937e6c,feb9ea42235f553e903cb060307b8b250c1cfc1e2ccb24f7bd59be7e10568fb7,fc635963adc305247e4746a50179e2a4ef27d0ccd3817407e3dd86f6ab96c31a
A6,20260757,ctp,180000,3000000,78176.53114619813,1271.162874,45f912c397ef417218e5ff9d011678144bbe3ea7d94be3864a9da9bedf8fb852,409b73becaa515299afc56be2577738ff88e82a573d4e9d9a0081bba6ca5b855,eec80a5ef45f1f55eea77786537d8403c5faeec5db44ab6ccd594592ed9359a5
E1,20260757,ctp,180000,3000000,10564226.611794522,1068.786855,4e315a57d6995cc27553c352576132c1190a43ac6870b3e4ee05c0be9b6aa698,0b48d1ec7bdd4846ab0a02832f9a519014e31c46ef0e513ef2db0fa69c5190a2,a5003d72f2c889069d9b8fd5d96ff28c413862c0b2c036717ef2ee88dca9afd4
E2,20260757,ctp,180000,3000000,8830099.949752474,1079.237196,609305c77a7cb3960b974fa27622d25f1ffa572f49228d70d1fdde44edc7aabf,ec9cdb4b8fd1d01979c8294c605a00a5e47b510df53c7f59ef70c06ed1a8cc65,f0203fcaa2b567b3c751fae61e7279ca0f31b8e71eca56b96e517198f42c7994
E3,20260757,ctp,180000,3000000,10420899.578761494,1110.522681,7fa6db2d8ace3e459b67e2383b4b0fccf4e696a6a3890b01064b0b80ee8cf6a3,f681590516b61c09b037d410e55dad3a31429db8dafb72877ce7de3abbf4d771,94610317f0295de4214154dd743a57389b2ee0473c09b31fab182269168abd21
E4,20260757,ctp,180000,3000000,10453909.660181277,1127.921546,685cc6a8fd460082e12c378255d590b82c11c10472198e615e4be716a4e85f8a,98f61844e09936b8f6f7e6587df503ac72efa8d805e228a949022da0e7549974,c533eee561220558f391b516a4fbb716c9661e6dedd0852297611613092b23db
E5,20260757,ctp,180000,3000000,11656506.621602159,1147.766292,aae786539fa82ea03161e23036c766565914810b27c63861e173a25dd1dbf616,acb33916feca6780cfcb8ed343f11857130921e22ce878185d0ac28ea921e538,729c92daf9f7b2979aa7b629e84aa9107f4aa120c0d98fe6fc65ed9f6285d0cd
E6,20260757,ctp,180000,3000000,12486359.425590802,1174.721845,6bd29e87f1afe90efc623da6e1b8b312a04254c3884ea58f253c14af03d3c8d2,46aa045ac07b4ee54bd5e0e5c4491f0aac3a5fcfe95282053b1e6eab30066fbf,549167ff911aba85c35a847816bcdc2b9d53439bf3fcd2fa0af9dc77aefee15e
R1,20260757,smp,180000,3000000,278477.09012663417,2056.567157,a8daeb3bf178cb2a7452420e446157833351680081c3f494cea21921f2a14a7c,59c2e40fc27a0e9634b8fbf287a391933772351ea3b070e0b0d1e09c1c5711e6,71c6d6a6616467c3f8101f3840146cf0390e7e0434db3dc6da991fefcb157738
R2,20260757,gcb,180000,3000000,374993.77030759817,1238.145387,10bbfa24456ba8873e56bf63d81584b03f662aa85a0cf86d30d4d2a5c0cb9ee3,3395ea2e1499ec82320a4144ab7f6bd49a3757ce9d81a4dab3412aee5c251244,a2631345514cf1f6dda0e77c8052b200fa5f18c861f8ce2c69e9fe8216f621c2
R3,20260757,gcb,180000,3000000,342390.0877612316,1258.906386,05e0e95c0014b40699838f7aec14abae37c5d38fea297d9c6d3b620569d4a273,94a3dafe0bf5ed2821cb5aa96c34792b5a122e726cafe7ae5af31ec637bac555,647f6fdbbf9b957317cbc92e48465375427c1e2d0c52810ebdaa61b182ba199a
R4,20260757,gcb,180000,3000000,348535.0184313203,1281.054663,cc202d882fa680100000ac55ba1988d354ff3ad50b975dc7e3ac3997ed683e56,fd80c3cc05519f2eb2b58e76124079cd91d102ab03e2023ea35e3627cc669d11,a237284d6ee7ae2da5906ea899233b70f4694d3f553698e42493d7b448587482
R5,20260757,gcb,180000,3000000,379524.83912438387,1289.252923,3343bb379ca0d87080da52fddeb45ab900a0511ec1ea2462896d78ff13f7e942,73d50dc47940b23d5d0ab55d5c05df2b752a3344d6b859fdf247438ab598013c,690d7aed2854fa5760ae460370caf841e96e2bef2b81a79d9b85111fe4dad53f
R6,20260757,gcb,180000,3000000,480892.564865139,1327.854863,88e58a406d9f8dc1b02adf87c0f04a8030ddd96e3877955078caf4e5833d522a,372dad40d824da9ea3072a1b71db71ffd456e252c37adfc40399b41618998c34,beb8489642e2e71e358f4c74ba63332bbb2fc1b91ff5f9730b23fea6fc99e1e7
S1,20260757,smp,180000,3000000,2858.790371916879,1964.700623,c2cef8b95fe7cfeb6cc5051ebcf4642aeec0b7f7856033c91a9c152e563781c2,912d94fed44d2feb04b70c0b8ee783f61055f17063daae8009c3afc548e44391,18ee5d41d45b380a9415056282764dcd1a7c866337331e672911dc2ee453d8e8
S2,20260757,smp,180000,3000000,6806.128089182363,2602.812283,cd1b88acc2c826e55f94662e90e0e1e60b88e7d5015551401b003a11a5faee80,2f8725a323ff63a20b40c2740ad1ebb6690e0da9e3583bca8c518ea4b3cdf7c2,2ea8a2d50b61cb8d7630bbcaa63f382e7f1812b52bd7ca64233bc64f066c5266
S3,20260757,smp,180000,3000000,6920.682707025438,2615.230677,d7ae03903e8ec9be9bc1a5bdb2abf35a2250f9df73e05fc599bfab2cb4817d9c,c07a4d6f0956c988d3b42889787520bd6a8bc212f70a84b072afee2c3ce98cd5,275eac3c22dba6474c1ccb0bedc1327c235364a55412c6b782e5f8e7e1730379
S4,20260757,smp,180000,3000000,7101.157535079258,2649.963497,ed4edc009529213cded2253e64a9f2842a0b456c8eee813fd1f616c04c063557,bbc64905ce994761f66568bc95dd6aab2bf1690e9333e1e84b6d47c090612ed5,f5b7257cc84cbfd0dd9f10406c213e769598881d109269f8efa6027390705a82
S5,20260757,smp,180000,3000000,11769.81722892158,2653.77517,b1a8f810284fbca67eb31d5a8542d76820bcb2bf8230dcb2a780067749a63834,8a45f0851ca8324f1395c4f5faebc5aa859813517f93bf22e929e46be5ffac5a,e2c3e35e89eac751e64594af581d97a10064ed020dc1879ec123ca97196060b4
S6,20260757,smp,180000,3000000,7830.886821541776,2638.500204,7a403ee08eca4e41258adbd1414e20a97542c76a0779fb2753baf45d1052e59f,08f69eb844f613b08eb9cf70ce83aebb63f12e4bd38752fbc89c6724ae1e3e5f,38976dd1f6d32dda001ded1c22632776268b277a612ec4a4c97bce980731675c
A1,20260758,smp,180000,3000000,77724.65523333539,1991.738148,e2ece76674ae83f68d3c0589348bc364f8c85ed2018cda3a23a141750c044710,f75f5c89d932e63dec0da76efb27aa3baf5c12c31ad5e140e5be9009e86cbeaf,c3ca359734c71a73d4ed28461fb2d8e638c490f132c0eb85552e4e47d26f54b8
A2,20260758,gcb,180000,3000000,78178.04396004343,1307.230047,6918b04c861f61233e133ebcf6b9dcc36f0fe8748aef8a80803b27992ee84c42,2431629d39c3c2eb6059adf57ade0dc639a1021e5447c694f481e077d7384e4f,eb54d9f9cad07baa645eaf00e0f41fdd119f1b2c9b73c55466501764e4ecd760
A3,20260758,gcb,180000,3000000,78230.74965406096,1332.312373,95567ab983ab5b66ab8458ca896df177236e575864dd4e7e8ea8a4c26ac55aec,bd6d134e29ad9f6629678fa05b2f87a76c00abd61a4ca47b44b5a8b95a98f87b,940f99acf1d2ce69814333cde9aaa2e3ddc889cdf3b5da5daf3936ed7fae962e
A4,20260758,gcb,180000,3000000,78489.80540931322,1356.259346,7f55fd80be9ef4431201d50876011e722c7c9f797b2a2773ff97d61eb29502b4,a02908390a8587080e85d12e50be1385795ffebe5408e97237f39870ef52e2c2,b16944f0d013e123a08cbe39dd7351f98ea257597f66aa4610260229c795f33f
A5,20260758,smp,180000,3000000,79080.36079055796,2750.396608,25fa05b633cb504dbfd29786e7079eec8052b9fe0b56064f530f50aa8760629d,d3d5ae45986b9a78b52ef808de00cf571f2afc7d64e45b6b9f7c6244058c048e,955aad1e189850c4674fad5572513dfb8773e2e725eb6c7d9f555609c83509c6
A6,20260758,ctp,180000,3000000,78367.30290305267,1262.530677,7ab5305f13c161883e120fcc28079301f45563331ccc4218c40d2bd34d9860f6,c623b25a5ca1966d951794101fbac7f05da19f256f7bdd5b11e0f42fb6ffb35b,098b12b7990e7ec23047b7082c1ef55fe4a55f7ff53c404468351879310cdfaa
E1,20260758,smp,180000,3000000,55737644.544308074,2174.829,c7b18c642eaad42350a6e637756413adb1a3bdb1045ce0bd04c3526dda35c794,52f474682566957903dba61b66ca69912adf97a73282fe13c45424277561f5fa,39ee2f538c83e0280d4d5b2d8b6344990fd0fd5ae064e1cd63e5991eb59cd97c
E2,20260758,ctp,180000,3000000,11068294.727036476,1079.633385,dc4c2bdcc2c61f7bf1a7ea5bc467a89948b4dfafdc066079a88da195a38ed7e3,a41100433d3ed60bece70a2adbc9c27f05123dad1a59ad182496fc388036d36a,204f6478d939234c8d550695a07b03fc806131f191b3e1a8e99bc52b6c7be01b
E3,20260758,ctp,180000,3000000,9718336.755634082,1102.263556,841233deaba991dfc355c6e11dbc448bfc9b40e064c06a7defd2781faab10e0f,9bd6609a8d44d8843553907b8d0c896045f76e9470c9f33f66f7d9aa608f1477,26d5590856f5bc883032e18795a458df4d43e285a87462ab8cce632d879e094d
E4,20260758,ctp,180000,3000000,10308078.122883433,1120.376073,9a90c5dc7c355aeb9954735bf6ea4ba3301d5f4925b3ccc5a8adf447444f2911,b3c347b033dfc03a15c5b741a3959ca4ad10568abd8b495108112d29fb876510,8865c9eae1896b95b9b7272c552fbd955dfc3323be2a77f6971790cf31bacd67
E5,20260758,ctp,180000,3000000,11588080.980934879,1124.938166,0565231e8000c1803f14eb458da9a2ead57a83ffa7d41219181993150e8228f8,6cfe8129bd21139dc077fc1ae787f247733670ee29d2d5572f8c5e4414826a1e,e61dc95c12ecb41aaf248de48ad48372b1485af16c752a9054328932296b9365
E6,20260758,ctp,180000,3000000,10902945.272176368,1153.685561,9de09b591c7e73363cf2e66a5efda57c79c52133e3b783c1f4bfa846f2388e56,7e3922aa4ab5d473938d9fb80ca746b45958abcca79667158bf2353ec4471fd4,ecf8c637138230d62b19ce938b09f0215fd942f2e533da77994e9fa649bc4b93
R1,20260758,smp,180000,3000000,294249.5262145559,2071.362402,7be5de9a57a85586de56c2cf722728c37b4abcfb2af1c76ec864ca0968fccd11,3b991dfa5cfd9f58f84bdbfd03233beb29348ca2b34db8cc161c2296e9e8484b,c2490771adbc01cded9429dc34d55bb644941889f981402199361ba5bdddf5bd
R2,20260758,smp,180000,3000000,1394951.0421958049,2725.596521,2789ed671fd920bfc10aef2041d0c09c4111b8a3285fb48d3c4fe7768d517ef6,d0ee24d346903cc5aae94d7588c2684a8de142f412abec9db64a44727af2a88b,982a84e676bc73bdda414da2268dcfb8a4bcee8dd5e3b1c5a7aa76939e032c28
R3,20260758,smp,180000,3000000,1195379.3163392697,2700.641679,1c52949b55d12f396dcd7728cf134a2c3a25e1056893f8d53fd8e7d1de51beb2,6683edbb9f980e64eebb4e7f62e5fed0e1b89366024b2512dd0c02bd6a3f584f,45620c4c3dca20826eb2931a104d74cf883a1fa510065588ab48ef6f1575a83e
R4,20260758,gcb,180000,3000000,363783.54236906074,1264.934959,26344f6ac4743d6b2667912ef801a8d47fc6278f69b94101ec32821ea7e3eced,2ee7626279675f317a27efc19755a1d3f3975f91f277ae528ee17fd0186dd1c3,6aa0bcd396aa15ba8ac5640cc483769981a0b3fee960a239b307ee4d4dffb2d5
R5,20260758,gcb,180000,3000000,443369.7970174195,1282.285315,4b4801b7df4b581b9c18cc929ddada3f8495c92bb82fea1a659b7e7e52624fe6,1c113223f8488fbe727fc638456a55b74dce38a1dc49c81419eb63478418eaf6,eafe9b50f40847b0748c078398d739a4155d5e1c6828bbc56fa353eaeabfb8c5
R6,20260758,gcb,180000,3000000,428773.0570091163,1316.462816,8d632fe9a14ef6a63f038da1c83b6f52472e3aad79ae2a7f52d14f80a20a4a40,8e6365d35cc7255c0e28b5b9be335c7443f7ff786a8b3bbbef12d1f4f26d61b3,2fcedada221775236bfc25ccd075b695ef275c8354cf1613f4b6a0f9469b4f42
S1,20260758,smp,180000,3000000,0.0201141242552488,1978.087211,db60a0d30ddd92d3bda840c2afdead991ddc25839f74f0c2dac2982b22a14126,c2d115897d7a7962b88bb22f1cf18140730c0376395ed9c571f7abdf7b77b2af,ac692c8e7d051d02851e58759d63a0d11e26e1c348d05e49655f9d4bb5021ac6
S2,20260758,smp,180000,3000000,8251.352597518115,2589.498308,3963119eae33590419a643ead9571ba4240f3677ee6dc281399c4af2f4647102,aeb5f690fd3b7517bdfd8d88756d10032ad38700459ede774ada5937385cab47,0291408b01346866733e8f2dc687db22211f1b693194ccc7df36a86bf4b2290c
S3,20260758,smp,180000,3000000,6815.720178359787,2608.148893,34130e711b3c159e3cf3ca3b10a6fab2bca23ba1555bd251904587c947bb2402,18c9944df6b6e0b400f0f8602a08c719e36e6acf731b4bfc56ece5586bc0d289,2fdfb64fe6ccfa2da294910e05e3b3024df91d645ed7788274108fde7a995a11
S4,20260758,smp,180000,3000000,8040.22139917749,2622.093573,2cbe408357cc37b7b465aabcd7e5baa91ebf7d9dcab3c816968792a4ede86403,cb7ae5907285117d3935d23b790eb4ebc4658412a4262708ce905a48163dbdee,3783c305456fc09e26a4935ce3ab6a7868deb9f46e66cd774aa2a9e12b6c291c
S5,20260758,smp,180000,3000000,9297.254364501423,2640.169747,f12a621214d916baf23ec21920cdd06d1ebc5f9a7e98615981758c3525c2d8f4,269cadbe4a586d21753cdebeb98dda2890a05fdab78d74f9b1d39a807fcdb3f3,97d52c3786a93a4375df0fcf8c683b81f016855cf69e9213df8965800713148d
S6,20260758,smp,180000,3000000,7771.4592330754795,2659.757644,9ce8b469bf4366abd6ab60c702ea6e2a92741bf849b3540e754d3dec19a83dfc,718a9074a88044d701cdf13cdcafba31ec1abc2a31c5bd309aa4ae5cf708cb58,98f78de3b02ee8dd170ac1722c13edd9d6ce24d2c64f84279950e8c1da7d8b55
A1,20260759,smp,180000,3000000,77714.83980675167,1995.112139,8cf3ad5df53bb867d575278b7e19572a98a10ae8a75fa4cd16db73695af20d59,3a56d49a8e4f58a4a0fd06778f15ee303e95217575fd780a4c126bbe7b075ea8,0ad86be931cbe963580ec8818fcb0bf3c20fb07a5f47dad1ba120455b2249bef
A2,20260759,ctp,180000,3000000,78279.97115671294,1182.854292,7c99449046995362e8a376331d06b05ab7c6e1467c18378f7ba76b4533c2195c,cf79986f635fd636084d5c3b8b9e68a5d1406c63ee109ba28ff0a733c914003b,70b53e1039cfe63cbb495eb5d57f932dc30d7b2da293b175155acbec6b4e1e7d
A3,20260759,ctp,180000,3000000,78285.46605305195,1201.330065,49048c6111ae2feebc8e3c8c99e6f2476d6f40f6141715415c787a18ace341bd,585902c1f3eb151ccad1a71b9cf16bc46c7eb246f4cb62b074f491d0d73bbc5f,a25e2246e7c8ed7714bab8e8caca40c3aeae8304b6c8f7f9f8d06bc328f81ab4
A4,20260759,ctp,180000,3000000,78296.65810085088,1228.680707,21b0f920061e21ffa39a430e8caddd7db19fb793d6a7aff35760f8b7c73c2a75,67d2289c83e0a4d64bc0b04d87384a2e537dc6a8fa53d19e5dfa3638630a5463,8d24e1b51a09efaf937963092edd76f390ad74ca4e419b58c1117512c3559408
A5,20260759,ctp,180000,3000000,78348.4071767483,1235.009471,73d144da683071bc48a604cd2d300842765841b8487a46989a87428b554cffb1,c1b3c3544dfa103d5fc82d9697f584a0bcb2f13bda5555addd080924f0d31984,5d2f4fe1eceda7e8dd943022c7145da326aadb4950c33c895ed37420df4bd7c8
A6,20260759,gcb,180000,3000000,78042.23873341372,1422.085683,096e776a2a6ba6f25ac4430e625e6841838250636569b03bca184b5052bf237c,e3ad86d7d49a35d3e64fa635e74b156e8f895e45f4f81368cfcba33397a4b1e2,0551fa3cdc2c67e6751b0c008d995eea99183d26fc078ee44d41def8ed548900
E1,20260759,ctp,180000,3000000,9511325.482082928,1072.04632,7af76d0da907eaf7ca8d9488afb34ae940e52c1eb22da52fdacbd9034c896cd0,0f6881b302d5b72f14e62cfe24e3710e25e3d4e78fb1c0baf542cdfd8e71d84d,512d2a722efdb0928185c519f4227fba0382d0c2b4f8761953668c0fef67f214
E2,20260759,ctp,180000,3000000,10558926.254790742,1087.250377,a9cd44d74850bf5f9d25c8062cab9d523ad2ee3adff7fe5a5a167192959d79ed,16d286393ceca238b5b498042eae9dc91663c970a7a970df7ffdaabdd80a401e,21ea33f94eeb1ce8b8b16c5f79102f03c01baa0deacafa9e519f41e373281994
E3,20260759,ctp,180000,3000000,9796587.70675042,1121.065214,d0741f7e184a0fabe2408cd79237fb62d0edb657dbb57fc9bfe665fedf8f14cb,34206c31dc4e68bc9ce927026da24a13d41827924cef40235c0cf7f51384aa17,c69d5dacb3ce99946f13c9fdba771d8011080ac4d5d59c9bc6e58bff17a3f22f
E4,20260759,ctp,180000,3000000,8761914.301988142,1133.840116,09a7c265eaf3e6e558dfd2f9d3023bf5214e3172fe4dfa24005799f1278a5f99,ad02020b1b5312362b51c074b58857a1121ca8f5c07e9b3bd5055487525872cb,35fdce2571315ab5baa5826000d449d403185945135835655262d262dfc4e536
E5,20260759,ctp,180000,3000000,13507961.602560515,1160.173077,d0a3804414e4f2c8eab023509145e6bc0ec5f545afec3245f623539f8c670504,ebabd747f6591bfc06bb6188da5254156c089adab37013cf22ed102b797d02a7,e195fc5f91bc39bb7c2068c0f9202add28b699b7f9a058b3d028a8ae6bf79b59
E6,20260759,ctp,180000,3000000,11822135.845502768,1176.817623,67abd710dfe82ab6288e4c195c8d0cdb23f55830d5b21cea084db01fc43b23e0,12b9618273841efcba0cfb35375c2297ccf0352b4ca15abf6c49863127f7f2d5,628f3b4c59cee8da99b1f0db5021e67743ce076c7c3116b318f4e8ebe8bd1eb0
R1,20260759,smp,180000,3000000,351102.7330049574,1970.127839,de563489d75fa9f6ac52233f225ba6225fb19169979dd72ccfca994b8c86e566,83dca93cb3f5ba757fe772294f8da039855b567f1dba8f22410a5019dd6b3251,02e77e7193470964b4fdbdc69dc1c5bfda72f136c829fb6da56770f2fd26595a
R2,20260759,gcb,180000,3000000,304458.096388817,1232.45131,c57677676f9dfd210c11a4d671c65259e054e06e8e2f659df0973bfc1a7f4dbe,e2a651d8c907ef5e5c58d09e084b8b7ed6906a2c91c010f1950ed3e7da48f06e,d258f524571b3542c353bb65cb4dba094ba309097edac305f45f9de1c442aedd
R3,20260759,gcb,180000,3000000,365969.3510353996,1245.322063,559e9c71b32d856ca37da5f3e3a8f76871a1d0bcb48a6303a020634e88927776,e7aedd7f1d46248744adf5e60785f3b3d4b7fbf7c6f8d464a162a28a9edd31ce,e4386bc87f05dd554d421e5520aaab749819ab011f46880615ab36681e8cbda0
R4,20260759,gcb,180000,3000000,434226.7976896371,1257.380581,f1f1e919a20d9ec461e6a1770f83d7b9584e381387da436f48da2af8505326d9,f630ee8da8b37a9a70c99cf1e739cc1698ef1466febfab2ed43ccb504cf5b576,8ffebaf2e5c6b1d12ce91cbf57fc2b4679467a4c8ffd108179ac331c7c4feed8
R5,20260759,smp,180000,3000000,1589801.9547067662,2749.777977,232e15e9c166d2d9ab811c78154e73471b601d03949ff50e876ff0c21965c025,aaae85eeff89c3550d7f5aa73359dde623db5031b3f37645330e212f8d99228d,f750a1fb499109749ca095e3dbe22c03f98ccbdf76f8e1c79ddd0ec35530c8c0
R6,20260759,gcb,180000,3000000,364489.45459086756,1300.014765,f3cabc94850a39551540a5130213caf9baf80dc4b623478134f6323909f4ea57,b975f49dc46f0b21ae9cce9303800087c247cbc0320463523927d371b4cabd6e,6eb3abd2132475e5e8582e0f2a898e1e90e6764444d2fba2a222dfaf8f60b3e7
S1,20260759,smp,180000,3000000,0.45373376354111383,1844.062344,1eab74ab7b17a133c5b1ab914c6748d031934e39d2ae84a183b391889e37ef3c,0f94d0c4a2f4c17bca80d4e5bba99582bbeda40db6dab892571719621436b77a,bae94c7b53c07f9badea1955fafbf48813c824a3521f01318ed57b2bf7e19a69
S2,20260759,smp,180000,3000000,8369.17082235585,2539.43327,956ba06b67f696247ab0c398b418c22bc7a2ec1e9560f746bda26cbd2962b607,1e7a8fa4c2bd9f4eeba686474646330a742e675843a5d7ca161030a4963e2eea,da661fe5f9d7560d7e54851c7d538657448f0c9bbc88f96edc9f390180a130cb
S3,20260759,smp,180000,3000000,7490.868806721247,2552.464115,5b0c4b0d084322ac26966b1542aa96c9b939ea1d38404fac8b4f9afe6c9355dc,abfc42dda68673b4be75a095fd4bb1b575c72bcda72b58ead4997bbd251b4aad,8bd5276a948ee3c0027deb6332fae9cd7ca6369e92cd74980279316b69b13d0b
S4,20260759,smp,180000,3000000,7265.933671969315,2568.353315,8144e903394beb7edb8e0794e0ad4cc1300e3de32218f09f3bc6876451e9737f,db96ddf9469257bb13f00d38e795a7aef3220481b80b62ae7d59e8e9e211aa1e,06011b735be28f75bc264d9a313ef108cfb082f4ca71e5846c847cf02bd0ce9e
S5,20260759,smp,180000,3000000,8398.653787371693,2578.304637,ee4555d98f160b4fdbb1d79173eb4dc5dded37738bb839185118b8d83d416f75,a4db61b2e69a5324d92d9fa039977c0aaa410fc46d5193e42725a1df2913a350,a3f1fba456676b08aee0ecb9e3a0798ca028fd7eb9d45626f26d8f11e09b42be
S6,20260759,smp,180000,3000000,9899.694715040147,2600.15076,210a0d3c60c708a3ee265d3e328845d79c05d0fd0ef34f7517e4e4f3f633ddd9,afb4a7470cfa986b1e2fa0565b5bda261d6ad03550e5d4533531b573c4c41c34,ed33d9174eb047c4a86a4138a1af9955fc8efaa6463ffe9384e0bff66040e2ba
A1,20260760,smp,180000,3000000,77683.59914009672,1935.36527,9de4ec53f3d60000163c647d956e34f79d5a1f6750854cddd48e38441f18ce1e,9268831f496173b1cf0474dd129bb1361eccc8421560de0de41b8d354f953c7d,f11e79bae862607a1f035b37cd3fb200b32331112ae295a12b1658a848d32628
A2,20260760,smp,180000,3000000,80017.84647951055,2620.271818,c8958d3938c46b71d831b37bf72fadf165d51f21459f33c1ec60cc0c26d7bda9,75a99f3a5e3a01baa40885aa76d63ed1456c6dec0d01469d77b995a5849891cd,6325a008a0f28d825cc19196e42d5b5fe31835966ad7ba475416d43205ac7438
A3,20260760,smp,180000,3000000,78792.00030318502,2623.09019,33f4b4104ea37e7d9e43063689cb9711eb44bfff57d454273c45988bac992656,bcab69a56f7a98b12c5d624f2538e1b2263cc81ea54eb49080f67689da00bd25,565b1b02711dbe27b193b13c1c851dc20832afad0624e297ff4b27045ac89086
A4,20260760,ctp,180000,3000000,78190.73276400786,1169.902021,04d8e4ba7376c6d6936c403231520dadc606a717ddc8b1f6d578ba4f74f87295,67bc60496257f2cf7b131ac4c14d9a0d528487ddb5739b26ac758ce742e5dea7,2184d25d084dfc727f6f84e34bea21aaaf3a8464de0320ae699c8c25bfaacbb2
A5,20260760,ctp,180000,3000000,78448.43790981037,1185.762156,e00f46fd18a4d8d51c7a0829648c00035c9bc0c53312cc522c9d9f01d68a8e48,5635f7598da23f5e48c8138de0ca01d0bc605538d17e922b90dc3f61c29a9033,088561995d86016f40012fc17001dfc1222bc789d3747498eef9c9bfd29528b0
A6,20260760,smp,180000,3000000,78763.31773550205,2684.554097,8e8013dbc5e7f82cc984174bbe2bbeaf0500b12bba51568263c79efc8afd5e81,7041ec2ea8999f9e83cf282bf03f831e0d39b093b67cbd0bd74083d500f895e1,0c6db4c4b00a0a2a0fb330581a100f58a504586c4d41e1f8c581c306adce5cd5
E1,20260760,ctp,180000,3000000,10557539.141633252,1020.638908,93dc47e4f6012c4b40e8038a72290ac7a89cbbb3c4f2e1707498a0342ed5e77e,00a8b180dcebcc65404179caf03e9faaa5e0753bc8200223d5cbc0eab7009016,bf2f30ca7153b81cedadbf0adbeffdb159db8024e10bcd7fd538c04641969821
E2,20260760,ctp,180000,3000000,8661020.677540466,1035.204526,d7c443e40311f23f3e9c17be19a4a6e44b7355c1ed536aa7f0e5cbc415d47564,d3e9d1f22d08a8c2a932d39bd9b419b91a103cf09286ee4b719320671f3821b3,01ced7041eb7d69da730a2adf783328416295d244605bd546875dff7060967cb
E3,20260760,ctp,180000,3000000,10289346.504105048,1058.583876,df5f5119cd5e68b978214c0cae35c6133c9b9afad7499661d187b47d173e3747,bb192e33b13deea827ac676baba045aa965f797c3f4eaae7b02d2318fb4a3d1b,0d565e05001153e18efd042ebcf0367b32afacdb2f5eafdb280122428618077b
E4,20260760,ctp,180000,3000000,8685271.782269124,1069.833915,d0ca91132d77be137fc7b58fd88a556b5b8b8e3d2b68e3d8cda7c7730f21904a,14626db6241a24aaf422120922f67e30cf2fcbffe127488f9dd3b6861b4e0505,91d55ccc7723e99b688c6c6021409d7516f658cdbb58289dbfb6c865211e6c08
E5,20260760,ctp,180000,3000000,12698150.55552751,1090.373752,42b1f134d38b2753f102caf49a32835655970ba4b35a40c0bd1d6225c81eac10,62a8069ca0d825b8d60cdb451ddb4a3d45253b4e26e67ad45b90960cab267e08,e4dbaa7e72599db4e3a68f2a79e14008c52d46fdfd3839ff1fb5056eb997f03e
E6,20260760,ctp,180000,3000000,12261353.412282718,1106.233225,ae808c1f986d85076110256b127877bdd5c769491054e3b516fc0deea64228e0,dd99bad59a26fd9f86c2fc865551fbf1f0776251b5b2b15c821893744a9949da,0ec265c29f051c44f667c7d997fad6cc7843cdf9ad87c47ffbae2bd21c7734f2
R1,20260760,smp,180000,3000000,405654.1918515323,1958.12464,a8acbf2e33bb52cb06c0fa77bdccf13ea609ad38b5350a13a87a0fc180e64ad9,2611d08c082d579462173ffd16aa8b4e46c5e7edf3f714782bef99e7035cf901,dbae735ffa45f54d88dfef0b2f934c77c6e7ef64ece2afd0acc5295131593c9b
R2,20260760,gcb,180000,3000000,293284.6419030282,1176.920522,5e96438a8789fb375fc0fc6fdb5742758eead3b2a9a3aca4f3ea26854385ad6d,ba6266732518285298d3fab0435c56c041ff5b75caf8f822563bdff1c1b9392a,71dc7d2dba822a0312c681b36200b42d5bbd876f4715c1ba41392470b31aa440
R3,20260760,smp,180000,3000000,1442373.2577365434,2552.8968,882ae2f20ecd9065993c033fc4d816622a5e32cbc53a6cd28e6c74aea68c71c9,b96108fff68dccd2542b25ba402eada7e36ead8a193e6661a6cd931a45b7ac29,4101f10942457a35effc4c7b087fc88319554b720c9855be5e32546349ffaa83
R4,20260760,gcb,180000,3000000,380650.55796748336,1211.626302,b36059a8e2233e46a42a78990835c08e42fbb13ebc9abe911fcf6c60d849dfa1,67cd193df36b6c638113174779e927849c116a2ad681d8d3886b294701e2cbf4,5b0bbfc7de9aff015f14fbbad05a6260b4e6412a19c39d88949e5cc5dc9dbcc4
R5,20260760,gcb,180000,3000000,322091.47223514324,1230.242535,158ef91414451c575170417a0b4c6c3ea44f57689db27b0c5ca9746750a75e7c,bb183818456b0ab36bcb5a3f2362612f555f2e8f020b7d8b7fa5f4ebf1c7b7d6,d3d1fc5d369a55894acfa1ca77a741f16ad86a2dd9436b20d084dd164cfe3527
R6,20260760,gcb,180000,3000000,412232.4190043229,1268.678955,03599c65438e2b14e189c69dc0429972e8428815b025634c0793d71d8891f2ec,d2ebb46c05486a6019dafaca8c3288fe5056158a47b191dd442c4a26b779471f,9bb88c96c63ecd3785e94b491abc8ead56a5dc99d13890305c5284e3265eea3f
S1,20260760,smp,180000,3000000,0.014750570246460778,1889.620889,7c9321a6d67455715822e19dfaf0139f1355f306447b63ab885dd7a0e42d128f,8595b242a4c7137a92df2dc503ad2738a0b23eb134b6a0855083f9249597c564,ef21149094a6ee49a6417630ca53b8456f9735935704ef9877e47821adf488ff
S2,20260760,smp,180000,3000000,6839.752690038918,2499.457932,7ebddd96e1b08878f4325cf12366a1b8efdc27b95ba76df83d59ad9d9e62128d,bb854ffca11f71fb693bff724154877b91f2f4626619401036ca6955d5ad65f7,967a5d27446a69a699c1a336a63f5b9a9549357f25ee1d9355add1cd1b0484ef
S3,20260760,smp,180000,3000000,6763.9361528241925,2512.702759,1c1c4e4a5846a545c65dda427bfa7af09520db5198cb10be73fd16dc38f09458,38dc68e1d739d9b8e9302a11cd3497366c96026f459a2009bfe43f68773c75d6,0fd3b2f3e950e86f155f85af552eb2d3c996d1f9bdc95dffdc2b8b6d9f49ced7
S4,20260760,smp,180000,3000000,8216.642354833572,2526.271063,1384b65656961c648ce7a73cc5722699fc33e5dae626518d9c8fb00c37c20c2f,a3f198b3a746fbf3794327cc42b293a9abca4ae1a6747afdb6bf8b1ff6e4027e,f9dde22c10b68b09221b1dd3f907643e287d5373f3759be912b670a398296a76
S5,20260760,smp,180000,3000000,10550.109519779113,2539.641685,b499087df83dc85c086eb1f9bd880735b32ac0742a0e2ad62db7d34653e818e9,49fa5403b274004665b75999354f29dd53be5391648e8cd38af96881f3eec0a1,357f2a8827041aa1eb8a055906af126a3c27d49a3eee9d28fae7d5cf62d06325
S6,20260760,smp,180000,3000000,6747.65835687963,2529.635359,5e79a2e2de8d189b62108ece866d0d74ae267a0366519bc7fcd29a2aa78c34f6,07104781a1a2eaa49d344f4722ae8ad7d35c938c46e728afeff3c3ddb0b12562,77923ae3673586d329495b2267daef6fe155569ad01e2a5b5f4d02e011649116
A1,20260761,smp,180000,3000000,77727.63100297781,1900.640326,d8424f9150752a762f35d22accdcdd2e3c6fb53975052918dc2eb904f1183d6d,b66b969065e1a59b660a3d3fa3f3237c5309dbda5bd6756b4604545785a7c089,36a4721f93ac3ea009e89130fbdc2ffac9175cea8939567146f65713ad7bb3d1
A2,20260761,smp,180000,3000000,78493.98936220379,2571.640958,62abf40ee747459130f8b2f78ad905e6c25d031f8b232a5936fc7ba4c45aaa5e,8d9831c41e9dd4346a20b1bccbf40b64634fe221caf0f7335e9895c2a26a26a3,108ce3efeb927eb77cef0b3fae3572db54efe825e07f4bd06ee4a6f039dd7dac
A3,20260761,gcb,180000,3000000,78021.16309824985,1284.551351,a4a0e213dc3d0556f1abd51dbaf80bdad1c40b202ae8209902fcdc18654bfb51,ff3ad8cb5b077841b001a62190489525e97f77a52cf59d66ed8295d5434f3936,2cd4ff5ba29b2f5d01d3a88122ff11b4ccbc1fbd9aa50b435aabad6ba3d87169
A4,20260761,gcb,180000,3000000,78066.78444927235,1297.187795,7892d207779b19d3750b453f24c73fde181ce60dd3b093183d7a63e1f84a29b1,5c2fa7cce21d99798dd105022c067fce805eabf9aa72d9e3782924edb8823733,454a4616427fc36deef9f132f7d5ad70339be936febe03030d11b42761bd2b50
A5,20260761,gcb,180000,3000000,78448.54139972462,1315.298557,fb81f3e412487ee8489e557495e53a8f5680f04e10542730ff83e322a6b1f584,503b6d92458c48ac4b61fca563a8e586a6710ba4eb091ac99ece739d99f9b444,2bd1eb09fd91b21e68c8ae4ae71841beeb46040d95c6207dd5bfd2aec12d9728
A6,20260761,gcb,180000,3000000,77967.13227262456,1342.852521,586616bc37afd881570686fe919af7caca635631604083e981f495e28045da19,a017f71c63673b766fed500a1f0e57eebd3d63faedb2634375a1e2f91ae9a36f,480495e7810f18d145af15561b4c2d945e72626fe02981da54c6d2137b409f8e
E1,20260761,ctp,180000,3000000,10219625.06621928,1034.017705,42c94dbc4b03d6ef7e385c01552035fb187b2b60589ab19f5a743609d808ba25,5a367195fe27b69e7d2b35645e2ca56809a6b720e4144a45610835aac3fba0cf,8c884c35ff25807d4c2031ffa0ec6f5c2c7cec32293376b1f2d73a88e02ba90f
E2,20260761,ctp,180000,3000000,8117467.816104483,1039.120891,e968d474f3332afde80d637ec5ce5534eefe7631833de3caa48e9ee2c0d5b416,fbf4f511100f7fb2c6e5bdba126b26ef037ad5fdf1f0c92f3a77f89c1bf0f5f4,782f6706ea41b859ca3444f9e5ca5862ea1e9996bbfe43c901c00a9bb696e497
E3,20260761,ctp,180000,3000000,10182847.269406429,1055.032133,4c65659faf1e74abaaedf93b8a2594fcf4a8e39a5ddf9b31a5711f55a6b1c9c4,13b34d0af259ade86b1c8e35d5dfc3bc3fd389c79b9d47a2acd547d7dd4aa82a,56d2e4c584a6b1df3aea8f650058431d3b70996a0857c10a9b0f3980bf003322
E4,20260761,ctp,180000,3000000,9948932.071358865,1068.124212,31f16ece608e19a7bb12e7d9c2b52dfa63ccb1c4059abb14a33c4aea695415b3,a42bcdb2660722fb80674ad7d4a1eb762e50cd3fbde5424fbed60658ec051731,1bb7996744d6cd2cd44b25309fcaad112c780365e0b1762197aa81311fd8839d
E5,20260761,ctp,180000,3000000,9836746.596586289,1078.08338,3e5c27e5a2f999c219a8bc4834f8aa78dad2397291bdc2ddca11913c990a460c,1063bca60acd7258ccd03dc8cea90699b212c00ac46ed38186b292428acafe90,472a05e2f51ae7a5bb4c3ade0965d2a9c2e76cb6dd1feda3352dccaf9b4afa4d
E6,20260761,ctp,180000,3000000,11491190.618860917,1096.67301,76ba329ebbed625b116eb4a8e53e0e32256be3fd70e6e6c975dece5c28422c12,d913f35647052a20c7e3442a3f902c99ea2cefb338bb91a79b396a9ed0f13dcc,04169c889474b93bed28365c003157588b05f1bfc8b17ea1ec24f97ad4e5828a
R1,20260761,gcb,180000,3000000,318997.55979600427,1081.775032,65685b75104bbe4f0fd2377b41ad28f06b56697366105f90373418e0e09ebd70,5056d6aa8755bc9a2f1713d78ecf4ec7ef0165183456e85f8e07cd423b5cd7d2,acee0846aacf0e6f696faa4b8966bba2001e9ac5b0fad6f7b8381040055c0719
R2,20260761,gcb,180000,3000000,209383.9938178699,1162.936317,e754dfbbb8a8b7b631e887c5a50b1cfc56c4d3b90cd71b3943fd28d2b1983ec7,ba78c3dfc8347d5bfdb25e4f034b8a3890521a6df927db7237093ed25e14fa3d,0392f6a8c0bf730cfabf75a31fb894c7dd4df65c958b598a0c97dcf963422478
R3,20260761,gcb,180000,3000000,283462.8252492323,1189.74565,1915025201b53e87ee3b1873c122ab77a39a824afda9ec458fcba515c34b01b9,45d9d7d4bef1f0d31f763baf99587863d0965a581c1e3e25479f400f0f9e7135,9ea2070787291d04a3870f7a22063c08901a24559b1846d3061add4bcbd14b14
R4,20260761,gcb,180000,3000000,446072.5125280274,1197.117298,55e436af9c730e3eb806ef89284b32a4e0b73a56a56040eb5a2cfa7d361cf44b,54ac6152c7e549f6520018cccba847ae6d76914c0b37daa50efc0876d0d05512,e3dc0b76abb308680a74d4f1a217018e59f5f6bd56b2267446f1a8d87c981e4e
R5,20260761,smp,180000,3000000,1261418.0717996939,2589.404291,7a8d239a8e3e139a0969949327ec4ca4ef353e0961bc7d79870706f8f9cf7257,ad2f35dcc5f4b9c0e83fa6786e401f52ddc636541a5588c39700aaac51e79dff,7093d16fe7c0a62e0e0d5e1a3a977b84be1f0311d2142cc4ae20b88cb3852510
R6,20260761,gcb,180000,3000000,463717.09483661555,1233.228749,ca2b3b576eebdbc2dd623595b93962f43e5d67c7aa11995a8c48a0a53ab2637e,db1558b5488c238f69a2d11538d68bd00e4018c92acb19b763c97631b6d4db2d,0aaa331204ad675db2a406f862689a19dca6f9aa9bc8f52c7a4b75d164c1cc07
S1,20260761,smp,180000,3000000,0.009562615725294552,1850.193389,c07983bd5919463b28fac8d826c183ee9d15bb747e5ba1c75b5cb2765057cc6f,124d5c36636f0258432bddde63e888460f7d2794131d118b41c011ce95c542ba,1dbafa40a4130cbc021a315fac07a1c7fbc40657c60e561fcc16a7f2d48c450c
S2,20260761,smp,180000,3000000,7778.16105633619,2449.803118,7d1324854c1288d1a3e01a0bdecf2476c5805794500798d2a80d8784119b742c,f08941cc12c80a860ec3775120afe9f8b1d3fa51dcb37c6910d7b53cca7269ed,33317fb8c404081d464c4ac7a6b3524ad615d281e2e8d1db118401c5b93c039e
S3,20260761,smp,180000,3000000,7560.657306076428,2468.231602,768e994886962b7e49bb650d2c373fdf1526bac4794c686fa0823c37c8bb9c1f,a3153a61489d2939dd0fcac74e5ff56aad8b69bc16833bc49b263a0772f1cd8a,fe8c4424ede55039c191fef3d7758e615cc5919cbb28cf990743c074cf017802
S4,20260761,smp,180000,3000000,9805.089118781081,2490.753884,0309d48021ce7e1d0156fcfa62e3c85e16e9285bf3d637f1395f2b6716a937cf,4db60381d2f93f88f7cecd32f66409b26a6fdf33fb56b89e5e729e733f7ebca2,e7fe384a5999b61eaebda88c18a0b8f32af5ddf7f0aa965760084a2d9bb470c4
S5,20260761,smp,180000,3000000,9844.003767177457,2503.333108,9a77303a34a15c91e9aaacfcc45e9a032a10b65a08cb17cdd91234bf3de4c2ad,164f95a6b87ee1698621c81644b4f85c1839742e5e88e8b1c7e50600c817184d,c607dbb8bf51e378f668095395a0c95e46a8fa8c7179746b214959a68c3a74d7
S6,20260761,smp,180000,3000000,6880.8590509809,2487.890258,e97e9a4a1ca0d1a2de3e76b1f32d674ec2ae25e38da20afaa6316ccc8f951b9b,e18b5240b16f91fef8df5541b8c8ff040fe87c262588c0533254cb153c5b27bf,359656db38a2c5ea7e707973ebaea30ba36ba55a513bf6a1969786caf6b205a2
A1,20260762,smp,180000,3000000,77696.22049368094,1892.441013,16db1b48eb019375ccaffac60a5891d33a79b45d337fc51ba2a57e470393444d,6743a30891aa5f17e71682f45821078b7234c96754e29ab27bfccda593a17ce9,4385373c569b2538dd8bfb14705e15225d12412196914a42ea5580581842a5e7
A2,20260762,gcb,180000,3000000,78181.29713078831,1234.186311,b583735b4bdd388f9305893422caf6a43a9ac1ca0cca167e43f56f45ca34e387,a92d23b20ad7b4d2a5747f8f6fb4a80846a07bfcc93159278ad3f0e8da6e45a3,b24b1b8af574ed4a363a30087906430daa9d819f44b96cf4b628cf38ba7513da
A3,20260762,ctp,180000,3000000,78818.20571517869,1139.484147,8cb301487892281ca27e252c441b9a2e856853c49b41769edf27ff7308389ea5,e43d5e2ff63a606388275d0f36399863dc5858a1099ada2d4deaf0061589822b,fa94c269ffa0baa119c5d44a4bad0254bad98ebfc051306722105d72bac87917
A4,20260762,gcb,180000,3000000,78282.83734811541,1284.255265,18c58c076fa7de77ee1052d01815479f0a42bfa4614eee3b252acd11f3d734da,36c56de0042617b9584df218db7e41c9e35964abbeda2d3118293f5e4348725a,35b95195c3cded6a0664be7991f70e4158d47c855603812b12f1cdc7b3bbee8a
A5,20260762,gcb,180000,3000000,78407.4017959501,1301.648351,927f8928fdf1d3588561a1d2d74c548ac31e1b4eb03c73a68f1ef308da5fdb05,fee9e3ae971d675d2176c12fc8f36e478ee4eb575c2dcd09c7d24507140d684e,035724e5061bb95a7a8316bee6e72ee14f89ec0a637d30763a0e6cb75e8fb912
A6,20260762,gcb,180000,3000000,78029.77200707012,1332.904544,b9f57669e33faa098235cbe4e5754522621dece1b69954b2d3c385ff976dbb77,001ab531902855ae28546e9184b98f36e728476afe1216de637409f096888d70,f1534d2de7bb993bac6aa6c6a8df77817f1f221a83f515e5712438855222214b
E1,20260762,ctp,180000,3000000,10018105.657295609,1014.83576,98150c1f4f3d64b00fdfd62566eb9d685d3a59a84a3074e38a07942c53e566ba,76e9b6266d1d44b1e1c0e751de39286d9717b460016babd99c7d907337bffd88,1af48d820de680a688bac04044de7e77f39f5f89b2a536b138b470838f3d159d
E2,20260762,ctp,180000,3000000,9719695.070644941,1030.097784,66ca4236aa3cfc4a0c6fa07d2c40ee1d737b845e4e8770f30e88b0ff452de546,b7e63f4f994aabad4dd6d88c0df5b2209e063e0ed8bc86c515b2b8cded467128,a3ffc023bf89f7d1b64336893ad8b059a61eaa8675eab879b18caa90424a7d65
E3,20260762,ctp,180000,3000000,11645891.654598802,1046.796873,eccd9be64ad58c5f0a6f7be42aacecb1471f0000a3ba344c363e0f5e035130b2,c84945fdf9ac08ad88282a7b299ba6ab034df5eff53d4a346fa9867aaa6da862,e7eebad2e71b0ed11fbd93a0be8bdbeedd8a1dcec124cbea334e897cda2f26bc
E4,20260762,ctp,180000,3000000,9783735.707496816,1055.740604,a64bc4ab6538b028a4af7bd2774a7b1918df92442714e4f9503734b524e3d159,675c4ccd79ad359fb27f9a68225c618b0036c315ce9978e4eaec0ed315971bcb,1120872a956c6cff63558cc4ee4b79267ab00d59d5ced136fc559d3682ff3ac6
E5,20260762,ctp,180000,3000000,12762850.317250155,1087.641983,0c91de74a171597fcde3dfe0f7292c005ce102e2f3644625a2f347e0b9dc7566,f996f56a45da90014f7d78e162f05fd8f3eab0ddb08a3ae5e86c91858ced264b,d0472ee3894ab4790eb9a3b537ec4b0abd7532413990b1515c1035d6a6fdf97c
E6,20260762,ctp,180000,3000000,11692479.740394553,1099.284789,e9b76132babec9d55269661f08c2a6b2dc12de9fcf58a855572a1fcd9bd4dab3,a12f63d5d5d76125f6ba34626a5f79fa3eab392394d5b16ee55b9a3c7be345cc,ac7ad1cde4e1ae123224d59bc1c925ecb6d27c9f312f2f9224f2a38f2c6e2a12
R1,20260762,gcb,180000,3000000,349644.81706751324,1081.482874,8a0c1a7f485f1419b8dbf1030f80815ed1534f14b91b77a7354162a384987661,9cff686f888e08b743a5744fde93d6d6e0658677112306401fc9913d8d772d29,f6cc6458fd6b24e6c925f7f05f4464cfcda7cd5ecd0d8600a720289d9968ad52
R2,20260762,gcb,180000,3000000,260345.07471213012,1153.107084,ed73bd53010f23ed0dfadbba909e0ae2c3f9da3ff2ec074476710014790d0525,89e1e3d25722fc66a014dc40ec652fbf4a761459629b03c9d4f5a3e4566ab9b1,f37c71f16e998b32e6c1749eb9fdfd5f2e4baf3ab0ec2115abb1062db71947fd
R3,20260762,smp,180000,3000000,1474347.2574030298,2583.026135,f7b064c678903753584dc30cf0faef5ab0e5e30a6aeaf5ae2671d99ab434df45,1ff70406003f7a212f35c719c9e0aae6c783102f4704e9855d34c16a2d949a39,3a87e21105966fbac55dad7cb1664ff1827ba3549aa6d7d78acb5002cabf0cb0
R4,20260762,gcb,180000,3000000,387054.128841656,1203.90526,b7611f109c6895a16093506aa1104650d648f4b4761e5d39f4f698ab71b4520f,de1ed26b503328d096b1c6d9d3056285c0352b24db19efb1d004e5ff59eff200,6ab4ae6a20fdfd2e7b163a33d3207584ec01bc72c7679ff593173a1324017ca8
R5,20260762,gcb,180000,3000000,404122.7305098995,1201.766032,c2aa6b0192979f204d3a38fe0ca8a2e8e4d2ad9b3dcd87204d3275cd9948151a,f72609c8bd0390d5a48de844b39a1fe9d31d6e8c0efd20fae70a5d19ffac41ce,0c7aed692090cca63d47490901491b7878f061a6b6442e51bb4010ab7715570a
R6,20260762,gcb,180000,3000000,405354.7244197556,1235.394662,3c5fef2b06c68bf36e87300115478b82c0bb4f4777a59a88d2040f82f02e9178,955e8f65464920aafc1d237cf3c420e8810edddaefe37b612e6a55d762ea0c99,356e49aa757777593aff436e33babf1a95426663e6b78a2fa9c90c78d93a43d9
S1,20260762,smp,180000,3000000,0.012634638213965868,1960.877643,c1081ad6096fa5d1bef34c0ef5f6445f4bb9f6e8edc87ebe0855f2ca10789399,b08cb41e03329b9fe03aab0a89203cc84ccc3bee7495307ac3a6b26ba2d7027c,312b41041c4e8c5c978923480235ac80d36789ffb47e5c9c23ce47bf001084df
S2,20260762,smp,180000,3000000,3584.946474226919,2179.833946,cb920b1c883e74be48ace4d00d6e5fc7b6a4448a2570e5db2fa14e8c8b195b19,7dc2b4feeb1d8c4555eab8256550953ae1847d0a6fa00f4686ee0351209fa0fa,7b3c69ef32969373054765c55353eb8a6d56edc0bb97bafa8628f802d352288c
S3,20260762,smp,180000,3000000,6338.368714634581,2453.434744,71a96b17a349a005344c686c5ca96814b50f196e592438f94a9233ec77d1d435,94933d565b86753f78aaa22e9b5a0b0bbe237b69eb898086dac1055b46066b1d,4c445e0b25c195d78f23fbebb908fbd010199df76c9b38461af12928ad21dcff
S4,20260762,smp,180000,3000000,5881.963315986772,2495.692328,4f5e57344e9ed01641a524b19632903cdff261beb7aa5f3a7d5c4e6b09b3cbe0,34b5db9af4667527961d91412cb3483eeedc162ada3cdf696b8c69f3a96150e5,8aeb26b1fdc884503f117285d4cd1ec38fa0bff1314dda3a88e92a97152e9f80
S5,20260762,smp,180000,3000000,8107.074401923339,2495.236196,1968ae0911e1d74df78355d6d7acb3b3f351e3f147a40f06f91dd19d2a22fd11,cefc39a4a40856d9ec364d02bee9c669d97b3a97874958ccd5f128bab1e430d4,1d73f3c7ac5292a66d89b178027c4b52c9718a9384ad8faa7f180dd96a59215d
S6,20260762,smp,180000,3000000,7631.617410407351,2451.379621,a464672a1bbca176f1bf287308ce3d39f8d93935f5c1836c58d0f5a4caf1ca33,b541def70b86b7bfc8e5005ded9c0cc3e3bbe05b015bb289f0accc7365d41446,92f86d6cec85036554889c24feeaaf65eb83f436ebb61f4235c6719b62f82357
A1,20260763,smp,180000,3000000,77724.07463734655,1858.633372,60db0a90c36f8e639456883f423e4cf877eea54126638fdd1b7380ed8cebcefd,3352070a9de3a7777243bd57a93c4121aac8be9ce21675df0665f35582fb9285,dc58b16943185b41998aa79562bf4bde44f98ac12e28c103dd945708c49b8cd4
A2,20260763,gcb,180000,3000000,78109.6194062246,1225.293219,92fb00899319c0b175e35c2afdd79b8ac1ba06c94b8219652030133624e506c2,b618cd0fec455950f1140df493faadc5e933c86aa33ea37015d8c33936e6edd4,fb77f823070782b8a61fbc7326164f5b0944b1d58c03e0dacfa888c51e98a6fc
A3,20260763,ctp,180000,3000000,78623.19725281534,1120.222746,f312bd1bce635592bb4ced44100e7986aac0c8b5cf1b152d46eb0071ff784bd0,0c5131cc65d5eaa5c900d2f401a9e6b828ecb0a12349054b440ae1a29b061212,0d33596686b2afe7e6a2a685e9ff6a8234ccce271d6bf10900a7959071293775
A4,20260763,smp,180000,3000000,78611.62747939602,2564.267692,1736a182549f8b2647bd5526d389222bd24c1447fafba54c3f432d71ca02178a,6319ee0b8541ab6109e46f9a06bbf4e1f9cd876e89675fa2f0a5aff4897c78ce,c7916be1b565683574e6164a944995ca1eeba7242dbd24e56368c5186b5e6957
A5,20260763,gcb,180000,3000000,78323.3481361501,1277.152857,f20de2854c3d5044a23f95784d689ce52b3bdc5d7de5d30138d56a0bc8afa76c,1ccd6d9f7000759ac027367ec6a7bdfaada3fcb027584224287a61a8b97a96f3,bf25318ca2d9f6a96ef05471f89863988a2e37909401c65fdfbeed26eb108dd7
A6,20260763,gcb,180000,3000000,78040.59090564268,1305.324942,c451ffc5ea0e43b1146fd692334b14e178c385f60bc1f1f086b8238c7f35ffe6,aa110c0fd51785858d624e6f2c94686032f035a486cc14fd8e7d9777db401c14,b6087a2fcadb5a6a3b72fbab150ab6dfa8c91140471bd401dd1bc3b8c6739f51
E1,20260763,ctp,180000,3000000,9470077.186667878,1001.000046,9e5ca50903792611071fa8cc5a876e9367dd7fc4b139ad846f66bac0dc9a3d8c,8cd70f179861cd85ce8850952749104111d7ebfff0867c48b88d8980b849d406,4820641ac2538e6aab228859ecc7a5cc612cbd1744c846231bd7f84ec2eac672
E2,20260763,ctp,180000,3000000,9480959.205829961,1009.368127,0037cf4781d98beae053d039b8187cace669fb259e4bcc73a2c50c4bf1795664,9ace0c5c7381409cc86efb37598af87f8ea3234894fc3540a2a9a581692cf95c,4461cb4c8d5a677fb78d4d8b185f50d783384fd38648233827e587d5410f8385
E3,20260763,ctp,180000,3000000,10412288.410822047,1032.426638,95c16b7df01e0cb333d861555092d48387ecadedb3e178f3439949c423cb8910,992b644620a5e05b0066ca6d3aef8895b1de86fb13ce81301098ad2732a03be3,294227fb32cfe2aa8de4116466b6928ebfce4e78d117a93a007107193cb18b5d
E4,20260763,ctp,180000,3000000,9818710.852728285,1044.611135,006dcc9af5713ce35e16f1e3c9ff3367d0d536237c7246971f1d873d045fcd67,0272bbda5d638c2cc5def57c51bf82fe4afccd4583c3cebc0d6bc0ba6a42d82e,0d97ed63b2c8261ab04f4dfd1608e35a7f0239dc5446f9f9ccc3174f5708a8b2
E5,20260763,ctp,180000,3000000,16014506.961839713,1055.259941,e2e89b73802de43019e74aefd5911213d293c116c6b33fda6bbfac0bf3c38f58,442837255c35a57db697d022ca9293f5aa75e1a9fa1ad1ce22665db4eaf79373,c6bead1e2138c5a17a4dd681641dbe2cd2188a08fbda7bc4558c1fadb3c1330e
E6,20260763,ctp,180000,3000000,10584587.924243988,1082.911825,7d1b548ed98ec01da1a1e02f06bdb39f2348a4f6c8c7d770ff2ebdcfad90b2fc,ee83e6e5c725f39f10174b39a3fdf0db1506593044913fd970308b17aefc91f3,0397e8f53a1b2d66f165a321f5e2ef5f526afbeaae13522072584c5c8e6c73ec
R1,20260763,smp,180000,3000000,354489.16131829686,1907.06124,079c469780d4cf1a9819d75be5a823140c22b294843f3a90bf798de1976b178e,6c37952b17fd092789e0bac4150c4dade672eb96b3f1925c38f506422c79a6d3,e0590e9da3e1b095b068c7944339e4c473a4a9db36122e2712f7082242de0be9
R2,20260763,gcb,180000,3000000,336598.88509921165,1128.99047,43c059d55f9991063870146b0d1f82f6a92a7b34f4031281e5edb11448b2b96d,929414d3c331f62a9c8e76c10bea6e5fd357160f18a4b26ffb33d66413806718,a7a33089525d8e1c50e1314f0d41a33b5087a60596d66f46c260b7293355a5fe
R3,20260763,gcb,180000,3000000,365769.28840408556,1160.405251,ccbb61d52a00747cb3998e8dd0454e10feef00f485926703b2442480192de1d9,980de0d2df70eb0a17d3df2af28dd9703752fdd916d4bca0c15c51496b8b7d75,14cd8168f1772e0abebbd85cb7bb3846fd71af57068961427ae4227e4db0ffcb
R4,20260763,gcb,180000,3000000,411466.60304415313,1174.675244,2e01e49c5d94eaf4b372c00c62e1daccdb5d19bea58c9fbf9ccef02a41d191c4,aa5e7f9759042d5ba6554a4774086770320755c4624d455b959919b6af825f54,23d5a81270292026fb21b2aaf00e5a69ef7ce8f5b6d667b2c7df0ec8f1679867
R5,20260763,smp,180000,3000000,1416373.3654419424,2586.582564,ef5af001d50e5721e4351fc5d608652edf5a98d6e88a89d0ffcde5170fcf95c7,131a537aa5cab19e30fdd9bb122546a52af88fb62ace8d73ddda919037358488,1e618176cf18f4b29f9425243ff9c88819d89f39b782e82698c20ae2bfe4c917
R6,20260763,smp,180000,3000000,1291492.4054540016,2615.758425,a3c615ca34a7d8ec52c3f39d2ce33cde59df355c2f1703f9478a85d0d3864dd9,39fd48680dd18ef1a01968313034f27f9c4f12aa8f46f605c53a3842f7d93d59,44a9b38d561139cc286686ecfa18c15a80e1f0edd9531b781faed05253cc92b0
S1,20260763,smp,180000,3000000,0.01377598642558396,1836.058149,6dad0fea8e7868c742c92f64d564e80f5a0dfa40a6d923523c04ffaf1b874bfe,84d861d933486749cce8e15b39c37314a06d546cbeeeee436a0e7ff71debf9eb,7c3e85625423a4860ad50bc76c398c66cfab7fbf60f3ca6f5f7a646e046200c8
S2,20260763,smp,180000,3000000,7302.353648980653,2430.482479,1bee63882e3b75c62f524b28cc6d2cab47278ba0f4b452600188bfb49897efa6,d5a4aee107f3ff8dbf2f52b75a87a51a12662f41bb08ff3e5ad21c9422f58210,22b0d7bc4395d0f72461f28dc561995c732a5c66d642cf4e35011562b2f5d658
S3,20260763,smp,180000,3000000,8076.369105387002,2445.460119,e8cd9ff52d8ea0855dbaecbdc8819fb1bbffb686d80cc04004af53506e2c746a,0f27c2cc116819c5a6be55a5e48e7fc23a7692330216ff39de16fdbd6a29394b,8092706b3c26b6b975979d012fade6218514c47cf168d453bb5811d73e0744d9
S4,20260763,smp,180000,3000000,8972.66713255852,2461.285031,bb988c24cc90bb8daf47d483671053b5243e95a6048adc3e8224a4248f19a9a8,e2ce588abf5cee3ee5e1b422ac3bdfda789fac68a16ed75e12e930ef52495693,6c01aef10551bda9e5cfad6797f846d52f95983758589e4ca8b037b6ab4eb62a
S5,20260763,smp,180000,3000000,10789.551695543967,2481.089004,0482060e78958197d19bcda4db3db8ce9ec1287b0e5383e0615cd954acf10985,9cd9a5b55acd340263833643a6530b9975e38bf5eefd19c48a70b5d2e485fbb1,31a2fbc9071dd018539f6735a02c4eec7eb3bc8562a49fd26c3eb29d666a6993
S6,20260763,smp,180000,3000000,8217.499231439415,2437.017002,4928250b8d505626e68b866f16599a19a81d156f68e1a161376846757d2e2164,7f534eb9b8248b17523a46acfee093436f6f869e083345061eda7f5b68ad3a90,a4cfa552484ea882b1b8d955d92e3f39c1473fc03e4f40fc1a9ee4b0827b9fdb
A1,20260764,smp,180000,3000000,77662.91427879728,1863.419049,617a0a7ce792e55e0787c284939032b4e8b2fae7e5a392b40f350a374e83414d,c9e7fb6b2eec1c9560428308603cefb48312488665b0b32674b0018f83905a57,2e6d7612c164f46fe82fab0be862b3e3393eed6c17eabcb9508cb14a6b3caded
A2,20260764,ctp,180000,3000000,78111.76150003915,1110.696238,563a51c59990e2a19d212d3cb9123ff92d6d0f68384200ae9ef3f2a358752940,b379720e358b268a415c0511b4bed3c352c281eb1454077a50ba392739922a8c,dac01e54263d04959b180825c25c87204a2fdf7b81819b99c3d1143566617ffe
A3,20260764,ctp,180000,3000000,78536.92560564043,1131.288152,55e39b727eead9c6057a3994d1b5bae9d754aa38297eae3396330c0307dca57a,39a6bbadc49bb6248b352ef94056378d6b20011c6a465e956043ae42be424d0f,b4925402aa91016580e77833a28b19b3a30cb0652edc59d7badb0555e0b26150
A4,20260764,ctp,180000,3000000,78160.83918888972,1145.896824,0f0bb6d68c10aee75c26d8f550e4c04bf2d8b913ff4520d2c44143992803cde8,59445909ba5602ba1c54fba7a96c000e306cbaa169f49a58d811431460dfe245,d0eeeb48cdec0c7ae8dcb001d132716ccc0e981f7c7a9ad0ffdeb9ee734cb60b
A5,20260764,gcb,180000,3000000,78447.64417412647,1297.734909,de4e3a8c2730f11bade7c8f640a305f24c7c4e45a0c51ccf2aef0b05ef4fe407,eaa11acdc9c64da81f912987e51c445338c2cfbc8293e1918b0dbcacb980edaf,135836d488bec95077f603507749222d240e24351f6fb65c5af56bdfb0ac41f6
A6,20260764,ctp,180000,3000000,78239.57134460803,1194.246267,8edb44675157659ad4ef7179d8ff9417569b94e45f6bc84ab15d03ed852798c8,1af1240b875770ff81ef5c3901cee3a010b8103396eee18625e9229ab2c1f59a,ae234b24d87070bb4a96ed7806d15dccd53b9b3c0562d6f6b07359ab6339fa26
E1,20260764,ctp,180000,3000000,9366622.512959817,1008.104443,aa8ae7174c5ac94561b1183a33e66ec06bf5e30b938358c21caff15bb3ce909a,6b6ba0e7cad681eadfae9329915cc6ff5dd36d3d16fc5030b41d975a123a17c3,f59f642babdd581af72fe4c2283ca24f68f51c34dde0c306c69f0413c8b0efb4
E2,20260764,ctp,180000,3000000,9474569.157170279,1022.252184,a0182f3938efc6c748e3db30eebd4a7c9a2696f6d5f9ff56f04164c26a3c4d62,35910a099dab919974b9a80b563bb26ea99d16e27fed9b9f314a73783988a48d,7faac92bff20ed3f1b5ec1ac201bd663da5fdd215eff8a60081ec47452b36567
E3,20260764,ctp,180000,3000000,9086540.9095396,1053.886231,b3d0839e3d497fc27dffd086d0dfb3a9c1d44bbcdb34c55e2ffc73de565e0f8e,f35edde1018534c46d309da83ad9e039b3c823cbbd600c7640289fcd3874e371,196c39c2ad409b1585dc3e07c964d28cd4bbd9c70cbcdd9977970ee034ed83e5
E4,20260764,ctp,180000,3000000,10136769.74270633,1059.273397,3f45c54a6e5f8e96d2cd2d7f79d5a798dd35d4e5489b8721ecd5367cbefa53a2,8ca69d8d3c83ab13caeb13fa524c3e43b1109e1637f8d5db830aecf505aad347,8f30415b12067a62c1f0c203cb1ae4aed9a1de9f03c2727a0e892beee001e40f
E5,20260764,ctp,180000,3000000,11674322.066127082,1068.678099,574a364c7b02cfcfb505d343c293aec12afc8ba2abc1d815687ba654c65e82a4,4f829d5df0e396bb0e638642b23291d87258e28f13af2ee713ddb40941585865,78a9d5153a2822739444af3f8a5eea12485f26fb2c5527a101b9c997a668830e
E6,20260764,ctp,180000,3000000,11879555.349610101,1094.468152,a905fa105bed366cb26c1e9dce091ffcbcef41abcdcdb5f91c10809b907ad745,8aebe1b58817626811424240044210c93187f1be067fbe075ac0f46f845c504e,cb5efc5cbeaf101c5fb65a3f2359330f20e7f422bebd153a1ba98457cf068ea7
R1,20260764,smp,180000,3000000,311835.31167523965,1903.326097,d93383d7bfaff7507d5fba624f786a4f145f4dfb6656fafb9cb56980bab24c50,a53aa3d698da0d347e265325ffd720e9024b8ccd3698066795fbb693d8861471,f7fa84c46b0bb414cdc01e2989e0c502f04bbadf32e8cbd6394201b950f3a00c
R2,20260764,gcb,180000,3000000,337285.1100002965,1148.255481,278e1779d0fb27bea0f932372ae2a63ae9eb021eae1be53b624c9b3ebec12fc8,c6d37cbfe3cc2f61fe04ed3e82b0e0497fe11a025443e4648e72757e8bd98269,107a39e60bcee02550887b3ef1b7f522cd824bf93d3f7664388481bb9aad47c7
R3,20260764,smp,180000,3000000,1446419.4090479715,2514.54516,d3f56b6389a199d4c67e6413196e5cbc2fe9e0d9baf411534f1792428e33cdc0,bfa4f41ad1f0848a1516e376c7bb8c41f686841281cfed5dca2238a4ad7cca64,83d47fbb855c4f836c11e7cdd8fcfbbf84e7fbf36fd80ce538e03128791a6da2
R4,20260764,gcb,180000,3000000,354262.462246863,1176.30017,84ca88160ccce5149feaafc4d70396ba8d4b59400cebf2e452ce6127f2af56c1,b277c6845525c4086fda54b84cf40143513c6034dfe1b2a3e361857f48ba291a,9b33530d7f089787f70ac69592b46d932214b2506147d99398da7ac02e4d8d2d
R5,20260764,smp,180000,3000000,1602858.3029800702,2605.574333,bc2a25ef5075510f3bfd7865c3112aa96bd5be66c899899b017f1803be2ee841,a760370eaba8733d395b209db2a2010e8e699779000b5a3de0af30d99fac4289,0397e58bffaec0d6832174629557875aed948c000934ec7922edba88ae6baa07
R6,20260764,gcb,180000,3000000,447555.9952400063,1210.13983,4370cb3df75a78b1e500958270a6b2610be662026641b4f17b33c635169b1473,490536a09c92f9919812a4dc29efe00e7e3cb8140c9e7154622d133a73dca361,dcdcbafee79eebc7dfecef91b1fac65d4b1d8b39cad2c11e6575897dafe8f7ca
S1,20260764,smp,180000,3000000,24463.240785046608,1827.245695,36213e85844f53a6026ae0308e4f13398392679158067e868cf45a6da7c97299,b4f1f29df6a0392f8df2d8947fb53fc5a123789f9b27c8b93d5fecb02dc136fc,23fa1b681beecced02f7a8ef73060cb369a3e9a6af77a365ee84b1b8733667df
S2,20260764,smp,180000,3000000,7286.470625233522,2416.731716,4eed7fe258f963dcf49167eebc43a1b0f7ab7b92653482736bd5af7600e5efb1,9fb604e6078f216647af9b9ef6e014b3f5e03387e4f79052974683b7bc38ad45,a77e2fb57cc0f12d3373d7154c5d95696fdfc843290bd7fb50d34be34300736a
S3,20260764,smp,180000,3000000,8646.242793868576,2430.002911,bc6752ca0da92ed8247b484c4c2ea0fa274d3a0a0bacb3c9f21d9b8e80276f8e,02651421abb45b5dc9b46f3b435843860efb9eb5d73696fedc784edd4a0659da,67612d9c4fa20b08b540a92a7b6a0b472611da5980e0bdbb0087405fb0dfad9a
S4,20260764,smp,180000,3000000,6640.894947683794,2413.875952,6da52c1f7611705b2bb7ca93f59c8c78197c548d17a02c354d573c9db47445ef,40799d281d0f27eed455a150244ae6a099858bf2a1a6c6de10fd18a079b17fb6,2f6686e0300a1a9f0f16a3c99c7c5c8c5556b1a141943856e16c3063dad01e06
S5,20260764,smp,180000,3000000,11588.65610894602,2461.16746,d255f83326c59e86c593aff6649e0145355d65f43f2fbad5981aa6192099497b,dbe81517b2f03c5c6c5d64e4bc8194b27d38632bb43ae5fa945b9b0faa34d714,19a7b2398b5525cafdd933816bcd7169998ed7c78a172c2896a5530154f21c03
S6,20260764,smp,180000,3000000,7634.846741973253,2462.492091,22f1dc58fea0ab014ac112f3a20a0f67ae6933391ec0e3666820888aef51e74f,0fdb2f281526f9a79e61de6667ad13d6d0b5042a809923fabb87e9993179e14a,beaf4d2ab0db663d52017b2f4477081ff6ae5281046f23d96741d0e656591ba6
A1,20260765,smp,180000,3000000,77669.04362845051,1845.310175,7426327604d1d2f1381b03919cb2b77a284665b3357d31a61817c7cf80c1533c,06935b8a826b3ca2a8a17db3f5b4711160e7127431548c2f7261571362d8ecf0,fd27011838414b5aefd9641ea368b6ac2725a7b64c567b16be7fbfe36bab4049
A2,20260765,smp,180000,3000000,79427.97387238282,2499.430184,34bc5dfbffb4cf720a80128e517d7a7a849ba118b031d454f14ea3f0fc218809,ccfab9eb71641b50d69773514b5815b2cd3e35046cb289a32c3062b2a2a40746,59bbfd300a4caea0e811e4a8522a59c6a8725c3c57f7e4c2dd584452c2a2d1d0
A3,20260765,gcb,180000,3000000,78109.69163884927,1236.75924,f8b8f1ac604a3df84c13f184bd87559170fd50258ec02a51a70b45217e3959ca,7e59cb351718fb592d31437015e625ae5d64c81f7c22cc1193223385ef7d3311,1a19d8f42f5320db791233adf71217182bb74427f6e4d536aff53a8bc4169011
A4,20260765,ctp,180000,3000000,78269.55353687445,1129.709693,31950fbfdc8b86f06d2a3ec4eb3b4c63bc6ff684a841b4f602d47af9c2f333c4,4ce61bb160790ad66caa85454072fded3ceb5e2809b4294797750f23c684adbe,19a1d0762aec0009dbc90a7d95a993168312d2e2a95d995e08099ff5996c438c
A5,20260765,ctp,180000,3000000,78504.97376781236,1148.862468,2a0fac90e0fe7297fcbf8e48839c8ca4b4456da3b5d2b447c933399f542b5989,529901d2cce540d0b4c5b62c8a54f9048f6dc8df8c3eceb52c857a924ea0bc83,2cd8c050f19945b24f8a4fe47547d2d13f1a8ed6cde2b8921ebe7e8e918b934e
A6,20260765,smp,180000,3000000,78903.5059682366,2590.120118,de9b7a00c76eac03951182f6606f70d5b11d116cb312ad619465ec855f389953,aea5275d71b47c8e2a0be10abdf1cc630eeeeb83c8f2c7226fbda0d96e1bb476,9360107954d814b9b88b68e5049992ad771788dff2a2f8baa0a7ea0e37d9312e
E1,20260765,ctp,180000,3000000,10965305.554802934,990.198456,51f9da8032d54b0b4d7761ae4f42a1a8c40bf3bdfb76823453a55269bd7bce97,4e1dccaa38f970006bd31853ca45ced7d9c61719562eb0192c3478961d15a702,36bfabb0d6b1b12fe23c02d81267d382dd8fcde933d72b72bfd998030f172c3d
E2,20260765,ctp,180000,3000000,11133021.375390813,995.315505,70a8660bd7585aa3839997d7abdd5a6f79ec692b19d4c7a5a240201f5350848c,6f192ff9572adb3e7e9d27a9490e1eabc472dfabbb1f02183974197751780389,1b4a3b6e9fb5543e8e30b89639cd9eac9bccdbf6c021bc45a2b4da7ee256c4a6
E3,20260765,ctp,180000,3000000,9572133.367392402,1024.57002,2dc89569943ccbb846e23f652f416348df9e7d79471053d6579400bec28c5496,45b077b26c971f4a2be343fec75f7d1cd0fc788d35e71bbb352889dabe9f0781,a93301dd41b479b58dbe2aba594e143958a3d6828822157f35e00be1b96dd4d9
E4,20260765,ctp,180000,3000000,10268512.911218295,1042.242067,78bb8c7252f3dedc5890182cca53b0aa25f3a340ad577a5852b963d3673f1891,bfef7892427918edb32437511ae8c55173ccc6519f1da74dfd7a2bcf1bccbbae,7b189b39152c0bd127c718a38fa06205ee81df2ae514cb6204647ecb7d50ea2f
E5,20260765,ctp,180000,3000000,10918249.504600124,1057.550145,e0858ae3c20277d61f01dd0797abd5f486d130c1bcfb1c98241669f355a53caf,f220fe5ef5bf5b0692528a3b5210a05a54e755d41f99bf3b56f814724b7560b4,f181ebb5888b97be388d9c6260f687afe9b85373c1b9f257c1bd027bd1e4a0ea
E6,20260765,ctp,180000,3000000,9440612.770023754,1081.646459,07bd4d7478bc7b7ea6473384b7d00be6645082ca624b415f39e5dc5cf5c77b68,a33571adf2200d448ed02c2483bf3e56edd5788a9ffe8835ec537f8040ec60cc,b10ae94eb8f8b2ee1fcc8a6e475d28b7be6850f349d24d5b87e1b21d537147af
R1,20260765,smp,180000,3000000,438718.5982407607,1897.891996,342f8ceac20e61bb3c02f6d27368fedd301b1872c99e9c2d4624d48dfcc68604,cfe63ed3f0e437588d8b863600395c68906cf9757b6382c45f6da9e0212e8875,4f82ef0a22b62bea2da4a6b0763fa82282836bbbc57954e395bb157a6a5bf645
R2,20260765,gcb,180000,3000000,320472.8191071898,1147.151574,838c0475ef978eb6d6fd28dd7257ac23cfee8ccabf8d44d04209a0859843351a,7fd0271847df6f089e4708f15276e4d6f4868ba00b4d2e3a88e85d316dd40c4b,2b242bf063d0e6a315252c58f988f2ee6dd50fa55f2cc46aec31ba0eadb477fd
R3,20260765,gcb,180000,3000000,315705.29646213504,1147.073578,9edcbed00680659f66ed10cb2bc270e12bb3b974b6f36232b4c9bc4c6b0efc46,e787e287282f9befc86567750faf608bebdb3a68e19eabb3eb3540e7fd2fd43b,d0a3f26c1e482dbe0f7260a57c036f208c01bc538864c4aeef8e6cf598a3669b
R4,20260765,gcb,180000,3000000,419112.35590213083,1166.860857,56f0ec6f6a1fc9d756e66cc10a4c33f46c3b40165d45a3a56b5a9753c254e3e6,95392d9bc58f2a8eca05fb6af4908de4155874b385f0b841aa7f602a2b646bf0,0d944d108f6f212a874d3f44396706f9b884002479f48d7c90e6fb8b1d05a5b8
R5,20260765,gcb,180000,3000000,415516.6439639895,1188.565045,af4c79098d3725ae5491875459127c6d475e0ad2273fbfe21115eff6063e1530,c9f3b56727d6b88633d33a46ba87383de8a8aaf3f98ca6c734a243f3d1fa2da4,5e55417cffc3a707f1dfbd302fd3c023c81efe52f8cf0f6839a0f2370a8af9fb
R6,20260765,gcb,180000,3000000,378690.64406419767,1222.406462,b0c33065036c44690d308861cb47390feac268eee7bc2c4264fbe196de38f24d,5d5354d52fef2d8d7c632f50ddf5ee26398408cb00dfa283e9b4468e471a02d0,d2fa1440fbd4d44373fb37e689d067e0efceb5dd0c33407292bc3291309d9e33
S1,20260765,smp,180000,3000000,0.03232045242421231,1818.828557,6ccc93624acea6064928efbb49a2845aa5705ce6b7df8589ae40738a1702bf8e,5457f45604b59a13341aa91925ed1b4757a36262a3506c5f3b74af7d44acf291,5b4afe96888e783a02564d18993662faa2c5f2ad176ec895290e0274875aceae
S2,20260765,smp,180000,3000000,8924.512330332873,2404.116956,62034f73e89d36e4ec64889ce5861851c8e970c553ee0bdd413b86fae801ae36,b76b264b8376e47212ce8f912fe4b6b1e0e78a9659ac6afb9ad7e3db2f917f34,fb92c58d76d8932948ab58f72dd6c04f92179f798533eb4b4cd824da66964a68
S3,20260765,smp,180000,3000000,8924.73714910082,2465.365973,a5d23d0e8a230bf9f34d4e5975ba34eb43e9be4a0b66342584ae56fe0cbd5574,2ec2ce906e75a537c58cdf9f00bf715b74b0ab4b02d0c1261e39b46aa8a710a7,24f5494e7802771eeddd8a3ce7c5a438c2936680aacb298ed57cd3a25396611d
S4,20260765,smp,180000,3000000,11225.656704881414,2437.716797,692a04a81453fe634e925c7e45bdd5e23282b937972550dda09f7a26cf76bad6,eecca86230748f1888017b26fc31dbdfa3b16e2c435f148f0c6cb37afa697fd2,d263c15f6aa8c6e4578663b5e3b7a983c6a35b4a1c87502221d8215ddad14cf8
S5,20260765,smp,180000,3000000,7044.575167102537,2463.054209,8773e9d0fd198e4fd3c20201b235747b45166680ac85a41f79e932d07a8b7b58,0683c85b84b34d63ad9bc823d3ce3dd2614f200e7c8104be05ef8be98842669a,5d028a90279c981a3783af2bdff0d283f13f2c3f9ae8818486461a22a562969e
S6,20260765,smp,180000,3000000,8564.50360575372,2429.292544,5716ac97091b916e09c3c87e324792364260d0713a3d8d5158c955ca3efb5957,69e62e675d0568e16287e083eb35df8cf7afe9f0b63c7c46d9291e96aa89883c,12ba62e12480a65f44072dcfdab18c269a428b0bbcb70a8b73429a053e526359
A1,20260766,smp,180000,3000000,77792.62007330275,1844.904701,2f8bf5d1a0dd67115b53f2cec652b22caaa8b86c629ec67dbeee85da914eee9b,4f55b3f4053166bd252a2c661aa25d1df87329cda16cbe350f3eeaed8c9d6ddd,5ff19829c7e73d9cb404db91c37d9d7eb5af81ee788f7a4715e7ba7c29408349
A2,20260766,gcb,180000,3000000,78082.06722354931,1215.205843,9173ccfe9c60c92d6e133e9bc054f8fc4d962fe650b7e81bb9c0c3b6dc8c18c4,0d6f4220ec28f76887338d8564b4ddfdc427b5a9002d59e7fcfeb1317eeb1e06,31a178bdd695d0f5cfa7209411ffdbdd29fc66039fd3185e3c414ee58d4709a7
A3,20260766,gcb,180000,3000000,78064.49080285542,1237.645769,89036ba220b4baee6fcda05bab7d301c539e1a1699e3c56ebaa8dcbd6da36c76,0fec228ca0bb6b66094254bf2c6174028fb301be029744c56e02ecae06759eee,70ff0fb591d34df31d28f68d3bd24092f099346a3079253142fd1bef476295fd
A4,20260766,ctp,180000,3000000,78314.55644208049,1131.504019,1f214d23a6bf4222f6c7231a877a6ab26963793bb01b294ded1f512328eb5f5b,b5e94db14a40c4983c92ff602d85e7d7a054d61c88e6115b22a87cc975a56189,407c9cbb08d49b21764bfe0e973f6024c187085db3be47b20227063c9a158a0d
A5,20260766,smp,180000,3000000,79226.57646873136,2571.237377,7f0c42b3eb251962374587dd0265d53022de69e6a1ba8de950674258a0d6cdf5,d6ebeb8581e0d69344ceeeebd18493ed493bce5c152b9fe8d953cf4a4e081632,a27211b1b47e30ad71f6d15ca1d2c4e81e84279f56e058c8f653f1828d47334f
A6,20260766,ctp,180000,3000000,78183.46224289466,1175.276549,f70449eaa48442b151fcac958eca3417382265795379ea9cd1d846d830e8a485,d1675878c5f96fb4453f63019a5e2a9f6bfe8b7f7b21bd06dc1e4a2070572fb5,7fcbec59f16be69bbde6915184bf51f9b5fbe586167132811bc250b27b515a45
E1,20260766,ctp,180000,3000000,9513544.146025814,996.154372,0580d95311a1c51832d52a70f5176890a29cf16f27c0a8c7d92a7d96c7f627cf,50ade617b2b54b4265b3e9181f376e03bafdc10f02ba818a7d9c8671419e5dc9,116d347f6c769d896a557df95278ce4ed223933cd49dec46e65630394fbd1663
E2,20260766,ctp,180000,3000000,9852444.45923693,1015.139704,3162dcbce6cc92676e3839ce6cd4e99e9757bb9b23f69282b9a00a1cb9e42afc,aead982fb1c6981ef463bf36bae7eee9eac159100e60ff170c005b145ded584c,6aaff33b07c1e38dbf0ab998bb74ecaff135bdfffff019b3c8f3d1d8de531f96
E3,20260766,ctp,180000,3000000,10839743.559053352,1030.240181,ce6e03c4d848ab7f5c9d673cbbf8a7b1870c07987870a9a6df0e879348a072bf,ac5ddbdd5fb24a9aad0b04ca7e80ef10288df3849329aad645684f4034f29e7e,d12169a58bc7edba4c614da0ac25c188907d512080935b90d6fd94a56e1bde87
E4,20260766,ctp,180000,3000000,10321338.669366367,1041.715614,cf73e0959c8f497fbfc00a341bd94bca1b0fdbefd5de4d856949461b052a2ea5,dec68acd8e785f550cf421dfd79556a48af413e8fc7c479dc46edfb8baf08211,9612bc1b48644abccb3adb565fee61f7fa547ff6c99ae0d89855809fda61d780
E5,20260766,ctp,180000,3000000,11508752.150202608,1060.218998,fcb44a3f8f2287838d36f55e20a3a1187067c49ea0b016b555f86dd37e585c8f,41c51f26fb494a009e86a57da75c9603b800deca4354ee2429508def6a0c02d4,aa0eb2add0897f78decb5f64a1dba1dd8fb19e11146365d3e39fd0d0cc5df4b9
E6,20260766,ctp,180000,3000000,11263578.317754287,1084.641627,4b9c99363eaabe80e8a52da34b3ad66997bed9f27c6a9ce6529da16c2eadb0c3,ea1c727453b895d5765c531eefc8b8a0181ffa26e91fc6e3fdf967f177ffeaee,e93923c3de7e9c8be17949a6b1ab0b6012ae808fac081e7f7b6517aa29330538
R1,20260766,smp,180000,3000000,319596.2897066035,1888.836365,4be2749811142997e401e419da3d05acf6f6378ac506358ed732b438302ef660,d781eb7f901cd61b47236fec3954fc2d53406d2cf6e7808ef4f54e17dfb5b2dd,869f5e52b03ef870b6bde92cd33ce4545934d9926b93af2ff3c53a11c786ab98
R2,20260766,gcb,180000,3000000,336069.7244716282,1145.885201,a9827295042a029f94039319fa53560d240dfbfb389a66bdfa65e9b53d977307,07b64efea9126cf0f76fe6e6cff91584c24b2bcdc8c9ecb13826a4150204f381,fb3f10731a79a182d32835f70d6f7d64e1895ccfa59bb0402f8fb8afe04060ad
R3,20260766,gcb,180000,3000000,298975.8252364797,1162.481132,074f5454757c6581a3bb320e321e7cae2e5d33fbf2372f8d39cec53a8c383a94,955e0f8f1d9654b87c0439eb91d98a916502d31a2e4435a765c48916e17c4fd4,83f37fd39f91beb14d9a19f20248023f4a788ca22548ca9bbcc0eeadd260814b
R4,20260766,gcb,180000,3000000,386631.84617521166,1173.670918,e348eee22eaf4d59c0473d7bce05902decdf0d0e19d37967a3e098557ba9e3cd,61b531f0bd5b6e6fceba457a2fc71d8cff502f2a3be60f325f006c72f5c7971b,12b4d621e9bc43bf9ae762225970fda4c3f9d0648458f58aff3171954c22af66
R5,20260766,smp,180000,3000000,1627560.5633048427,2574.635543,8ad950aafc39dd4bbb5b46968763d11fec98ca6abb5bb5b19db3afd0866d0f5c,b8f4e05cc99e808549319b4417a194a03f68f7464c3feed995674dabb6d235a5,84468aba13f4c97f445deaaed892568aa7268bb0420e9c78ac03eef47d3420d7
R6,20260766,gcb,180000,3000000,376183.5848105905,1221.626736,5bd39c247ce18d7805661e03705106295686764f815c910006075fe17f7adb11,914171fb45d2a66d5fa613f2c937010b408d2132f0a80e0e0855c8107cd0e9ad,4da6cb4a3d020882ba959ffeca0f54142b235268af05f9ce6abfbe13416b7104
S1,20260766,smp,180000,3000000,0.010819397173205757,1834.923717,edddc7a974351413c3f5fac45268e503468b684d070d9472835b5c6368ff4b6f,7a5c7867e0c6e0db49e23aab8be301ab4fe5d048da45608222f5b5a540b5ac72,ff9f18312d14dac57f141416365f14083ee7c87b1b719fba891588ab320b4de0
S2,20260766,smp,180000,3000000,9477.515990670645,2416.616852,c584f2d84fdecfa8e5da04c1cf2818ba4580c7371473ff50e4a8aaeab620d0b3,ce00d55185aa51ac81dba8f413eb23c2d29f79544ed5ef9d9f6ebb750ef6bfba,04c3d69e1fbe57d76c455259bad9f29426fd760fbe764bf0b6dde5bc24d27453
S3,20260766,smp,180000,3000000,6490.909732898679,2433.157317,88e6e76d3d86ca0f77f06189b6cf65e031349a6d28e75ed002b3fc0531846b60,ee4a0f4372db68c05f8fe5dae9f3ca3a45ab42a031f1372fff497cebb4f5c6b7,a407bd40b73ff889d5417cea4c957d738e317fd5467c0f7b1242d5d715a4f40d
S4,20260766,smp,180000,3000000,9661.333335456546,2419.88243,d4d29b82a80a54f0b83873ba2285d7c32bd088a4e6a3a4c598a116c4dfbe063d,9282b47a39499dfcc21937a1a22a8cdc89dadf6b961f92000851f440f45853a7,e5937a4a5128a12da32f98d0b452b27641cfaa53ac988f906f87f6652dacccc0
S5,20260766,smp,180000,3000000,7090.362525866619,2476.598729,d2e87bd68aaa8dd200e1033cd8c93a549ed206f1c25f2063675d05aa66a54f1a,f0910d2384bdfa48d1e7e17368e1dc33b34624f9a5828f83f7c8e8cef4eeb6f4,68a196e0cd7f5876c66ca5658f39842e9f2b3498cec44639d67a64188e7ef3f8
S6,20260766,smp,180000,3000000,7475.826084245315,2462.63001,f930935af6c3860768e06d1b439e483647675d0b8e5ac9091779b330d7bb6134,758349f5d78f2e9b787accf47fc4bb48cb77bd9417ed437d15f7618a06a7c957,334a5d5d21fa3bc2525025146def24bcf2371a904e17f898861232109ff8c924
A1,20260767,smp,180000,3000000,77796.0839373436,1850.551106,33683de60567f1b989a60af6056a21d3f2b5077ee2fa16976aa9e25d442f4ac0,86179d2e47822346f3fb966944e0a676acd7d48f5c74c2c8c98b80ca12d40e8c,3b50071cb20dcc87ab3e9adbd821d324016d79447a3b56c28b31570e79f5bb0a
A2,20260767,smp,180000,3000000,79968.8363732038,2508.740769,805dc153285da8376d5f4ca9e8e05f97a04b85654f2cd239c07ec4104ae857dc,5929c70021fed3beeb1ae9b0de36e53b7b103e374c1267657ba3127a140ea487,7dd4a6aaed492907fb100b8b136e2a5305171b5d9a0d9cdd0b0ec13f89deea19
A3,20260767,ctp,180000,3000000,78869.89166386706,1114.826661,603c8a7dcf01d4e95c6b3b797a386d838df0fdd93ff1a2f4238258f3d9175596,d22d2b9ded8e9d91442b2e3d4dbf496f9e161c8503bc0fdc0b84a61cc41ba97f,6b05b50a03d7ea8813b630d05e4ebf53e0466df1f9c27c69dbedb4e098004255
A4,20260767,smp,180000,3000000,79345.57114693531,2558.434061,47344ca29021707aa4e6cd677a14afd96125f8a773e7bf851ffd26b207cc919a,ed325d9599fd1908bba88c71434f9aab1db9cde1276625795447406e72d28097,a0cfac2554c89b95bb542f77ce1f0e6f7ca35fa9224de276c042f6f48434c647
A5,20260767,gcb,180000,3000000,78358.37582998499,1277.089928,48c511e3f24ead0a308696780e47d02cf93cd91255ae6997ff9f14ced8417ad7,63e9ab7b148f789db2695d6a41e6c809d314c26075dfe99f9d2a2b4d1042fbaa,8bc138d912d2bf5b6d86666710e38ee8cad49df47a4e66ead000b0f90083ed6f
A6,20260767,smp,180000,3000000,78907.143476046,2600.107954,3c0aacadaa4012350f75cc654a2f48a850a16f4e7595bea4d6cfe1ac20828dcd,2daa2d8de08be68aa8ce64e9c52fffcd55fb5d8a9bee14bf45b08ee59f869986,2449465b24aba0568bb71bde1d63f2346e6da62f39b4a66ee095df7e82e392c1
E1,20260767,ctp,180000,3000000,9295721.460456787,1007.406579,ba6cec581a611f8a8d321cac0d4f6a8c40b2ed2084588ee3f9116890fe961571,4446fad374f9f4677accc49b415351c4ee7043607c28bc460954ae7c2b3ee7d9,af7fcb205c971b6c165fb9eef1d9fa459b465c30294c8a9c9f1794efc3504d45
E2,20260767,ctp,180000,3000000,9365079.303043421,1008.777204,ec3b226c0f0e6a84dff43c2e2077283d45498afe88fa1ab90d028907cd2edb22,4a6abd9460f1b66e8b19fda9345cf03aa9b528b3199c81630208ac17e1b0af00,1de7b5466532643d799f5ff410349b54ed3a17712838ec7d4d7f6839f11e50f2
E3,20260767,ctp,180000,3000000,9702292.261946259,1027.345971,4b01eb30411db360444950a5b3fa8adb62017cfaf00d2d8ab5e623cb41417330,7f93ab8b3fbec30aa97f4cdf8472928ffc0407b122ac46821d39c0144a1d047d,4efb6057a4cc58a14d1e6044d51f5e8b4db3ca7afd52a104befd7b4c4207a94b
E4,20260767,ctp,180000,3000000,9026901.326132227,1040.093855,f5250697e6e8f9a7e925723b2fde2221fc2680e45e3282fda12e588b0835ecf5,21d0ec04c2062742c5d98bf426d479f7689d2bcf579d4b1171761c937e99fbef,61f2bc09294460213db728e6cd52f3625273cc39ba61f56e65350df7a4776011
E5,20260767,ctp,180000,3000000,14133177.570702197,1054.945302,989f49da3e1314936cfc47e4af4a42570c8cf8ab52d5a9202e61268e059a46df,87e464e8cb5232f0c9003d1e9a600b62fdeecd57ab9d693079ab94885049464e,2d223beb957b00ca69c9d23e40377b02cd349e926c23b0bce7e6bbb645c0bb52
E6,20260767,ctp,180000,3000000,10702737.447630588,1083.59847,09d22ef375a4fffeeab51fc261373aff750817340028d5a21d98ece1c6770de8,886d1d5ae5eb90e94037d11769b507504c254a6166f70a94af0d591d97003cd1,dad7550fb1ce3470efec98b16c605ecf62ae7156cd5b5c85ea8671065735790f
R1,20260767,smp,180000,3000000,296191.61496057856,1883.379941,305d5e2eeb432a46250f69f2aa830eb72074d59d8413c7b7da841978608e61c6,8148e9e68a1ab584594384fd19e918c091c0f655bafbf9524bde489a8f47978b,c75fac863a7d77543f0fa1f1361e8cd5b26fa83e2ea30b437de974539d12400a
R2,20260767,gcb,180000,3000000,305897.5700001158,1136.812124,f682ba3ddcc8dd0d989da9c1c1e0cdbd4369914e3c51c194e165eb88296c0e43,8f5763e8054309da1adfff1df029cc7c1d45efcd19dbf84645fc8d5106abf2c3,2f174607fea58a1b4c2452fabefe01001dff4a10e199587f53a9cbc59f50066b
R3,20260767,gcb,180000,3000000,246785.54220372575,1157.822627,c3f9e87dc77696e40bc43fdaf60891c4d978098215934366ed627906d786e2c4,ea0469c82bf0dcc9fed09f1e9b8d74da5b654d8518e11a961af84235bf5bd891,0510a11858c95e44f206aab4335d3a8fa0c22e32f63746aff12a9d743be13211
R4,20260767,gcb,180000,3000000,472442.60111518187,1171.575452,da8fba63567ecb103c223d109dae7abe42d3a29ab1ad2e44fc38542b4b7b78f2,1f33c11ba2d5e9f344ecb86c4e7b310eb0a415ad04804191eb4b9b7cec7047b3,b7b62daf85efd9503b33aca297a4751e7da53542308d8830b179888de4b2f402
R5,20260767,gcb,180000,3000000,477491.51945757546,1180.194215,bc6108492309fc32bccf3559b2aae47769e7cbb5d3a31d8ba3619fbff83a20d3,ef709c424566483d82446db86bc0dc078a27077cce8e98f9ba35e03c3cc03fe2,49b5d770b6fe4b61656a522717ae464f78cb3d8181e8066114c46ea8bd2aab05
R6,20260767,gcb,180000,3000000,416372.91166092176,1224.194147,b8ea2d5d637966103e7f3fcc3563200566caecd6c207a7558d0269cbe156c526,8a357932d67f36c0188b57e4da699ac5dbeab1c137beab312602a128d93856e7,25ae98924c11909290d77ee7fe4a2fc5095ec89407a00e6ff46cc263870cb9d3
S1,20260767,smp,180000,3000000,0.01539691057105487,1944.887964,c2f0fc0de042ae07aaa4d8d893ea8bca78d56a5f67b5fff0df571295d017e2f7,8bdf45790c4c39f99fb5aecaf6cb75dec368f1c04db98f16f6d793053abbce15,c4c31a32a2f2c850501e2d3f5ed906a79adececf277514e456d4ac62dc08a3d1
S2,20260767,smp,180000,3000000,7064.929664768846,2418.942015,1fb24867403cdd105bfe662841a44fbf57e90db6f05b6866ccb4b31182ba3051,74143ea950281e86c5194fc8838782426715b646621452ce68b0b7c76e332c22,455ec051a313d2d690c9fda1f174ce9c93b31cb509c9833bc88b2ba71694efbc
S3,20260767,smp,180000,3000000,6568.402689743529,2434.467823,793afcacca27d0503b4c052b4e4f4e4645cea4047c40d500c1be4cfbfc1a1886,6df865faa0da5c424a634cf474d51112f70a504da05a236634eae7e9d374ec47,0a9ffc329d765dcc22955a55658ad8f00318bfc63c5a9f09ba72a34a594c4a14
S4,20260767,smp,180000,3000000,10024.730079881254,2449.379261,f68d61c7a9f3fe717b0a4b5691cb5efa6c44c73ee20b8fc4d9607ea103988888,c311bda22c59f968f4bacc1976d0e78a94d18fc3d71524c525a6f863075083cd,843af59ec17bbe574c41db0f0c97dc0cf79598b47812c30a72585868fcb2afef
S5,20260767,smp,180000,3000000,8465.443754699827,2468.01097,e89359eb80a9c8703e17cfef07a934028652e9c210285cf6f26b380cbd1e6ca8,6567fad39ea7c81b317b26ddaacab7a8bfcf2162d3216c0365d6d4c1ce5710ae,6a999171dea59de987d653c2e3128f878652ca86b5f8480b807c2d7dc0e37820
S6,20260767,smp,180000,3000000,7764.531326870429,2447.323774,7fbbc04659855a559cd5c7d724ffe565fd4aee3f1a453794fc91722bac451d23,f0ed11a57348ed5588414448b31b69b0d89bb2244d0962eee92f68349c012af8,00ef41ad00e46b7997db2f67716309bed613a494a3266dd6bbf1deb0e9de9fb2
A1,20260768,smp,180000,3000000,77664.1941476331,1856.221083,c899391bab47dbeae71b575dcb0d78b6d04a01093f47b8e13ee0cc7c54fddcc0,a0facdfcd230295d4890893e4e49a82f8b3df2a534912af4f7dd39c4a3658b82,3ce5c6f9a5d6aa0a78aeb5428b08d193c22bc388c0e75a700f03f248fc111813
A2,20260768,smp,180000,3000000,78966.77041025746,2507.183335,506133554bd2422f3c922892985a231e48d29887d6da688cde2cfc2006449c73,9154904da8aff729ebf11ed3e9a411ab78ad6dd6c0d2b3cb5d7b4497589ed97a,591b2507b218d19b2809203938700f4a3317727c088d7beba997d876c34befb1
A3,20260768,ctp,180000,3000000,78387.85121456276,1112.776205,3696f9b4cfdd9f1b574ef27d125869bc6a6d8fabc17f501853c423fece9800cb,3651499fe87310f3d7135992f05101bad1c68e1187c2a56378658d683b7983d3,54982c7390f8a960ded46c1f77337934be6d9e51765b9d7329f7a327c74e8b9c
A4,20260768,gcb,180000,3000000,78378.39043132898,1265.258894,0b688806a0f7c40023948131a35c4901d4d35ca0a0fd7af7bed21e73ac943f0b,4bd89876c048dcf3eebecc60d0284533bee5bbeb5ecc505b8c2909a37f02e0e7,b02748e05dc27a5b9ad0b949038f470ccfbbf43fe43e67e0b191363c6343eb88
A5,20260768,gcb,180000,3000000,78400.38696970788,1275.843746,bf8deba62e4b0074efc454c6155bab641d3c1f273dea98f82c4b081aee929107,ad19dca3ab233d21e60df427784e13d5cf6fcd8e091e7955880f85ae98db9f34,ae6e155e87fd2ef96c2c3093fab77fa3f00cc6fad12f782aefb9c375fb12fcc6
A6,20260768,gcb,180000,3000000,78009.42829663493,1302.377247,ba7445c968389dab37b7c63234f1fa02ac4c2f68038e4b15d799ad7b215d0f91,7bc3785ec90de5446a411bf38fd43d7e18276602c5e5d042f297fcf9d482636f,4168926ce96385c5c5b6cfafa846b9569ef28b3f9f0953484f9622d6a0a3ee4c
E1,20260768,ctp,180000,3000000,11134661.763431128,992.743725,142acf30b56899d73a655f9379dca74a3abd6964e4a3fa8fb13553c834483ec4,11386ef873068c9447a71cfe8f692b5b48701a3c39cb27c3d23febaf3cec4111,5db8f9870ccdb01671e212692ed2fec210f0a8ba102ae0c942861eaf68ebe8dd
E2,20260768,ctp,180000,3000000,8857163.228168495,1009.952266,84ae76497a78db4d72e61c4f91f8ce339090755c20da47cd5ee273346605c0b0,f1c708ba7f4f8815ff6632e86863f9805749a3d7e8e0c403126e45332907b71c,a23e545bb405f32317848659466ae64efe96ab0a2d5cfe89f84cd99ddc01aaed
E3,20260768,ctp,180000,3000000,10219618.512919996,1028.620533,964457766964a0d6e48311e8558793ac59787f39695e3536ca336dc1781a4d4c,f7817b014db87a6a02fdb2373f18b186cccc6260d213544fd4b1831b9cc12399,bcb1e75be4d8cc481cf695c7c63c049ea26e954776789031191f419927fec155
E4,20260768,ctp,180000,3000000,11596943.26453258,1043.740244,652a7c72e73979bb9a2f489e78e0e21ed139b7beec787ef3510f0853a442d25e,8eb158a08b80104fe51b26e6ed7cd6dddc91d125e5382bce9c7079ca735a6ddc,f0ab6cc237e69b3e2e460d7d3803360e27419cace20b5f284f58001c465c2af9
E5,20260768,ctp,180000,3000000,14207792.950120218,1060.744458,ffbc423358144e3160862e55e37dec6a2e9ab77673b07b2019075f2c9abb72bb,19851e7eacc747200bbdaaa631a10f4a2162983870985c414250198f70b7f2ad,d571c2e2ad94cd84f8065af91c660853dfb670dd92d913e0b3e7a0b1cba12688
E6,20260768,ctp,180000,3000000,11053301.341770658,1085.34204,de508a9e8fe32e0a1aa4bdbad4304e47240dea5347bb303f7c6cd0cb53400ce7,e096612c5fe6eda94556063368f8bfeb72580ae768c31467fb314aedd703979c,04020bb8059112cc0f973d3855f6c118e3373fdd86199a7c9178a49e57f965a7
R1,20260768,smp,180000,3000000,302159.49444542587,1906.540044,ad2cd1ee4892a584f0776046be74570c87ffdbb6528f80d712695de2efffb44f,97757efc76c23a04e7ca7e9db5384d6177af62addd4fe127100df33ef747f9f9,0d1e1ae65de90c727cc1c5bdcec7a847e9b8e1e0854fe14f275152442bd5ccc8
R2,20260768,gcb,180000,3000000,270759.22402587265,1116.447723,2df6821bd98327d7a9e4f8538c20351285eb2966b00979e6653820cd36d4ee45,a0efaacef0a9250249184b3cfc221ab72573f4ea85942a86f95096a1da2b507f,f2ddd7878cca64c7991a1e3410de4382f881bef08e280e996b729d0168333735
R3,20260768,gcb,180000,3000000,278456.96758168336,1160.138355,d8fc2d96f49bab02a5b6c3d41c40ba0e6c4d619df40d84dd9c224215277461f4,2fb51a7f58fee99797ca15cc791668c311e2c3f15b145d9e7684337fbfbef9d7,76b54f7ee296a83d229fb8d5bb9f14819a05a0634599d97a6367840a4b219584
R4,20260768,gcb,180000,3000000,379965.9603672719,1182.521439,7ab7c5db3b9bca92b6c6996054e553d49b81f951c316851f49f997665a176ae2,9d22e053fd7973848dfd20f879410153c4911c408e78ca0940941f9ee2a842d5,403565515599aacb39bf77a755c53e28d54033ec3a2d7510c92e88dec536ead4
R5,20260768,gcb,180000,3000000,432828.87159928284,1187.359783,93dffd40abb77b7152ad5efce46341cae7fd6e4b9612a453468c78ad91d08c4f,87e87a1e35070ce4a5dfb2b56cf31dec85e34e4105ea62ca53ee9e31cd89b9f7,bf4877f3bb99b5987be36de9b708e4f5f908515b174ea57fa5c1b7661c50f19b
R6,20260768,gcb,180000,3000000,368460.40929214883,1217.629139,2f968f645d1d1e6b162759fa9f81c30dd3aad766fd9e662c6a226272bc8b9e0c,74fae37c4caf07fac6fb8d69775b5b5ec0eea7543b7eb97724f3133531bf4301,bd4572782e34bed795caea8d7ed5f0be9e13a4b3eddb5678c01dd47235a96919
S1,20260768,smp,180000,3000000,0.015858254839102352,1840.244523,032c85cf59577839404e4729206daec04032de1331efb07fa9863e49bd9073c3,b28683320f1dd8e3410d9da1b3be5a66f8518a553c8ced2bdae6652641e2863a,e58b5a1d4a4f31bdc41f12d360bd2c383e1a5ff29be271dfa69d7e0a75d4d95e
S2,20260768,smp,180000,3000000,4363.545479144459,2083.073506,9c430b5687701b0a8b91e815fef8ed15ea97f807e09883b26ca4f7860524fb28,523ba205c20c3c3bac0114c9b5ff0818d964236a696656dee12b020525090512,93e6bb86426056e7c2e4ddf0db49dfdabde5908b40d6efb2c17b2c8272f1c47d
S3,20260768,smp,180000,3000000,7156.328812466337,2237.542647,b7baad2dc7f7943672a3ecf8d42a653c48c8bbcf9a8eeac2a68b0c4ca2dfff82,ba34cf845fa3fc77485bffd23be95b865c8b5e372d7fc7eb24e9ea1fd245ad9a,4a1b3038862e79b6badd88ef2d6f67506cd00bdf0c8f81b455787e1f03785b21
S4,20260768,smp,180000,3000000,7915.242936564085,2200.771153,a5d542e1855af16b67becd7fc9d4769d41990d60baf37d914d19ba7134609567,cd36d71c2ebee67b401bef382f7a332b45af41b432e4b35f75381c55337d5342,1924fe9bb9fd6829380ee9bb20797cfec61ec29e841e558ce557da287ba983d3
S5,20260768,smp,180000,3000000,7678.917098843647,2162.381125,51286f29e4acc5dd96ae851bd379774f708dc66a7d67a336857c11ef28281ff9,1113ac60fdc087cfe4a10dcded77393108350371b8d87aa5bcfa5e0fddc67420,b96417780fcd52c6e258d2a5e414a872a634f05ce521829799f1d7fa1b799d28
S6,20260768,smp,180000,3000000,7505.450142270653,2145.267877,b8b89febe9b6e8d83bc4475a28b0d35d2a999c307eeda94f209f17a90c0e8ed8,2ae46a132440e8da2974ca29b233258b1a51efbd48a80c7400873cad15d2818b,762bf1f856d1f3ae4b8a5a3839b13c69fe475ecb226a71b0c291e2f9986dddab
A1,20260769,smp,180000,3000000,77714.99026958265,1748.124782,4a1368cbc304f1b7ca78449c2656851cddddf3d24a4722192a66a4d5f05ce00c,98797d79fecfcfa72bb4e12221b9cfec4631ddb732cb46eac7efc493f2bfec11,b6448741cf3404bde3d4cadd82693cb14360eac0412ff2f89b9957ad7cc841ef
A2,20260769,smp,180000,3000000,79642.60180439476,2138.570089,aa4c87e27a0a71e9961f96db0119441f5d48270b46a164057577ee86c0bbbda3,ebc03d5cd693685e1f6e909bd99872ad62e2f645d6b9b3c4abc19f004a631385,5058afb2a7ef21c4de8abedb108f5804b4727fc1de3b8542373c20e8851d8c8e
A3,20260769,ctp,180000,3000000,78270.9093122002,1115.756462,9e2cd694172247ae8ca74ae287cd1ea8a9f8cc32f4670ab14b33919f72c09f2f,467debd3ab5f9eb22c79c7248e4eb17228a112aa4561c0971332f2d21e5059c6,1cef951a64e986e4d12e226eb47864ecf1b4cf6bdb495a919e5a1de49dd6df59
A4,20260769,gcb,180000,3000000,78054.86156974276,1256.953638,95fbe9d928cb5211e58edadca1e2343d843157e6f003ca0574e0d3a4c246a21f,397748fb3f9387a381fd75fcc829127703773d303a3b1df30fca0ddb4a1f817c,473f601e9342c983eade17d5750a6afeb946c44bea8e7461b19ea1e9fb53946a
A5,20260769,gcb,180000,3000000,78433.82610449655,1280.517901,63b30e20bae0c8cbf551ddf7301a349f2db982576cacb5dc8470fe03a8a167fb,a2705f126bedf520fe41a9585f008568f61fdd096d3212d7924020a4df8643af,59dd72bf266dedebc5fb3b4a8fcaa3a974cfeee84e26611b4dd8b32d04a23200
A6,20260769,aor,180000,3000000,78174.3517747533,1149.553777,28f185ab313c927e051008bd93860057cc9b58da23a3081e09cd8ca8bb477c2f,03d6d5e52039c500a5ee9090138e8363df8b33062f2a2d50a5c332b12c39fd0a,0e0770f0b6fa52d6fe72fc0b208a507ae71694a848d92cccebd3576bc969f8b5
E1,20260769,ctp,180000,3000000,8161222.865491355,1004.449181,3f64238c8cca72ed5706cb2ec8ca4e0a2df57a15429e543ffce26956077459fc,4d5054576099f3b79bbccd9986fd80f17c24b02faaa48922faef3ff3d8a25064,3e8eabd4f08ca76dce02a68f6d0ed98f52fb8267b7ace8fef9b81526e44b55e1
E2,20260769,ctp,180000,3000000,9435230.612769943,1004.855987,89dade406adfaa34a640ad8c96a8817b8252e4be49ca839a3723be4050d67d85,17361e6023ab2f2f9b7d7b0ec1514de30d17dd10cbab007826555cb9a90bb5ea,d433f9d3ca4a1ee5b86afa3f95a5984dab2bb3c6f8dd19ffdc5c5069282834a3
E3,20260769,ctp,180000,3000000,10272407.274377782,1025.788192,3aa968c8e9426fc3b1ea15a09a42337da8b9aa06a0e9f4c952ddd49e0ec0095b,fc4f8ae19dd88d9e53efd0dc7f1966b4600e0d0b29528b54642796eacf2f0606,47eb2c4e0e5969aeb04401e0127f3b727801078dd795d4d01f68f6616f33bdab
E4,20260769,ctp,180000,3000000,10190811.504149105,1027.413229,7d28905eac7ca295b215f0e08502e7f72033cb7451b33b504e233d4a974859c0,510ba81558837284b57945e8bec969b5f5d2bf416dcde2010099214581d3179a,001cdca99332dfe05bee41ce2f5e05a0260fa6a8d5e6a9cd17007607b1d42204
E5,20260769,ctp,180000,3000000,10563094.604088977,1038.710032,7c0b7727ba54400625e4e8e7e27bca6501256cd6311b7f3dea26d25946bf44c9,681fc1bcb07e29de910216c84c04be39293224648d24141172a6962a609008ff,1fcea81f30f801b4630dfd29ed181a0de994f3f8f772fc2ca6462f2643d37bc1
E6,20260769,ctp,180000,3000000,11255309.91636903,1022.403621,4c0e3e75decc6fadc7c5f8cc302c7bc25dd3aa9ef2b02f2577cd3d8dd864d0ab,01c01a64b754dbe084cb3670b822b4af93063bab20a19386cd8104020da32f42,4645aadedbf7d8fd371f12a1308a5863cb5213b26b860470809cd9e308583121
R1,20260769,smp,180000,3000000,331701.5657354973,1531.993942,0d0cf1d6696e0b428e8129d82ecf1b3ca29d89940f1de2f6df1f224f5f69c248,4dc1d785e74d6051e02efd2a6e3923ad302d24b55f794768eec4e8f3db58cf3b,deab06c5a2f533279cd73eeb61cbbf30db67ecd90f86707d6c623a79f9c27869
R2,20260769,smp,180000,3000000,1528360.5229385858,1753.613444,a8094c5c67ffe0094493f409e061e63477040e00df6cd4e0fcb43181bb20e2c2,2db0c4e0889a5fd08abaddc9be0bd7536509cf84983d332e8243b91ba2bdcfe0,b707b40549686d1edc4991c4f09ba4a31827c4fd33a4ccd621460e709fb04808
R3,20260769,smp,180000,3000000,1544898.327774552,1732.512347,2d6c99974a8f82f0f9a9bad392a1a94c89941cd11c10e98dd967a9afec0dc8dd,5c7272efca7c705b22dba2838b5072c77d1bc2a4fd0611929decbc97a3fbf51f,be717f4bcf0013401c247559651d54fe74b581efe81e58a473fca26385543783
R4,20260769,gcb,180000,3000000,395195.8134728897,1037.778293,ce23d13e6957ce65e2d6d1c95589a18552cf3daf7954c906357328bd34cf273f,5df0f4d7b3906efbce1df659c099c6c043b031c332fa4f677689f29cb7f9693b,6ebea135550e8ca39ea7ffdcc4ac1722f537bef0296230a2a5beaf165a66b737
R5,20260769,ctp,180000,3000000,1495336.2158973464,955.978363,afc09d6f67b65e2b780f01d8074b2f81f9f864475f5f06ebfff4ce6b6158b441,97f1e27a7029e3c8def167bfd3f98730a56a753c24910f523ae7a1cd256649b5,3e0f81246315a7614d5e7ea530961973699b4b0ed02bbec6ff31cbfc19ac3889
R6,20260769,gcb,180000,3000000,469405.7532826383,1035.688802,860bd2027c86d80f4c8cc18e788a901c564a478396eed027cf63d6cbb9b4b1e1,5ec1fde9c9db48af226999381f5b6461f89bb75fd684a06ff58f0d0d57aee722,ffbb8bca2fe70fdf46fca63494738ad38b3506f314c2929b641b4e1f9965e9f7
S1,20260769,smp,180000,3000000,26186.954606815176,1365.19696,d8fc88c7f010590e581246e1ba1236d6034ac2126cc3d0b9337bf9b62e3343d5,ec2e50377a025a94bc4851e5c8453d4ffb252d5fba73e888d5390c339ffec02e,a76092cd1ce70bc662dd488e32af9a391a3c9e8934be4f08f02182f2903f2e2f
S2,20260769,smp,180000,3000000,4331.581944221494,1452.381515,5be77d6f8e4ea526276a0b9ce97c58c763ad2fbcee3ca91e201d58be7d04839f,ac337c56d3bac2f16b484442c754d75a5c346861276831c638240e622eced6cd,5035ef2d0870fc0f2f9c0081c7c8c6a71a53b9f0dcbc298f349c38301ba993f9
S3,20260769,smp,180000,3000000,6736.930852692564,1456.076595,053631065fa27e527de8196dd8edb00d30e6ed61ad84004c9305e79fbac01e5e,81a82b67d9e5ba8db0c15b156d86b5ba24ea93b875bdeab9589e2346047aaf91,6028d36ae5f24ea0d6344dca59fe9c2585c58ba5867f5ac2110aa99374faea9e
S4,20260769,smp,180000,3000000,8293.381332045588,1415.328044,a740d1abf73621fbb563360940ab265b4b098908d4bf89d2f9760c810fa98ec7,55d61e8f659da8f885354e6a948e5fdeed3e99011622f520e6cee5814b5d348e,6ab213829c929062a7603a5c9342d7100225ea9b92ea6f2092cf3461c361b92e
S5,20260769,smp,180000,3000000,9383.097946433461,1431.886896,831fabb2ed6eb03547611ec4ccbdb1a5a3df18c959f4ada7bf65156caf1a84f5,873911c6771daca1c4ea0ee32cbd4f2ea856d2cc958d7c905c86d59d3d888457,c7d1eba17f249f8ac4ad9786fd96f7458172c81f037c7c18242bc1a8a52eaef9
S6,20260769,smp,180000,3000000,9836.085732157675,1360.770675,48791ef1be360acc45609072052308c5a0bb4ac97818cd346768c410c552a355,3f4800c7dc8470601b9ffa8d29b3adfc51f669176341bfccc0c5b5fa7b2f2f0c,5cc102d4d218f18468f6cc0fe7516dd397775e2ce3de7433117cfa7acbf35d9e
