case_id,run_seed,selected_action,selection_reason,phase1_fes,phase2_consumed_fes,terminal_fes,final_error,elapsed_seconds,phase1_checkpoint_hash,receipt_sha256
E1,117,smp,complete_zero_relation_blocks,180000,2820000,3000000,72195.19251439234,1267.47927,7007e3ecdecc81efb6edad1eca521bd06e8cd9bf18fd7fec61db20b4801ac486,7e58d2edfd2a1eab3ada9946b01ee2f48e00d23f5a7c0c17c345fe0922d382a0
E2,117,gcb,complete_connected_relation_graph,180000,2820000,3000000,7917146.394843522,1259.67009,bd8727aebf1c721d5a88a5415627fc54e2a494d0846846e8d67b303a51fa76fe,1740afca5e982b84373fdaf920e6a0c809de96291603ffa432ce938d58583a06
E3,117,gcb,complete_connected_relation_graph,180000,2820000,3000000,16623001.154497024,1296.649791,f00e18942a80c61c2dbf679d23aae2311c7e2e1e207b10bea40bd8affdda9af2,dc59e4d6f79c0c2217db640b1be5f0c109be7bc087eef59af33d18ae500bdf3b
E4,117,gcb,complete_connected_relation_graph,180000,2820000,3000000,34315581.74373955,1327.777892,f908b91edd4b20a40eef153797c0b046af8f7de71e218744096e9d0fb86e2f3e,7ccc7631808d918c18991f705f67446ddf16381635b3248979507f2a27a22170
E5,117,gcb,complete_connected_relation_graph,180000,2820000,3000000,63259818.59559164,1337.697722,14f18bf9b7e5963263d64f0b36010d78f4e1be513c123f1178955ce748c24993,35ac0408a5ed22badd89bd8992046de5a2abc26f42780fa706e287132e2da182
E6,117,gcb,complete_connected_relation_graph,180000,2820000,3000000,119003363.03827333,1397.603597,369d451c0bbfd44c2d83349334f83193e8e562437f1877bb859646e75d45b075,6de6d22e9e3cb864dce2048ef7e510c2f960b73b61d70d748200feaef99dceab
S1,117,smp,complete_zero_relation_blocks,180000,2820000,3000000,4.6048988737968555e-08,1239.718164,7e7e9fe47728a789c6829c8f3c1940865c6f846c787bdcf094692be1905a8270,62fe066e07dc2380a6349c8a9bb6b6f1f51bfc14e64891d643eb1fea12ffaa9a
S2,117,gcb,complete_connected_relation_graph,180000,2820000,3000000,9654.789585047887,1192.356459,3fd6bb3d48a015e2502d6cbaf7da0be1f33a573f7036911e2a03745b1d4e373f,5147324f4adf7e4946cad49f707f73bae94a0c9491e3f8e8b89b5cbfd67422d4
S3,117,gcb,complete_connected_relation_graph,180000,2820000,3000000,6998.285158510466,1211.241493,704d2709df1ecd2ea836ab48b4233e066eaae16ed2717065455736818aba08cc,e3132baefaec81498a193a0750ff30f61b0be21498ccf4c84812f38cc6b48937
S4,117,gcb,complete_connected_relation_graph,180000,2820000,3000000,24109.514787211192,1225.131413,59cf961783b4eb38c7edb26b8814d318b6948cd1fa8407a7e7ec00b11d885cd0,2e3e355ff991d21b213211c52fca66527b096d16a7bd627653b0e5758456022b
S5,117,gcb,complete_connected_relation_graph,180000,2820000,3000000,51432.027470063345,1273.830088,da98958a8d23a79e333a8702950c124efb9230ffec4d2a900369ca79cdbc9c6d,8979896bb9abf0c4f24963e4b8d90422a8ad20249ee678f09d9c959ccabc907b
S6,117,gcb,complete_connected_relation_graph,180000,2820000,3000000,88973.45546437394,1308.253875,4c1c0a1377a2d1dc17cd5b313fba8a32dff0083464f6a8053326b5252bda419f,8bd234fa8fcae943f309dee5d0add45364f155bc5cd14e0495aead48412bfea9
R1,117,smp,complete_zero_relation_blocks,180000,2820000,3000000,181426.61768256154,1200.260845,9bbda93d2e42cb9ab5d3900a928a72359200d7981a9c0ffb570a31c298ab6d7e,fb856e7f9a7650b5663696b56292e1e6c1b4c4a513fc2cf9978ceef74b46e91b
R2,117,gcb,complete_connected_relation_graph,180000,2820000,3000000,210493.839903218,1187.751236,02d8a2d691b7ec74a5fc00eb0050e7ccc6581e193d2409a051783a288ac11a6c,16863d7dd0219e9d4346ee035487dce28c06d6fa637e93f4201fc3bc8b9dea3e
R3,117,gcb,complete_connected_relation_graph,180000,2820000,3000000,255048.5388032888,1234.041358,be90409b3fbdc007a487aba9ee9ac8676c76844f6a5b913bab32e02a23cd7ec2,1600a202de8a9808c5fcbb6ffc6e6d8880323f6632b088c4aff2437b0230ad51
R4,117,gcb,complete_connected_relation_graph,180000,2820000,3000000,273241.3064777297,1225.852358,0032e6571ab03a13f15bd66ab84b06d69073e03f5c4d11ee225d2e8392c96821,bfbff0b53aec004bdfd425cd936f3a1307df471c301717f917be5dd053f94225
R5,117,gcb,complete_connected_relation_graph,180000,2820000,3000000,375603.32909737696,1265.233936,9930fd657c58fe3f2a879cf364f1b115a37cee68f9704fbd154b4cd2e5300aea,84b5221f8719a27cf9f2f0b7b82319f4da349332ca1b7d80cea6eccd8a8cec8b
R6,117,gcb,complete_connected_relation_graph,180000,2820000,3000000,351019.91517908056,1321.511288,66f1e1bb1bd641615b80002621646dc654af4caa857c264e1e2cca6800060a9e,485a9c217ce5815e07f0731fae33c896aaf393e41ce4422dadcdd14e20e145d5
A1,117,ctp,complete_disconnected_relation_cover,180000,2820000,3000000,77738.69579126978,1820.104486,637dd63cfa2f19a1b69c568efcbf351d3089a7a7412d999ee0d9cdd964022270,c0c3bfff47d03b9f10a74e0847c4ec58ec828b017604b01371b91675b437b431
A2,117,gcb,complete_connected_relation_graph,180000,2820000,3000000,78596.34722800886,1266.680133,cc7bb7ec28e1937d070e905eb332b676485a4038e2590c54203359a7129a8cd2,cfe9549904742f37bed81b5dc1e88b8151301c7de180879bfcf7e7cd31fbabac
A3,117,gcb,complete_connected_relation_graph,180000,2820000,3000000,78697.42207495375,1276.224411,3370a68978196f3fe39d726bcbba9de2c782611413ae08d2fc7c84da4b9f6d27,01883a673d11c9532ec3956228763945e9f5767799574d7649446ad0a90d251f
A4,117,ctp,complete_disconnected_relation_cover,180000,2820000,3000000,78851.7666408704,2471.805644,d4bfa66343d844c063610822bdc8e71420a1d1364f512550a08a105ee81ec397,3f577ed9bc1af6f4efca4a13c00585597b369b21437fa81f5af27a4953872bd7
A5,117,gcb,complete_connected_relation_graph,180000,2820000,3000000,79708.38315018515,1400.122999,46db7c266d1a469cca8862c5d4a20a1f3eec503ddf4f5a7500294a148f7e91b7,1a4db72bfa68a34ac264ef1fb3759551ba23879d32e295dc169f907cc1c751bf
A6,117,gcb,complete_connected_relation_graph,180000,2820000,3000000,78711.21959981261,1392.264205,a0d15a7f3d5930ecac7bac3792f545e89319ab430a82b1e387f872a72b6f254b,99fc36cb48091f64917792e1464ec11b164ba5af1c6ab616ec8fb4ab640d8b47
E1,118,smp,complete_zero_relation_blocks,180000,2820000,3000000,993890.496637762,1253.047161,e139c8026ba6527e8322da5f4eff94e5e1eac9e29b9c74b3a8ca46bcc2eee8dc,2b6af678e6977d82daafabf656cee36ebe9feea54dd7c25a591f62f10b158008
E2,118,gcb,complete_connected_relation_graph,180000,2820000,3000000,7303261.194086741,1271.233077,ea209fd3229f42c1641f9c7467d220ef66f8bc6ba192d8ac9638d887ea326dca,dc012e538f25b90467211090dbf614442ef838eafdc677b9eec7a0c1bb5cf999
E3,118,gcb,complete_connected_relation_graph,180000,2820000,3000000,71219161.86733969,1279.317032,193edb3bbfa7fd4f2a6e7c2ac17fbe78d8e0d3aeb45dad0a493eb0127d33e636,3589c6e6646ba6f7e43b6584417ec6a9aa41d9c1d6113e6547c49bf50c2d8984
E4,118,gcb,complete_connected_relation_graph,180000,2820000,3000000,49106383.32987727,1321.279997,20a4d4877ae919798e8beef25d54b3fe565d6147809d406f8bf9987bee31211a,c701f3201aee2f797c72827abfe7b243aff5a54af175f236c691efcce2c49912
E5,118,gcb,complete_connected_relation_graph,180000,2820000,3000000,55759186.57867003,1335.107444,ac3c029a1d80c64cc54b95f5e3a270106494f7196b1ca76f78f4e2171019dc0f,f2da206f0e0536a9edcb43617f4524c4d87c842c30a2dd29f7e48829400f1216
E6,118,gcb,complete_connected_relation_graph,180000,2820000,3000000,138591761.32683662,1380.66128,f89810bdb1c886b01e5e1161bb83e96356e62a0f75e2b54ed9e5ee9d7bc001b2,158150273211bc43e6b74c95c495d98be66beed860cacd06ee7fec55d034093f
S1,118,smp,complete_zero_relation_blocks,180000,2820000,3000000,8.645880143273783e-05,1249.786425,c868591de8652b4a1e616331694e317f676a01a9088e40e7dedcca629d78f4ed,69b922f4b39014aaca6779d9a49a8453bf51225d1b0f7f5c4a7003948818b7b5
S2,118,gcb,complete_connected_relation_graph,180000,2820000,3000000,21492.856855323673,1190.766376,adaea72a809820b60e9c5cf9d6b7033f53cd2c2b73302633b700b8817184ddb7,8a86a791f0ed4c05d0647c8f55bc5920cac9398706a4bed98387f88865b9f173
S3,118,gcb,complete_connected_relation_graph,180000,2820000,3000000,76446.98690389149,1234.339557,867f6ba0346a2153d4f86343f228bd1180d66b026bdb4e687c696e63b90b1c7e,7fc04cfbdf84d50d8f7546d049a728f252ecf2ed7ac4756314c17153e16198d0
S4,118,gcb,complete_connected_relation_graph,180000,2820000,3000000,170334.77015643206,1253.620385,ac626d65c7bd9255a0d262e10782c8f276f30d49c6063c7cead803c86f12ab52,56d514e2d8cdaedb5c173750dd95dd078ed94a5e5a356d040556d04cd42b60f9
S5,118,gcb,complete_connected_relation_graph,180000,2820000,3000000,44433.50319291413,1283.786245,ca15135d41742e7c0be871b273d0d7bdf3ced85a38525ac9b6f583d4c5aff2f3,4100218158d8e6a32119bbf73851b6c038c56c8de72b088a9379f7e574ac0b7b
S6,118,gcb,complete_connected_relation_graph,180000,2820000,3000000,89390.70408176987,1328.279693,51a3100f41b499f5cb442e61dae2286cc60f232516a6dbfb722245859d6072ff,a1a0373a4ac8765958a9a6a0da20fe7cc620587c4f37b601fce962238294d7c1
R1,118,smp,complete_zero_relation_blocks,180000,2820000,3000000,163702.06899108645,1206.749855,64368e0d70991f797945363be596d31164c18c616ad072269911d4f3f44faf5e,560c197a071ddae78ac462de3ba9ec3a62922b007347105c57249b8c84e3d9b3
R2,118,gcb,complete_connected_relation_graph,180000,2820000,3000000,210804.76952517155,1185.945151,5e1e1777b1a2716c2c26c139126fdfac4b81517312e83353d549b9e994e146bc,02cf9f48ed45b666987edc5efdd06cfcd7d9cb6837f40a8a591ff8efb7e5502a
R3,118,gcb,complete_connected_relation_graph,180000,2820000,3000000,272585.02703814505,1191.745577,9256e31b5b68f26a86e0e854a34d53893fb6199d42f780f0c73de82fddf58e9f,00384dede0d8b3e86de549ebcd4524ec709e1ceeff45ee2d6263da3fc4fcc141
R4,118,gcb,complete_connected_relation_graph,180000,2820000,3000000,272288.4454325888,1242.665248,ec21ece1f8dd5c8a74eef61cbdabb9e1c0a29f0a304086b53a7bdd277e907d43,09a33727a2ffb493327e1c496b7f3555a24d10ef604c21cb78f929842926cd65
R5,118,gcb,complete_connected_relation_graph,180000,2820000,3000000,380026.3752796175,1266.541034,7a2e136c48c1319a4a1395b8c0e38f9a86e9c92ce4e60acbb55981cfe9a67ca5,f3607b2ab2a1ba9dfc932d9afc74a90195b5e5d95cc0a09075d28bbf3775bbee
R6,118,gcb,complete_connected_relation_graph,180000,2820000,3000000,452336.1719892639,1285.299287,ee6d5594c9255d1888ac32e840a09bb61a27e472edfb95b1efddda435600efa1,a49a6bc92a930a6b2550d71059185a20fa46a1a58dae094b22e11d2847a9b299
A1,118,ctp,complete_disconnected_relation_cover,180000,2820000,3000000,77770.20385128596,1800.648919,474ed2e407f0c727f26c7a0f9d9d4289194ed5ccaca4524097b03e8eba367155,2bb3caa587ca7750ef1304306fadf9756999b572b35a8555655b753d68968f40
A2,118,gcb,complete_connected_relation_graph,180000,2820000,3000000,78719.8621832058,1262.122861,3824786f98dd0d74409dca505f88503f34d0dbfbae53e07c42e14ed6205ce58c,9d14ac7f653383b0bd0cd46d95cb8c6c8d237f22adb6130c757d01cc5e010193
A3,118,gcb,complete_connected_relation_graph,180000,2820000,3000000,78972.4655755002,1270.537845,7d1591029a90f426a6ab7ff00fe920059f3af4d3081606a0cdc7d0c000629026,0167ad887cb5ead4f12e6f7c9fa5505eb9c85d18f9aadc8296dddd92cf0bb7b1
A4,118,ctp,complete_disconnected_relation_cover,180000,2820000,3000000,78944.32258340837,2394.377088,01e1d75b0b63d8f94dfadbee6f356c223f45134c75a9f5803453e050d3d238cc,635621edd651cdf61a9924d63c69bad2d3113a5fafd283d7a3c0c320aed6869b
A5,118,gcb,complete_connected_relation_graph,180000,2820000,3000000,78924.65631685464,1360.560215,50bf117251a1a457b5fda6335e9b2b6e680c4a9866e5f339dbe92b02dcdb478d,ec09e621c6b85f570dc3c471733e202b58fda98c06b6bf787ee6a460654c795f
A6,118,ctp,complete_disconnected_relation_cover,180000,2820000,3000000,78923.7243800034,2488.514359,f782f30a6d00910bb46d7b737a31625645bbddeaf933766b46a608c8a253d151,15e0622df9b454e821907cf462a1c3d4f27f94a9fb643e78dd75d84dcae27c42
E1,119,smp,complete_zero_relation_blocks,180000,2820000,3000000,340044.6402329883,1302.00901,81aa34b372ce6c20b8a824103a1a605865098dcb9c48bd21440bd487097c2e2f,4356071420cc16a7b07a9663f5ebea39579ab6c88ef409d34ebec53e5455af85
E2,119,gcb,complete_connected_relation_graph,180000,2820000,3000000,10345553.639911648,1280.331481,1ff82a02f66432fbe5761e0e1a111ab64153ea281d60a6caa54efe9716d8236c,ed1992f0c40aa77e8dfe896e418847c1a8dacbf5d62fe652081488668ec0ce0b
E3,119,gcb,complete_connected_relation_graph,180000,2820000,3000000,39085975.33552836,1315.046172,308fd2c3fe09097ad70aecac095e0c199dbe3a8fe3cd42ce2d702c32b22030a3,77bbaab5d91fa713ce51596b63a4c98a13864b92698d40e60448e6ffd7c61067
E4,119,gcb,complete_connected_relation_graph,180000,2820000,3000000,20283540.96578474,1342.734521,c398f8a7ec5766f691409993b8b4b00b853640e09e9a77b1da99a56318596661,4007d920941a436983ffb4d666b86a66a43ff8536e1c974804803e3a0203aefb
E5,119,gcb,complete_connected_relation_graph,180000,2820000,3000000,41958586.04017689,1359.965652,e87e9d8014bf259f2f7293b9886b05a304835a0edd7d311adc6a2669fa3019ba,af1c850efcde41f0e196dad56ed5085cd571c5a60225c94c4ad2c0f1cf0489bf
E6,119,gcb,complete_connected_relation_graph,180000,2820000,3000000,55365749.81717433,1461.006477,fb4f18f0b6ebe836453fccc5b8fa96c9e2a2c387dcf23300ed71445df26d66bb,c21335fddf02a49918504354b2ba241b2f1aea8c939e719031bd98769dd4bc6e
S1,119,smp,complete_zero_relation_blocks,180000,2820000,3000000,8.469192014505249e-07,1277.127347,ec2e328035a09b05f687da23be0a7cd19ef6594c046eb739179c7ff42786b6ff,0d075003920368adf74b0f0892e5e1ff63d9275e086c4c92b0608606a5d5b3c2
S2,119,gcb,complete_connected_relation_graph,180000,2820000,3000000,23146.606132215802,1219.022195,307a410f1b248bcaf81d0b5ff0c254e05d05ad876ecff9763a82c061215b76c1,40476a66df34b783afa6cee92e02b2da4082fa93acb16a58e24164fa4e108d24
S3,119,gcb,complete_connected_relation_graph,180000,2820000,3000000,15402.364997111818,1259.54894,fa178f60cf3a124bf3d7d3d75d545251402bc9fe10e921cfb208715570c93708,54bb66136967ff6475b8c809821fd4f6053671b3619d38579bdc2d0ee200df5c
S4,119,gcb,complete_connected_relation_graph,180000,2820000,3000000,28194.26102535015,1270.782741,144d1cd04b6fc59e256d8f9e755d26f6dfebdd6dd5bd8ece3d0ff69a1403594b,9d0cf3902626a860b82a1fa7d2747a4678494ce1b5ec170000c3238efee3763a
S5,119,gcb,complete_connected_relation_graph,180000,2820000,3000000,22186.347792691606,1305.61971,c38629af03d5ee7ef26d3b7c21ecd382094cc02bef587d3ade38c83b40779a93,7eec52194999d2bbaa467b4218e6346ad8f561288c35979e7529425bbaad2b16
S6,119,gcb,complete_connected_relation_graph,180000,2820000,3000000,42645.75443992466,1401.46884,408a68954eb81f02e3eb672fc671d3ec814f46f10b61e46796aa630abc2c1154,2dbbd1e80ef6d4d526c503c23bd447a702807bbcd12ab6b535f17941d24209fe
R1,119,smp,complete_zero_relation_blocks,180000,2820000,3000000,132339.71491139193,1239.842923,657ccdd14266fbff81f63a612648ad499ff0de1a80fca6211ad40fc725c103a6,7ebc7ba7db990b921f8413a1700931eda4c1c0ac59ac481bcbc0b25c04032fe0
R2,119,gcb,complete_connected_relation_graph,180000,2820000,3000000,208070.81611579782,1259.38863,b874cdf052771dad8982aa564284f263b012d87f7e32aa9b85256a4a980f0571,1b8888fd5bed171c5f53367b5b9ac0a1e4bbbab5463d63344e56abdd87b5844a
R3,119,gcb,complete_connected_relation_graph,180000,2820000,3000000,211031.53820040662,1262.485842,0d277db2582327e3f301a17ae29a5cc77f3c761d7210e6f9e01ffebc4f1798f6,b8e488e30b798904e67a3371869e134dadfe14072b86a4700a0192b70b1aa1d5
R4,119,gcb,complete_connected_relation_graph,180000,2820000,3000000,287359.6269155252,1300.32009,f5c6c5eebeac09b845f68bc34eec7ff77fbfae5aabd57ba1913fb0726f018ab1,d62c0b93d4af5b8accee45a83ef2b1b203da83e952a4c4ce5ea10ad2bdc6a04d
R5,119,gcb,complete_connected_relation_graph,180000,2820000,3000000,340105.26584850193,1307.0756,50f126408f0a3333f072790bbec34a0ceca56c2a9fcc84c3d73a8f1c8c5bc945,8371be1558bfe40043dfe2a7433563d960b3df71751acf2873ce64ab6ba0961e
R6,119,gcb,complete_connected_relation_graph,180000,2820000,3000000,284294.37061763176,1362.540306,69c2375da6d83adeab3a4d2349af7b85aff374ee25bc358e3440629d90481fb5,be3512999e6cd733be9a47129b0e57c9ae895cea301965a6f840e0f26dfe45d0
A1,119,ctp,complete_disconnected_relation_cover,180000,2820000,3000000,78128.37665274297,1869.388014,3e4ac003a74913dddb252f9f296969c4c791842f7de94e8679e996fe6b79c636,d5be8ee7b9382195fe72b2ae26c873d99457219862b85f1eca64546de68d29af
A2,119,gcb,complete_connected_relation_graph,180000,2820000,3000000,78920.82642885006,1283.986082,1890eee2d7996a96c52b8d20686456f24cd90c299ead2bee05a8552b437b430f,446b747543e2be30e6ecdd0d70b592568c41d2438737cc94f0ac8894ca7df217
A3,119,gcb,complete_connected_relation_graph,180000,2820000,3000000,78832.02731779226,1293.184967,5552fe00d4973ce5052c1acfa019f5bdcda06a3fe637f8dc6c814a62fff83c2b,efb9f640ba009e47cc465c6f01d15478dd294cbbbbfeb62338b26437936ddadf
A4,119,gcb,complete_connected_relation_graph,180000,2820000,3000000,78803.15114528981,1324.719883,35f9b05d083fc09693d84400f5149a6d2053f0b935edb1e4cd33436e9171c24e,218e51845ee0f359756a271282023979fea0834940c722a1a004f94f1bec198e
A5,119,gcb,complete_connected_relation_graph,180000,2820000,3000000,78559.60113129123,1343.408745,7102cf227641313aef5246f84218ea086c098d84aec55b4dbf1018328be0f7dd,5ce345ec9c568334f1dc66d34c97577ac9a139b11f14f6ab071bfffccd458fc9
A6,119,gcb,complete_connected_relation_graph,180000,2820000,3000000,79146.5678396503,1423.123831,58d544404bd0f3238153f7040b38e93d26332a710cbe115a0ac72b877d4e85c1,f9741c1b55a29894b684b58436050183c63524df93e3e92bb4824f7fe8c4b5ee
E1,120,smp,complete_zero_relation_blocks,180000,2820000,3000000,205001.52312939244,1293.859069,b7c6392990a58619fea96f7478fce9ce4e4b5ef17f731bc238bb143cc2247ed4,5cb94ef44f627c1a5a71d61ebf18c12cf908541e63d8def5076b361cb8bb7d2e
E2,120,gcb,complete_connected_relation_graph,180000,2820000,3000000,14153940.535530057,1290.845796,1d209fb7d14d00b85e05164e9f70b71034c40d44263604e3806b3d35fcddaf37,40329c0f4b8cb189683e4943bddcb4a3a4425d2881fa625542ec049e21cc732f
E3,120,gcb,complete_connected_relation_graph,180000,2820000,3000000,34989211.080623984,1308.332816,cff7d3144b8f6d50ad9632f8cf6e04fbaf5757ce08adc263ee384524ab46d9cc,c0440428165ef72cafd8a1b761294803dcff9ff83097df2d9cf047e7c54bb4a9
E4,120,gcb,complete_connected_relation_graph,180000,2820000,3000000,49436312.69820576,1316.736934,4a95c8f1a36691aaa3a0d355f193b113be5ec76e0c44422a095526ae58d52861,6a98da7078688380d6c3a833ecff51cb0559ff006fd3147490a5415f919fa701
E5,120,gcb,complete_connected_relation_graph,180000,2820000,3000000,45390946.47484487,1339.622418,460112bc07de414b4d53ba900148a5b4a12309d05aafd6fd99ebf7c4b57e6d9e,a3d5a2f2d352b39ef94e143fc5ca9feeffe0b6e1cd33b3959835b77cdcdac7d1
E6,120,gcb,complete_connected_relation_graph,180000,2820000,3000000,122501310.16372551,1396.666628,2e3542d74463c31bfb65bb55480f9c59fe5ab76cd489a373ce8bb9f5a1b1a4da,113d83925a9c311e9169f6a00ac287dddc1899febe21a3b08159bce854192854
S1,120,smp,complete_zero_relation_blocks,180000,2820000,3000000,6.124078359823964e-09,1255.884799,15fe499624c3e8dee530285f1952077c19cd258ff01c0ba037f2e5671c23469f,3eb4de916541800d816c867042326f00b51716d3e2fe21f69eb443a90000184c
S2,120,gcb,complete_connected_relation_graph,180000,2820000,3000000,223147.8485474836,1208.347546,aab6faa60ace62be0049db8e82886bdfabc6ae0daa65201be8f5249a573cef63,cff4176203f8aaf847a746ebb54f84c29e1d35a8ffa6eaf04cf80cb9b4319537
S3,120,gcb,complete_connected_relation_graph,180000,2820000,3000000,25564.55358486821,1253.671422,3fc3085bf35c1084066b7366c4a26819bc1fec2a8c4c1668e6a42cda1737b4c8,78d909cc6223f82dabf31c01a468078cb30b76995eee0cadb918d93dd9167312
S4,120,gcb,complete_connected_relation_graph,180000,2820000,3000000,98812.46513443853,1246.257781,57005bfee4fc4f64851ba58842039963dd73b99d390a932d29204ab5471dac93,d3fc0c23bb88d407f2136c62d6bae03eb6b984c8f0be0fa306ed71f29825f3fb
S5,120,gcb,complete_connected_relation_graph,180000,2820000,3000000,210541.17644364544,1294.535499,45458647c1bf70cf46bb1278d2cadb3c9b67742a81c7c6b89a0989af5ef52a66,9031af7b09aff7e8d4166235ed4a6984e9dd26ba74cc3c6abcfbffed2abda895
S6,120,gcb,complete_connected_relation_graph,180000,2820000,3000000,114682.172202543,1374.995839,a2ed9c174af450584b40cfbc6802687d8bfe5c8f5c7a5361506ee8329889c094,0f76ec17c5c77a21a931245602e59b5c1fb08b5e2681158375ba9ddedcdd4d64
R1,120,smp,complete_zero_relation_blocks,180000,2820000,3000000,149303.57259590868,1264.320042,7b88df76b4f4efffa86e9024b61e5e8d02217ee5f48a72b01bf44b1f2d8faffc,7c65bb157cc7eeaaf9b2aa45bcfde3da3bb23738c6a1314fc8ff3f73beb1373b
R2,120,gcb,complete_connected_relation_graph,180000,2820000,3000000,165909.26286811227,1230.443493,c28347c956f9b607dc9046040d41942d6e0b861242d8eecda3b55757d584f6e5,b58f52283216f1e6cc1b159fe47093c723cc02c810324a3c8fdb199eb6f45e6b
R3,120,gcb,complete_connected_relation_graph,180000,2820000,3000000,298316.55336224445,1215.084763,0821290cda001e163839da0bea270b7db3504273ef20a6d567c47be9871149d6,fdd6447c47694515ef8d2384a7e1c1d29426293e3ba18c92df0aee4299709853
R4,120,gcb,complete_connected_relation_graph,180000,2820000,3000000,448139.51435787097,1254.404835,22fbca661a225f1f12f9a77bb0d78fdb6f023b0909e72c665c0235cb70d80f28,c7f498d9071a818755791a27d9c842b201cf867563f488b9a99acc9a4d9ce3a8
R5,120,gcb,complete_connected_relation_graph,180000,2820000,3000000,330545.54059306404,1286.060082,b9a05063a5df60716b749a3d08009e7ba174f0292926397019902301885f27c3,ba37d78f3a338d484f23ae032ac80908e7b39b66abd48f00103c67e2c3f59bf7
R6,120,gcb,complete_connected_relation_graph,180000,2820000,3000000,560076.9859528809,1326.153123,6296f077ccc7c443dd716f14f6b49092dc394e22b70dbfacc1769137a33a6f92,e5e0100ed4afedf3540234f20d7b55e1b3d053edffb5053835cb7a5a74bc59f8
A1,120,ctp,complete_disconnected_relation_cover,180000,2820000,3000000,77734.77853042238,1718.454856,6eb77ded66ba391a14dca45cb32152428580bbc03b60a5e1126762fc1f22f687,2c8544fdfb8ae6e78fbc5b91daf5498055316373fb124458f5d315f7c6039a88
A2,120,gcb,complete_connected_relation_graph,180000,2820000,3000000,78427.70850143622,1246.683406,0b2cf3737dfea026ed42859c6d03c066407637ed70c1fca33513d51acf033331,28b4eb6d507a3bad09cd3af02051b9c87263453243e7da0fdcc94c579d06539b
A3,120,gcb,complete_connected_relation_graph,180000,2820000,3000000,78443.44898616232,1226.677911,596d3901ca112afd6133cf45840b1b7e27186b4576fe2e40e138bb2eaed88042,4d4c0dcfa8b4000a49b8f18d484f7a0f2fcb03f086708ca5b1752d8013baa172
A4,120,gcb,complete_connected_relation_graph,180000,2820000,3000000,78570.85890489693,1287.613095,7d453eb1ab76d29adde8367735793f3231a89df2208d119c98cc3b85ea320ebd,de06e60b5c3b60a155763c229edb704112810aeade53f1002f71eeeed2e30d56
A5,120,ctp,complete_disconnected_relation_cover,180000,2820000,3000000,78435.71593308123,2383.492556,5c5fb9c908ffdef567c7626fe1da4bd821de2e8d4db6d081d2c64f7a5ef201e1,76186b78bdd8c900cf25bdd34c4206e8076a70b53e691ca1ece6691706741a34
A6,120,ctp,complete_disconnected_relation_cover,180000,2820000,3000000,78450.24500953799,2600.311386,428eea5f9b8b64e1a53e005203177d85e92c5e6e87cb02c997e55dd04e88c5f6,62e72981c609d5608d57d65662df0df3cdddfb8840fe8ac3b3184f0dbeba9903
E1,121,smp,complete_zero_relation_blocks,180000,2820000,3000000,768822.062911641,1264.73994,b22ff9d3aaf5302e3642fa92317175897aa5bcf333fe9e86a7ac0c4707245c8e,39d8a2ab05af083452ca2c6b8d5af17334e54e573651d9b9a1f0ca1d52101f1b
E2,121,gcb,complete_connected_relation_graph,180000,2820000,3000000,11078608.48570035,1221.522127,fb82387f93b220d8591812c69c682892eb27d545a9e75f0c006bafe7fde65091,71a0490ed908fd4e949e9e9d439d95b7352681d1a1bcaeb8943e04ac1113e610
E3,121,gcb,complete_connected_relation_graph,180000,2820000,3000000,32190548.69801721,1257.955572,ab64a32ada8113c40fc974342b811868a9d27b92d14f3619397c5ad4d1785db0,e5fe1e425a3ad04cc46acc822e3cc099206c5cb214eaa9023ab6091ed97fad1c
E4,121,gcb,complete_connected_relation_graph,180000,2820000,3000000,42596358.546703614,1321.450833,a174ca3a0c4b3df587f17fc41a44ce000575ab98d45ddd292d75c57230688a2b,b9979d834f2524ed06ba6575f4cee8be94e99dd12296c64807cf83b0815ba69f
E5,121,gcb,complete_connected_relation_graph,180000,2820000,3000000,50186763.36081109,1314.055914,b193959953ae14cc99db29b8ddf3c55e310c7ae2c17de66815f8a3bd43e44a7b,b29b8686c37dfea0a4995ac0a1158c59821b4810249553f0407dd1b9c33ae2e3
E6,121,gcb,complete_connected_relation_graph,180000,2820000,3000000,61772518.77855046,1359.771827,d0fecbf2b10c673a8b4857e70e601f84071d434db1700392bc9419803194afbf,b6b704d6d41eaf02662e23ce40a4c382462a71a3bbc79a470d81b545cc153301
S1,121,smp,complete_zero_relation_blocks,180000,2820000,3000000,4.232803560572122e-10,1207.509524,2dfc6c40247bd2ee5e474ea1b8db4b95204e4a7c2c9a29e9ec46be63ab9c6830,6b7083815ae766c1104d192aaba9d9591c5f9ce3fcf7490fa3634ff23988dc3d
S2,121,gcb,complete_connected_relation_graph,180000,2820000,3000000,13809.69795041131,1123.339439,0a751daab5807f9652b31c34a8ca42c799a8edd4b34fa4238498fe8a695e3ae0,8f4fbe19005a8c69e3209377b99bfd343f0e26be6bfb5b6abac38bcc04329437
S3,121,gcb,complete_connected_relation_graph,180000,2820000,3000000,10936.785823343995,1178.368756,5c3e1fd156f0694cd3d9cb9ec54d60f37448fb110d672c30279a223c8a60796a,ac8563ca5b09d23d429d961af9e729b399b4ab1fadcaa9848bd5c225d986cfd3
S4,121,gcb,complete_connected_relation_graph,180000,2820000,3000000,16302.607595063595,1219.946841,652c7bb2245d431dcfdea7180b3d106469972b28f7e3eaf10667009b90ad2802,a836d364ea9bc68196280e6b6552731d03b992e03740808c666bbe51ea58314a
S5,121,gcb,complete_connected_relation_graph,180000,2820000,3000000,21885.302588710987,1256.390845,ada3ed5e58a94431971eca77b64b77ec0689c5002cace950685fe96de4623f18,5af4ad80fd77c7b90755f06c6c0dac4ab6adc59d0fca389802dfdbbe40f7068f
S6,121,gcb,complete_connected_relation_graph,180000,2820000,3000000,82218.65520724999,1299.170768,134dae9068f03d43b6a15d9ffdb001b6297da8f191fbc21fffc91244a778c973,b19873225cfc2a9784c5333e4d766484380ef837837a553b7602eaccbe341b94
R1,121,smp,complete_zero_relation_blocks,180000,2820000,3000000,141609.58307452238,1186.598795,a255e8bbaed833b69633d9407bc7ba0460a57f85b23375e7266e5d2886bd468a,f5641fd664af0c7f44977c69f589da8a284222791aeb18f9cef45e78b84e60c6
R2,121,gcb,complete_connected_relation_graph,180000,2820000,3000000,194312.46539416796,1175.603453,81de485dd5c85ed018afc3ecb9b414ebadb1f6dee59bc25810c2eec7fbb87edd,bfefc08f5a8904553b81876c6a5c53b7d00774539a0463daea8ef70bb2d151f4
R3,121,gcb,complete_connected_relation_graph,180000,2820000,3000000,243369.609783823,1178.341494,a673a87e494be73d651007e40776585df95dea941c812c1d7add999bd195e6f3,3dc0504aa897927627a20698298ca1de69ba8bef16a4d1452d14f0526651d64f
R4,121,gcb,complete_connected_relation_graph,180000,2820000,3000000,235305.51764119478,1224.629916,242eff0f7b14c13f6f39f966e25902637867920cc4838787a1fdf0b46b82afdb,566dfb117928be4e514e699296ee0bdb859f78d965a9bd9d99f1c3735039e880
R5,121,gcb,complete_connected_relation_graph,180000,2820000,3000000,284368.3513073178,1257.966908,45b320191c3cc47041d4e3605de9f4c01980e1136679ec0a5553202bb34e5baf,37d27548dc90d3d0da3b5bd288417e68877ba36037f8ff18b241b2985cd1ef79
R6,121,gcb,complete_connected_relation_graph,180000,2820000,3000000,199892.94521433112,1287.633165,4ea63289988f7a4af8d4cf84d5e1314e5fa07eacb2b62081e45c13cc91a2ea15,c6116eb0b7b54bdda8096060e10dae3796bc6a896baf9ad1e5ea60cc45b7d85e
A1,121,ctp,complete_disconnected_relation_cover,180000,2820000,3000000,77822.04552277923,1694.722753,9d06d39cfb49dbdc5202286178867ed8669cad52978eb9db55607b0808c8e0b5,69e7030d29fb5427ef1ee1b7a0e17a4df0e8eb38fc819628bb502792d45962c8
A2,121,gcb,complete_connected_relation_graph,180000,2820000,3000000,78202.80346992143,1225.730342,9cc3ee5182241183ea2b780386d26b530229859495680748da0f6bd36e137173,ba84d2d9f2f531f19f692be4ada8ca6f90eebbcf25e3ac32c60afd66ce770f4b
A3,121,gcb,complete_connected_relation_graph,180000,2820000,3000000,78332.54716884677,1231.458845,d70bbeaeabc17213b8ac6fa56267f1b3d10997fbd914ae9527babc79cb70ddb4,9ba38e100a19bbad6cb0a0fff0d7546801dd4e169cbfb841ab221c630bc853a7
A4,121,gcb,complete_connected_relation_graph,180000,2820000,3000000,78569.7651475862,1300.792772,5c83922a160d4eb93df4fdd782084eea260f5d5a8580abf8a1d508bc0c9a5f6e,2163628b4e33aafb0ea2bdd3e8d512cc8bc81c7504c58612ed4ba8501dc6d33a
A5,121,gcb,complete_connected_relation_graph,180000,2820000,3000000,78275.86950751909,1320.906696,06698c9acaf3edc2db74c0217ab3b0bd0cd5001484c67b65e26111be19dacd02,681f1c97b7083131b236f44455341c4b185e974846152f9efd7991c67894597d
A6,121,ctp,complete_disconnected_relation_cover,180000,2820000,3000000,79025.3452846144,2434.94945,c3c3db6d1b9bfbb67f491efc1190ea52afec26e905a4a74399e9237a4080790b,8414808bd0926f2eac68d4d98edba6058b071a0a21653767a2bce08e3eae196f
E1,122,smp,complete_zero_relation_blocks,180000,2820000,3000000,1562166.341324213,1224.52578,1ecd2139c3066778d6780274865568792d8db5cbf1036dd04627aaaab9628a8f,0de65e1f23be93fa791e4d83b7554e46e887933427ee7adb39f4ec560da9a025
E2,122,gcb,complete_connected_relation_graph,180000,2820000,3000000,28580577.852823816,1231.481152,2d46f65f7bdbc193592cb9ff0e480de38bd1bc0ddb8817641633e8e76dc93455,17107cf86fc4a87fa05366bb0a8c8051d7144f759f071ce10fdebf686e5aa6d1
E3,122,gcb,complete_connected_relation_graph,180000,2820000,3000000,48729260.969970435,1264.701451,7e1983850e7f51a30297ca01027a644775c0f67e7729e03fed4996a056d1540b,1b9470f562d8215446e888bdf4bac94a5c8488762032ee9d252602ac33db942c
E4,122,gcb,complete_connected_relation_graph,180000,2820000,3000000,32725226.27949786,1281.667686,ce27659adac7067cf629caa845f871441206ab9a64886c944581c46c39e8e3b0,43f27700bedad25f81652fcd076c54d5decbd1c7a44b7f4cabb0b07402d42034
E5,122,gcb,complete_connected_relation_graph,180000,2820000,3000000,64106129.30603356,1315.02895,027694fc279b0912f3ea57ed3dfbb61cfd08df0922e3e152b5221e3a501fe384,ec869a478a166503b9bc577d7fea624f25b784e0da2317bfd9be6675240aa059
E6,122,gcb,complete_connected_relation_graph,180000,2820000,3000000,54735524.899533,1333.250406,68facf5e992eee771b48e5826e91a7fef1b79895f4bf53c08597eae4579f5c97,927b3d9be811ef23c807172d48847e63df2fb30d4251f773bba62119e852c830
S1,122,smp,complete_zero_relation_blocks,180000,2820000,3000000,1.5714569573286663e-08,1219.765859,59f65e41a4d87959fe3d0210a7da4f7befe43399ac22274c05e429669ca019f6,e68b2b80513845c632d3a02fcafbd9bbb327b0f4ce52444c2585152ef2ff6ffd
S2,122,gcb,complete_connected_relation_graph,180000,2820000,3000000,64477.28755694039,1157.52715,46aac726c9abed39ae2c37e13db312c69181660d781ad6d34dea2cb72f705062,6384fe017b6acc5fc3705296c0d38d1a8aeb0587968c29b861e8222ab6388ddd
S3,122,gcb,complete_connected_relation_graph,180000,2820000,3000000,52233.2951809674,1177.038652,4a3d32252dc8cf2d14a3dd5be20b9b539c79d512a7c1347807f9cfbc95f99464,d0248e65ec9fcd743a36052fa87053e62e0f88c04d7bed738b1db623c3555fba
S4,122,gcb,complete_connected_relation_graph,180000,2820000,3000000,52797.59091158304,1199.890945,729ce51ed3871783441d97482d9a4580596a0a555f2e0ac30c10af1f67691672,163c28b228b19cdd8be65b46b0e3edbea3a48b6467b6879182cf2a5d3e70b79e
S5,122,gcb,complete_connected_relation_graph,180000,2820000,3000000,45082.37878024648,1204.104779,5d86817f80b0ed1025efeaee5a581a1d402a2dcb267a776b887a38038725e1fe,ebc31b11b755a3777bb7e8ae78285ad2d2af3303b82801758ff1a91b18b8e210
S6,122,gcb,complete_connected_relation_graph,180000,2820000,3000000,93920.74583347609,1293.939913,deaa2b17645f80c6a9a6906847e57e0990924c58cae3fbd0c6582c8971703b40,702fa81588aea89c34f989b86bf7e22f6c4d95d3321bdd795362a18dfe5e93e3
R1,122,smp,complete_zero_relation_blocks,180000,2820000,3000000,171887.6423983769,1194.188201,1516d011bb99d4df16339575e37509941e4d85cbf883ff0a3beaaf1267fec370,101f7157763b4769c04cd0d7e79e5d3a5b86bf6a088b61850db96f00a02804fa
R2,122,gcb,complete_connected_relation_graph,180000,2820000,3000000,175985.54058381944,1153.959645,0885ee649219dab793ebb8ea6538abc698774878097f9141ce847b672ae97fa0,38f7e3960900c13046c5ce371df29538b847fdc8bbdd7b8cc7e2facfd2e3415c
R3,122,gcb,complete_connected_relation_graph,180000,2820000,3000000,278431.8644456414,1196.158174,6600ad03d50602eb91c50883b91e0dbc2752c648f6242fb846181cb19219298e,e89b979add8bf6346ae6ca3879f137aed5fd12a0299bf76fbd16439173ebc19f
R4,122,gcb,complete_connected_relation_graph,180000,2820000,3000000,236112.08116849855,1233.702415,f6fe331d051145afa20fea93135270d888095cf9aa302ec3704b1fa7b7a445b7,51b5640b4238bf98dec7526c2d05b8a8d5f71bc38fa13c938829fbc0af6dab84
R5,122,gcb,complete_connected_relation_graph,180000,2820000,3000000,228949.76062026268,1268.973641,6c1a814f510d53a9c25fc2597b191caa8a6508ecf2f2d92d85061caede70ce75,d2a890182d74750a8961312e6860c6da73c800be600b5ec63eaa45bd7c947c85
R6,122,gcb,complete_connected_relation_graph,180000,2820000,3000000,445914.68466303305,1293.86854,9f3b3441fb7a1945ed3ef40e604d1e7793e989bfa22e5ee126cf6ef3870c86cd,7797c3d3f0bd6d542e3aaab646b8d788903f8b4f10b1671d98a0618d88bc828d
A1,122,ctp,complete_disconnected_relation_cover,180000,2820000,3000000,77863.55917681205,1799.392593,adf27f12e803f5b95d400e1076da8a9c6c1f2bcedcbd98da33c9fe36094d9c39,bb07a3ee90718ebb4318486a9de564f997fe65481bc260ee036b015780e56b3d
A2,122,gcb,complete_connected_relation_graph,180000,2820000,3000000,78425.9035069324,1223.18202,70d661598803a7074431c7785f02db5514aa6d7e29c5269d6faa3330235f6aa3,5c04f3349179309e700c387e695568d54e0941bf52a62109ac632469247880f9
A3,122,gcb,complete_connected_relation_graph,180000,2820000,3000000,78424.19633724308,1221.838339,0efd329a0a29e9c761c92172475d67d3c3a36edfcc96bfcc52cfbd252bd89d5a,8b5bc121c3ade240e89b813739303040fad9a14b9b763d7c030a478378810bf6
A4,122,gcb,complete_connected_relation_graph,180000,2820000,3000000,78464.29965518798,1279.174737,d8b4aed46865bab1003e8e1ea2ce6dbec6bfb72d57682d5e3a5cba25c5851bfc,ead1afb7f008d3a6055ad23d262881acddafc1491f15801c9917246767b03cbc
A5,122,ctp,complete_disconnected_relation_cover,180000,2820000,3000000,78116.23477644702,2425.856679,e6da9ab4c5e6149b162b0428eb945c8c80dbce43847237ffad51c8f9a196c2b2,787568d6cdc72ae6d5e9957cdcc02b376afeaec3b8578a42526f04a5541cbf12
A6,122,ctp,complete_disconnected_relation_cover,180000,2820000,3000000,78796.51506827242,2459.103214,c8cc0c6efed1392057b34aa49486d06582763c634aec48bfbda565da08e75dfc,ee7e0c3847cbbdb6d5bf7883682d75391bbf366eb6cc91613c8b5bb27f2fd1a7
E1,123,smp,complete_zero_relation_blocks,180000,2820000,3000000,158904.2550411282,1217.44442,d25a4459a43967d5d41c38830a7aeb05f7549275529db6d3943f4303eeb4d7f7,b03fe4768bed7b704bb7ac94939194dbf47000dab181007df76eeda62118219d
E2,123,gcb,complete_connected_relation_graph,180000,2820000,3000000,16697842.22916554,1235.339544,5babb9f6d4a9a94ce8ac44bd43332857d35b1956953d4bfa64f7bcd28c060cc9,d84cf21c5b2dc5dfe96258deb2436c91a7632f5031bd283cd64fa52914c40e88
E3,123,gcb,complete_connected_relation_graph,180000,2820000,3000000,35124256.78157653,1240.041086,5618c300c0b4ecac734066d8a60b6cadc3a1c1e41f155f43a1d36e26f8b687f0,e086cb8bae45c38911c7448ca3cd115a574f520172f77b7bed8e1c4eecdd3888
E4,123,gcb,complete_connected_relation_graph,180000,2820000,3000000,70594892.43722998,1264.922416,0566e3de1fb3328b1139d232a6d99812573a762cd304a2cc3a5a4bee02f22ef4,6d8e56b07c54f087ada91ce63da14311555d2d244644fdeb32603c97fd26d1c8
E5,123,gcb,complete_connected_relation_graph,180000,2820000,3000000,75040037.00935236,1293.24141,5f93dd8221aa35df909dc94fdb75447a3cdba04ab116bfbbb27a68ab3926a950,a62c51874d48b290ffb0b9baccc1b76bedff295cfe17a405a2bad2028e9f1c84
E6,123,gcb,complete_connected_relation_graph,180000,2820000,3000000,118190164.04099809,1334.787011,f420837789319ad2326b0371bc226d3c0ce282248f62b6c2ee4fca90dbf8cd8a,6ed7b2e707658f511192a0949737240c16939614d9c4b4d117022a3d155e49df
S1,123,smp,complete_zero_relation_blocks,180000,2820000,3000000,1.8511096079937026e-13,1219.395651,028f177ded6e34d13792700ea26f405c7acc6b23b39024bdca1ae7d0df938e37,1cfdab8170e99361ee5ee1d6370d391a6fdce83c881c672aae4d1264c6488740
S2,123,gcb,complete_connected_relation_graph,180000,2820000,3000000,32197.494981429176,1136.97537,2346c85889a1163c4a920e040796c8030830cdd0516a7ed33f6333ce5430aefa,a2eead3400a2b6a8ff02bbc45c1e18fc2b2b35eaedb74197878ad42104449674
S3,123,gcb,complete_connected_relation_graph,180000,2820000,3000000,164769.15472270374,1172.79952,e4b52a70d346b316d49d3b7b9d3272216b4ad614b4ad7845d41fbb7935b0e2db,2abfe1a6c937330588dc80f4bc59b76b9c01363e968701a2960052f83fc9f84b
S4,123,gcb,complete_connected_relation_graph,180000,2820000,3000000,109862.18294299452,1182.381455,97b978acc9c88d95d967f1e9e75dae81d4ae33c2dc8c3e2f206ff24c3a7d1fbb,e4c246ab87552974a34086538556294a712750b0dca2d784c514571a389136cd
S5,123,gcb,complete_connected_relation_graph,180000,2820000,3000000,87967.16454401301,1226.783229,474f2da7ada75971c09f836129a4ced037325806bc7289a660d2ba61c95e6719,78ccade19821fc944e6ef2b7a7f0ce2b69402e2d6f92cd95518fd1ca5c192775
S6,123,gcb,complete_connected_relation_graph,180000,2820000,3000000,60301.64020012291,1260.338369,a7467786967b277266a6f12b04f68f407dceb14270c026b7a9882cb8d881ea65,9f4270f85c8025481ec081682832110f85da1f50224eb7ce891f855e2a1eea7c
R1,123,smp,complete_zero_relation_blocks,180000,2820000,3000000,174902.31049772963,1151.964835,51e90b19b7cc0a6236ad7122b904b3290ea8b211d33f846be3d87fc06de3c2da,fa60c559af86d40f1415a4c4daa3a5b48d3c2c613e06db6ff74293ea6c91dbd6
R2,123,gcb,complete_connected_relation_graph,180000,2820000,3000000,186573.50255848328,1133.083609,6ddb74fd69b4a1ff9d43e471f9bdf0570fb2ff811f6401a95e39b1a7c449190a,fc16374c915bbdbe2a5f63499f4e2173283fda543936668eda1338c498179af4
R3,123,gcb,complete_connected_relation_graph,180000,2820000,3000000,388264.0142973701,1154.476259,56bc2c07dabbcb654d06fc6125aba1eebd8fdf33c2989de5515ff3410bc5d009,c771cce35ca963cedc5ed5faadf6c5f6b3bfea6d5d6018e232f898ea85bd4729
R4,123,gcb,complete_connected_relation_graph,180000,2820000,3000000,324046.61409247137,1201.065592,7b6a18875edac01959102b476c83f05ff7af7f92a30e0daf978254adb4730038,43c6c55e2f8b9f5b7ecaaf96d797beb45715b020af38baaace725dca28fe5645
R5,123,gcb,complete_connected_relation_graph,180000,2820000,3000000,338846.05821850145,1222.210833,4af39a5657b61c378f2f90188d33d5f6cea1e4138ad8f6e51f96a1e9aaaf6a2c,e1927d144a21ef8055d54899b28f1e0c20a7cddff73cdf0951d3376ee3f01f8f
R6,123,gcb,complete_connected_relation_graph,180000,2820000,3000000,392934.05514719925,1270.890256,077db0ea1ad0f567d6bc2c8b7168d337bc5616d3c4ac94aebeaf94a7d8a11169,34aaeeac52642cbb3008bab4ff2a16ba8f3867b4d49a6df8b0166f1151a27998
A1,123,ctp,complete_disconnected_relation_cover,180000,2820000,3000000,78396.91847941752,1722.857141,17900fe6a6802a9c67e22809992b01bd96e51328b71ddb225b751d78fcffb101,79b7f0930441d4ebfc843f6ac1adea9ce6e3d5f7356f7a203ea19d0cf3573e9e
A2,123,gcb,complete_connected_relation_graph,180000,2820000,3000000,78977.52439882974,1225.978053,f3d160667b9a98046106165d83f5285a73f289200dffcf6047f3311db7194c81,1617d8cd328bc51dce2e16274c8b8b34508556f1fe76d0737951ed45f44b306d
A3,123,gcb,complete_connected_relation_graph,180000,2820000,3000000,78609.70354264994,1240.810912,45ae54b08b991fdfd5337caa844a77806a1c80037b58740edc7e5ce5c929e6f6,10dc2c3898300847c816f7a81a2d87d05ab6e6160e57d5559e7ea66e988274bf
A4,123,ctp,complete_disconnected_relation_cover,180000,2820000,3000000,78433.06651792763,2282.81588,3397e6283a6bc236acd7fe61fe5f0aa9f7e12ec571674321d99f576eff45f9b5,24d01780ae67145b06da5944b0736b7a60cbf6b82f5f032b97cc0e2d4f5f4842
A5,123,gcb,complete_connected_relation_graph,180000,2820000,3000000,78567.79776957723,1311.126408,784d02a4d9c3f56f69704a494809eb64beec53de7e89a248499491bece4952ae,18340b750b38b2b4875699c6846caf69917537a57d295f7ebbc247c3496a0198
A6,123,gcb,complete_connected_relation_graph,180000,2820000,3000000,78655.36656176088,1366.138333,66501acf882896028d928d7aaca3d7635bf591daa690004095bd6e8df0bc3b21,d096d604b870b44157d3a86246b6a79376c70528fafb61cd12f7c5169da91f1f
E1,124,smp,complete_zero_relation_blocks,180000,2820000,3000000,32182044.354052607,1287.940056,a667abb5da696a655a1d1898feb912ec5e554ed89551401d9521d6ddff4e699c,6490b24833d0f23b7b4298525dcff5a3b4860364e328f2d4606e1b9b4b0864ac
E2,124,gcb,complete_connected_relation_graph,180000,2820000,3000000,7424319.99857154,1241.549464,3b55531fda54f646c7ba2586cc0af96672408340e95b7a93ea25de4e65392ef7,b40cbae797a1dd6cd40e02de1a4bfdb559edbe01d8bc674567318093c5537839
E3,124,gcb,complete_connected_relation_graph,180000,2820000,3000000,11843326.99356554,1240.718011,afd6a2505414684fe1ada54e97be9ec920703efad2da02fa71480fc5d495c247,4c45b1833e14255c69f33ffdcfc7c97e7481043e49e31d58b2c6ca8111eb00a8
E4,124,gcb,complete_connected_relation_graph,180000,2820000,3000000,25335389.07609283,1278.891453,08a0419e53cab24a8f119e85145b06fbbb499b3f532bcfba10168ff96db60f60,885df2d76deb75b2b46bcb5e611077ee3b9229fafe33a1b5177dd56e94d9704e
E5,124,gcb,complete_connected_relation_graph,180000,2820000,3000000,102590237.38518453,1332.762286,e36a1c3a3a0f3b9d6cdd0779ce2bae7e38cdd2e63e4803b1af03c1e656262e3d,3046600f315526c03478e510e1571e806863579dbebcaf2325c131517b1f4b6d
E6,124,gcb,complete_connected_relation_graph,180000,2820000,3000000,51531481.03347127,1354.037849,03ed55b871de82dac402c237d0ce279037e13eebc30bd40518a9502cebcb9e7d,2e20f3c4e7614f7dc3deffaaa79d5e73bf144f8a7bab6b79eccf72e7dfe9169e
S1,124,smp,complete_zero_relation_blocks,180000,2820000,3000000,1.5861598336975943e-05,1214.690123,9cf6abfe49f8a21e7cc6d2eee36b7da0014a589359252e641eaacafc2187df08,2bbb0e2e83b15b1f5fe1f4c86c673163ae8ab7ed51f7fda5b4fb49107803e2ea
S2,124,gcb,complete_connected_relation_graph,180000,2820000,3000000,53402.714363239786,1168.175557,6e88ac202b75d45018b392539900d7a2b6b63ef6eb8c82f07676469fe29bf0aa,550090f01a69fedcf769a2eabb1d409aca8dd433433ae378f6d22cdd08a380bc
S3,124,gcb,complete_connected_relation_graph,180000,2820000,3000000,29649.670167891374,1204.579868,329b0d682813c0e99e404e13f584140489a211ebf3538579a26d7e8a2bac6cf7,c3a57b6094e184bd086802c01329f586f70c1749336fcf51c57061971a6f2e0f
S4,124,gcb,complete_connected_relation_graph,180000,2820000,3000000,49713.70233551229,1224.671602,19d1a98ef1f10f60acf39b070873056250af32a09446587da767de7b7560cae8,c7b4faf8fd4b169a71132f4ad0cdedcc18d244cf0d8c71883b9f84d9ab4ac962
S5,124,gcb,complete_connected_relation_graph,180000,2820000,3000000,20456.22742356222,1243.980354,7cda0802512e427ab244a8991267ef1e1493461363c9c1843c4e2011b9aae2f5,c39f2b03d55503f4f9bfca4f00febb19c30f2a69f999a07d084826afe8abad2d
S6,124,gcb,complete_connected_relation_graph,180000,2820000,3000000,30514.251927756482,1294.711704,3f6ee1bf26b15f6d8a830070eee5ef4a97320fbdf68fd8b063512cabbe0d4b93,7dd0097dc1df8fb5f0bdaac6b4aea2ca31dc2cf1217df2828215b83abd8bd1c5
R1,124,smp,complete_zero_relation_blocks,180000,2820000,3000000,152833.77408876145,1185.316706,4dc4f00bc7cce2aadc9e546c59289d3888b860745e34b5cdcfe6ae7f61582e14,09262db56461b76b5bbbe897f186a9e6966b7b9cad9ff33370be0239c2d5bf8c
R2,124,gcb,complete_connected_relation_graph,180000,2820000,3000000,252880.16444543895,1164.251328,7fc19bd52dcab8588985967f9f7fb5ad889c949bb35dda3e87ebd04d08b191dd,eca66da9f1c7fc38f06dbb880a272e3733cc4594a3e1791d24883641937d5bc0
R3,124,gcb,complete_connected_relation_graph,180000,2820000,3000000,316124.6729361392,1187.134166,5bf36f49798a5c173ce514fbebcf29c0a9edd8a04efed1732c5250176f722016,df90ef6e8af471ba12d5e4eecfb77fd6369c716fb1c2c7b8ab4fd96716f7cc16
R4,124,gcb,complete_connected_relation_graph,180000,2820000,3000000,318453.0632010017,1218.03358,35ce4b6bed4fda85232e20faed06d7a645d405de50a2677d655b403b0c771f99,cc9dec2f4de52a34c73c8e04e794c4d4c213565a1519fb3664335bcf6bd820dd
R5,124,gcb,complete_connected_relation_graph,180000,2820000,3000000,351391.97779828205,1266.199055,f9b378131837fa3148bad8e706f3b7a3ee09b5b2aa671f049dcbae19d15e0e5a,d87fc5540cdb3f3f59df2690d87c02f23303d25801eb501bc4625f1439a277f3
R6,124,gcb,complete_connected_relation_graph,180000,2820000,3000000,345647.45242017147,1294.420016,000640884c4798a0612e17cfa53647f960d9e149a60c7e90f6a2fe73eb60b2ab,261b00098e87239df64d222f9806ffc666e8b05bacb43a739dbfde821ce6428b
A1,124,ctp,complete_disconnected_relation_cover,180000,2820000,3000000,77709.13488141725,1808.211351,2efc023a9b007094ca64ffae6f086429dc3cce28ae41395fffd6daa2d85539f3,41e0a0ba2675b62641c018e0e1e993df5461890015e16f89893912d4c4868ff2
A2,124,gcb,complete_connected_relation_graph,180000,2820000,3000000,78699.7411286066,1238.868164,613e14ea938e8a59fb403eec03fd7caa2e97928c51cdfa15bca1e84a5756bc0e,9095303d0579411d5d1d289376c1bae4b828a1941b307002f1c8f2f9d1223207
A3,124,gcb,complete_connected_relation_graph,180000,2820000,3000000,78841.78687388386,1244.885945,e7657679758ccdb97b36783979059f1537ba125e74a853da1804f4927782bc7b,9ac94aaf18bbdfeeec1fbbd8f1d2a77d61f4fabb5e373365045930eaad5aea1c
A4,124,gcb,complete_connected_relation_graph,180000,2820000,3000000,78506.21150309776,1300.104244,ff2fa04e43cb6ac4026ec84b59462d4b6edd9da1fab1579a00c815dccbbd2b5f,1ec6dd022489e54d6632540db22d393e442fb0a8511aa55de6fb93e8ad5b5ab6
A5,124,gcb,complete_connected_relation_graph,180000,2820000,3000000,78856.02395022221,1326.759476,e9e33598edd3f956df66ab879c46845f578523c6c312c5bcf795e32e98502704,e71c0fc94cebc5a30acc6f84632c9b89aa12022fe12311e590cd6431bb015b4c
A6,124,gcb,complete_connected_relation_graph,180000,2820000,3000000,78883.41906180375,1354.140021,b2b58b7c61b5dea1d9d833ec541d8d5bbdaea2e77f9134916114312584d2d6cd,e54e20d3314629b5fd10436c0887feb932200f3cae6bd2c83aff4bd5cc7fc4a4
E1,125,smp,complete_zero_relation_blocks,180000,2820000,3000000,420000.77063219075,1231.08551,5ba77b7f4ebf2d43814659ea8a2d11219ff1752ae88384e983e33c4f1d5067da,5d6553780db5523d0bef049a7e6a47c251f3a7777b6e8950bd03009c2ff85352
E2,125,gcb,complete_connected_relation_graph,180000,2820000,3000000,19707358.341975953,1253.697683,95cdabd4cd704518bbf828c41bb344a3d9df039213de116692ab2cab6cbde02e,9fd01a850c4b9d03dd1d146d91792ee12df2dc72ed15e695118886787d6ca057
E3,125,gcb,complete_connected_relation_graph,180000,2820000,3000000,42562785.08173422,1258.298516,272ae892976bef70bef05ae85b9344a9532c92e198d0a709b2c92e3bf795a135,0c99b3e7bde54e7528defbd343deafd36070c71a702c7de57a65414869ffb246
E4,125,gcb,complete_connected_relation_graph,180000,2820000,3000000,88807478.33116242,1299.602814,5b000644422c3da49a77ebde095cc6df460e59bde411e1805f87fa5996b4c59a,46068d0c5026b596803d1c89630e22701c5a2e12727f7a2ae7ae0ec29362bca0
E5,125,gcb,complete_connected_relation_graph,180000,2820000,3000000,77999571.47421609,1320.352343,dd60f2cbff65e77d876a9b5c39a58e322ba06a0fa5fdd026da218b4de04c7a23,a7857db8cf39f5c95c7ee02f0b5e48d48310407dc9ff70196c0f1bf79f5f60b3
E6,125,gcb,complete_connected_relation_graph,180000,2820000,3000000,94615152.89773235,1430.075654,74fea736c83d6e18b6ec182c9078a29d54cae2d166bf50fe1543f8d5b4dfcb78,8842a114323ea0a76e3ec79d9fa9abcc72e4254c397aa9b5d8fe30e6c5519099
S1,125,smp,complete_zero_relation_blocks,180000,2820000,3000000,2.041512243831069e-09,1219.631632,3df57b46750339735684e717efa3dfb18d65e31b3f17eb1f3687abbc3a1df32a,1b749826066acb7d32221603726a1036ed52e696fede96347fce2020030068db
S2,125,gcb,complete_connected_relation_graph,180000,2820000,3000000,25676.89884383423,1172.809151,882e93256fa2482c80594296e2d87a49497a990221ac8e7903ab24d56bc05e0f,90639883d5cf6561fdd37d51367ad841de8a59fd18278dd4002a2f2421ba0ee6
S3,125,gcb,complete_connected_relation_graph,180000,2820000,3000000,29785.043862344643,1178.609392,4e41dc9cdda383bf071eb84ab8a2b960954284bbf2696f2ea46b986125462d0e,a93b94bfb64a11b8cf3b38dc7fcb605d967be59d6c89733e842da21ec4d09165
S4,125,gcb,complete_connected_relation_graph,180000,2820000,3000000,33686.09587156295,1225.733135,ef03c1a7b34a9d3db7c7211efb49f0b07e7083d7c04a61089a7a16f9b5d87de9,21db4d86cf26bb1f6f8b0d302f9fef37e500dacb75e85664fba9d80b489fdbab
S5,125,gcb,complete_connected_relation_graph,180000,2820000,3000000,39388.4993491865,1283.859553,fee2f67868287ee0a3ee996c497dee08fe3e82fb99099ef4c7233eb2201293f3,cd966b0678a297d67c70d152d71741b2ebac9d2f5a9ffa272d6ff310d4add7e3
S6,125,gcb,complete_connected_relation_graph,180000,2820000,3000000,72726.83774645494,1393.647957,5525b367c0afa5464e5f88f31fd3a10678219fd45fb0facbf0666e53009cbef1,6899420b7e62c775713a537a3ef0d882af5bf4dccd3cb3afa749bcb386d05e79
R1,125,smp,complete_zero_relation_blocks,180000,2820000,3000000,135418.31118554765,1174.89087,4d39ec099c715e30008703c3bded9aaf3eaac4de22926dd12f7a8aa0a648f82a,8b1ea3cd53a8f80f7a5c0e358364a4b1f65a2a9de87e227104f56e356d98f08f
R2,125,gcb,complete_connected_relation_graph,180000,2820000,3000000,225368.3847852132,1142.15445,d89c6f1c5eb2a85a66dacf614f6dc1dc1691ceb08679fe8dc8a7d7f34dbe67dc,4aa151156653003892d78626f0add2c8531deb36398dd3f356e47254331e1f37
R3,125,gcb,complete_connected_relation_graph,180000,2820000,3000000,314378.88636920636,1158.070039,ffe487fee0ae6fd89212d42ca5e3715f0b7f1c53a6cd9c1a327c08e2c2bf4e23,3426ea27b0b131a3264f52141370f15bb49397b2267ee0db5522b2f6d8d09569
R4,125,gcb,complete_connected_relation_graph,180000,2820000,3000000,265021.5493138322,1200.690191,9a258caeb344ba1a49b4c612c3aae05aeee739fe92ff664cfe2ac23e78f4faa7,fe86bc72e2fd398b8b3283b27fd5b57c43e0dc89b627d6c9dfccde5724c2ee46
R5,125,gcb,complete_connected_relation_graph,180000,2820000,3000000,316710.937712843,1240.829796,e212bf07ef74820dc2b6c81436bd16e714894ce1d58469b1916845c9f3374220,d1bb92968eb7ab88d084a3cc9963d6787bacc8167385867a92b1418a5b985928
R6,125,gcb,complete_connected_relation_graph,180000,2820000,3000000,373402.159837067,1322.89669,0668dfd6bf353648c4cfa7dab605719145540b141372754a19845d67c1c90319,a5222fcb2a486620544a03ca7c2c46bb959094ba178e71d88209f409b8cc42c3
A1,125,ctp,complete_disconnected_relation_cover,180000,2820000,3000000,77962.92057253835,1748.680351,34cd2c0466450b0307e67eda5f7f857f25dedc8e42228cefa90d0c43d6dad40d,267fd0c5db42add53f70f1e4319e5ac0dec3fd997db84b23ed7c02ee5c88d64f
A2,125,gcb,complete_connected_relation_graph,180000,2820000,3000000,78729.30769465957,1209.769731,756224d2cac9c947e9fdb99263afdddea98659736a7c773d6d6ef9cde93249ea,574926c0f38371ea885032fb35eef9565836077e72f8cf20d4aeef9935cd20a6
A3,125,gcb,complete_connected_relation_graph,180000,2820000,3000000,78740.99606264175,1218.489349,71830ebda5c7b8cddaa67879bc2942a60784166ac5dee052cfff4ce9ce6238b1,0a20772c20ac9aa626f86da0f1ace2d5e7269df430c49806a6b2bd258130d862
A4,125,gcb,complete_connected_relation_graph,180000,2820000,3000000,78427.27880372874,1253.21155,393a8e2cf443eb0c09c5fa9eb9d498772cbe0c8019723ab9dc1cffd84dadb2fa,56634b23685cbfe634772cb9e017e86fcef30462d646f076aa18cb19f093e7a0
A5,125,gcb,complete_connected_relation_graph,180000,2820000,3000000,78578.09809711103,1320.83489,666efb89741213d5d58cd13aa6210943603a3532e5c6bcef0368bb79a0ff2d07,2936b70a4ed466676a4f729ad0de4946eba8d0d8e440fa659196fda818473ec1
A6,125,ctp,complete_disconnected_relation_cover,180000,2820000,3000000,78826.7823016019,2826.210235,0e0941a4f232a73f2db2ad3d4c12afbba5cc48894c2d8230377fd46cd1ada487,dc9742e5f4674c530c5be77276958ec180e11a6b61e61f7575ef3c97243c4b72
E1,126,smp,complete_zero_relation_blocks,180000,2820000,3000000,6516403.4438629085,1271.468333,53618f5e87823ebfdaad11a46672949d74faaf9ccad4d4f7916d003168a4a530,acc64f617ee9740a1b13fbbf4b761adb9121ebde0235ee8d8d4c3cf55b854c90
E2,126,gcb,complete_connected_relation_graph,180000,2820000,3000000,11160101.261890471,1209.564124,92ce1a04f0b72e435aba8a46c92586bc58a932c20d8b6d69e2db148ebda28f84,6557a1571fa428974408f8a65c30e3f9eb6ce0e41ec4f084c786648b3f34eef8
E3,126,gcb,complete_connected_relation_graph,180000,2820000,3000000,23361366.948586427,1229.907119,e35ee69e7f27b8c8af3789a4e1ccb7243d0213217ac45fc676254981e52a2544,8c5f03195dd55bfade2c5c0a1e401474bb1b532e19be5191255503d46c9b7188
E4,126,gcb,complete_connected_relation_graph,180000,2820000,3000000,34693604.77863505,1250.083405,4d14d80f3a567510e3d03fbe67878a0e8e65b93e266bb0bf083e8713a9ec6b24,5deea35f33234759102581073f45fc2dd18aff58f9a4043f68cf85fb7ca998ed
E5,126,gcb,complete_connected_relation_graph,180000,2820000,3000000,50221760.79486029,1277.332686,d5ceea47b48468895b92563c89bee0a8f623fb313a623fcc131ed84f89d19a74,da47ef7d2f3e29c7cf858f20ddf536ce61d8d6b5c53e5bc03ac3b130acd4fc23
E6,126,gcb,complete_connected_relation_graph,180000,2820000,3000000,110563230.49618179,1294.919461,9a3a31f26b949920a2256cbdefc093f7c9ba17992a84852bf3a6e659506c1d38,f067d5f064263354651f0e396dd6cd31eb7b29aeb1e61b8eaec91c7d0bb415b2
S1,126,smp,complete_zero_relation_blocks,180000,2820000,3000000,9.710006181888648e-12,1194.02995,ac1998c86647007a9378b01cfad0875d3e4a1305e261421826d54117532ae62c,708c004aed3b28e44713ef9d3a81326997b46afc9f1ca69214b5267a5f1f9334
S2,126,gcb,complete_connected_relation_graph,180000,2820000,3000000,10840.365055583508,1127.486536,d5b7495610fc1ef344cd97794d8d13e2191fb34ebb7fc1d5f653c661bb00ac08,b2bd3cb49f0a992a81ee06cb8e72b0c8be250cc97277f50198df0956ac54a3ad
S3,126,gcb,complete_connected_relation_graph,180000,2820000,3000000,40093.16352997032,1159.327327,2f9be64134e8e412f7952ba8c3e0c2e2dd05ff36d61c5e07e9432e536baed689,28f0f07d993e21ed5fb39596e3cced135d139053fd5917f5c47112ef559037f2
S4,126,gcb,complete_connected_relation_graph,180000,2820000,3000000,49526.96155565666,1184.05016,5517cf5b95d25ddbf89f6320d102d288332ac0c6409a764e1c5b5bad2cab3ec2,1761a8d15344952e6950d63f3d0f295f81a3d25627aaaf74a40a8d7acb6e181e
S5,126,gcb,complete_connected_relation_graph,180000,2820000,3000000,67113.80465188545,1213.235858,d9782857b4dab133c963d50f26d30b1a0ec9787f76b690759b2286da0b39dc16,7ec777e2aa2e03ef464f03a680e2f50e686b5634ca2a2830832e2af1633415a4
S6,126,gcb,complete_connected_relation_graph,180000,2820000,3000000,95624.52017126183,1244.10689,0b4dd4dafc9017ab94bd526cdcbe48d8299ff2eac134e23a9ea3480706fb01ea,1be92606a54f66a09df5ded61d5735156fbfbc25134e61d171fe46aa95dea7dc
R1,126,smp,complete_zero_relation_blocks,180000,2820000,3000000,148328.4797236892,1150.174335,106482854f8dcd571bb5f1a7eacefbc986147c803b550eca09851d8d9b16bc35,2731bbbeacd3494d5036fa7a07cf37869a3a994bb9a54ac01ba14173fb24b6f5
R2,126,gcb,complete_connected_relation_graph,180000,2820000,3000000,244716.86493229895,1137.44113,f3e0f73bdb65836fcee3171ddb86eb1bd027d161dd8cfcb0ea3d318e99234f79,834387f4a3d111dafd73e5f9e69e26df308b4fab7cb58b6f536b551b8b8fc354
R3,126,gcb,complete_connected_relation_graph,180000,2820000,3000000,266194.665576008,1148.509806,5cacae50cdeaa078f2464c157f3bf751f9555acdfd2e5df9715dc0a0cc9dbdb9,de6eec2e90c6d5f087d517a25d1bb1b41e02d3d3d50a4f8f97dff97cd58b50cc
R4,126,gcb,complete_connected_relation_graph,180000,2820000,3000000,378153.833763674,1183.49673,76113cf33ec68248b8ff5923a076c216b7d24fc989c8d0a5f89bc54be6a3bba6,d9f6da4576d44404117b1c63f531b4562157057012014fafb493314244259340
R5,126,gcb,complete_connected_relation_graph,180000,2820000,3000000,300753.8426509288,1232.330788,e74ce870ca2f97278517114bbcc99af44edc5bb2e8c64856c2a4965ccf259374,1090e57922185443403c0261462f2ad8adfe148d8109916019018fa10860444e
R6,126,gcb,complete_connected_relation_graph,180000,2820000,3000000,281080.9582384036,1265.045632,73c017cfccbb57cb974649eb0a93f5a18a213dc04d16ae61952872f847b9369e,398a09c7b492ade8c8cc60d987663e89e873ca7c27a96e5d1f5cfb9594b9427a
A1,126,ctp,complete_disconnected_relation_cover,180000,2820000,3000000,77987.64164409907,1667.345755,5e3e93bad3ec352fc8ce74a323c425983760e5898ec8dce36061e7a74b815eca,3f01d457a6357dd0f9601d60fbf7a58cb80e75bfaba10d565ec68fbb0c203f36
A2,126,gcb,complete_connected_relation_graph,180000,2820000,3000000,78859.93411969118,1186.334405,92c587fde841d59fe016f9df167f6351f7e7f61da645c0fd4ebba68480070cd0,362851278965c1f6417d97f59eff7441f5125a7657f880f85dfd79cedcc7757e
A3,126,gcb,complete_connected_relation_graph,180000,2820000,3000000,78821.1271823449,1205.824064,d7b41e52fa96b42d8169ff68480e7f6e3cf3e9db9c0de3c48e92225c05732550,288dabb8e5c6f93ef9d35ad8c279bf9b2928e4778d954417fe548b5a3a2148b2
A4,126,gcb,complete_connected_relation_graph,180000,2820000,3000000,78662.91580777877,1245.28546,d8550f855006a72006037ed500116460e6bb95e32f20fb2cb058650ff2efa363,19f6c848d3352f164c5539facb35945229765af0d70dc711d2d5b72877619805
A5,126,gcb,complete_connected_relation_graph,180000,2820000,3000000,78549.96652347245,1286.076202,23924cc65ea6c97cda8828c19b190ec306072f36c7813d58ced8b73395c4d7df,57283a7be9fe3d5834d9d49ab555d2755dfc81f0ebef219946b1c9b4c8330cc9
A6,126,ctp,complete_disconnected_relation_cover,180000,2820000,3000000,78709.48710843598,2301.867306,ae087ccf8690ef538c0ae67c6b1114de6d279e98c495bc452d2beb528871722f,296bc95d2f586c639a74c57682a2063d05f116a08ad95079063b548d19453b86
E1,127,smp,complete_zero_relation_blocks,180000,2820000,3000000,1117249.0550745423,1214.14617,942020257675fa6fd5bc172398eede28aeae09190540efc2b28b9f3e7958c10c,d47cd5bdc03dc0320312036d557dbe29180d1ea5c2d97667f898f6a1214a76dd
E2,127,gcb,complete_connected_relation_graph,180000,2820000,3000000,35054176.51666191,1189.676026,31809d909aedc025c479a8d333e638d2bb3674bcfed99795a108e97856435be8,f85b5fcd4b36218d205f33c2fc2b2975ebaa97d8c68b1abd14085af3c94f38c6
E3,127,gcb,complete_connected_relation_graph,180000,2820000,3000000,72694267.44591586,1241.15501,60da585bd82a9204f07f1dddcd7cbef5248f00737aff95c8290d3eea83b7f57c,8c7c6fdc9fa5d2954df78a03a3924b430f066202fcdf16988353092f0691851e
E4,127,gcb,complete_connected_relation_graph,180000,2820000,3000000,86272613.07379614,1241.400503,8cd8e758b047148244fa4e5908302f9a61326ba0d17cfe79f27e03b0bad1af28,fdb83e2c0a5f7425ea00a1f9e77b49d0913175c35557581d422415c157000743
E5,127,gcb,complete_connected_relation_graph,180000,2820000,3000000,151444183.23189074,1256.227316,79d0ea48b3f5e7047b0e0e822921b6e508206153e4ce6a2fa884297c5ead943c,dce7b0e3af41fbb86678c813b5607da394f8b94f7b159ad160cdbb67b886206e
E6,127,gcb,complete_connected_relation_graph,180000,2820000,3000000,133858313.64391145,1308.009167,634441ca7535bd7687d7bdf1128d523abb1edfe506344ffd51e7330b0ab9b61f,7cadfd9901b72a6c912e066ce2ccfde77725adbad7ca38e684b36d5ec56db111
S1,127,smp,complete_zero_relation_blocks,180000,2820000,3000000,4.659263802380363e-05,1200.371903,c56c288786cb4e313e02b2b748185502b870e5c44f55aeb12e60db45a5b8a2f7,82168d77e118c96749401cb2fb36a9ba57a268e59f22a6cf00887a7aa00de39d
S2,127,gcb,complete_connected_relation_graph,180000,2820000,3000000,131689.09209274015,1135.891999,a8cc286bce14a70585d6ba164090efa274c9220fb528a96d0211b0985c892d2b,4798bc7c1de9cc0c57698325b31ac394a2d45a340adcd486f24041d5c6d8f75d
S3,127,gcb,complete_connected_relation_graph,180000,2820000,3000000,153562.9739876983,1173.104114,d9e025a60420bd9a3295b54666ef9f142294e216ada56202fad7057efec30848,2e67ff98eb3515b7d8f244691e05d00ac11c6b799207e3e60b7d494dd5bd3319
S4,127,gcb,complete_connected_relation_graph,180000,2820000,3000000,41625.869438036,1176.188763,ca464c16e014f2cedbaa3f485633e7e6139307770a97b0fbabaf23dc3e2d8d9b,1c429170841179935504e849c77c79e44cd284c9d65a15cf367c9da645440905
S5,127,gcb,complete_connected_relation_graph,180000,2820000,3000000,246976.33891994474,1217.231413,20b5d0f1f9358446df90b7ad3a36488d4e45093acd9e4499ae2fae198b7f67cb,9b7a5a9795e4bae481dc5bbfab352188a5e374d38be23563ac0e3e97b867c9b1
S6,127,gcb,complete_connected_relation_graph,180000,2820000,3000000,371051.44954112265,1261.457965,a6523d42159ab7d6d68943079ca5ab3809ee59a573b6441d17b82f6aa1b0265a,2885b74272cd892af55af2d9571d6167a38ebc731f06681320c6e9579cdfcbc0
R1,127,smp,complete_zero_relation_blocks,180000,2820000,3000000,176297.57104491317,1169.718717,34c933d10ce5b60245446894c87589d77967cfc1048dc2e505932db9532c46df,f9c28d543f891bc0148c4bf4f2a824043d118f91937bec9e3f76abc7c19d1a7a
R2,127,gcb,complete_connected_relation_graph,180000,2820000,3000000,254265.2930355692,1146.993596,68f8fa586064b7d0aa2b4d6c9b5489fa6ff6edb19860c8eacdadf5524b552d88,d396787267593a5344e8fd0c597c58b47af8c0d11679a66de872eb59499bb7b7
R3,127,gcb,complete_connected_relation_graph,180000,2820000,3000000,299651.21430808294,1129.373814,79e79d7d80ecba195b089f523cb5da0d9671c2ef6ac0b3a98005a71876993f04,2e9998ecd2fa86f0cdd0b15e4de1b358fc7eb3491ed7be07dfdf70ddfb328700
R4,127,gcb,complete_connected_relation_graph,180000,2820000,3000000,301746.59931317996,1162.908657,08a2229a855d63b085a13ee9f81a673d6955ce709e227dd8f1433fb39429892a,ee0a0d97cadb6e811377f6d8eaa9009d21bea7276a702a8ccb2a06975213de51
R5,127,gcb,complete_connected_relation_graph,180000,2820000,3000000,361027.6532236795,1208.549144,66f938eec52112cc2e43494b4db9b4b11d1eb7bcd292dd28db87ef493af112e4,550421a5ef9339ec80d61e5bc0b58ad92a32fffd44b8188c728822e3020742e3
R6,127,gcb,complete_connected_relation_graph,180000,2820000,3000000,401961.8475242404,1248.148121,8c1a3ca4a70bf2f5fad072640de8bec0a59a3ae125684de240dcaa20859cf20f,6898250f8c4a074151d391dec4c5a76322e13429e637faca3b97728174ee83af
A1,127,ctp,complete_disconnected_relation_cover,180000,2820000,3000000,78039.99814915046,1655.723804,cd7671d496ea416d835c9174a52b5ad763b5558c0b16e343d0b8e407c2c89ff8,6350ee7eced1522c94ff499f5fd51c2fe7f216bb852e9fdb0102ccf187cc34e6
A2,127,gcb,complete_connected_relation_graph,180000,2820000,3000000,78515.2908947669,1193.515884,f70a7d9e49cc03d583f7b63745ed4d4b4cf7de99e05010c72b5667f047094a69,c6be0d5acdb285b5dc79933a508d9cd3f0f74f8df9063c95ed9a869da3346569
A3,127,gcb,complete_connected_relation_graph,180000,2820000,3000000,78467.54114335809,1189.709842,2c3feb16067e0acc36b68a8b16f298b04f6e4ea8e8882008bc367af9acbf740e,997059eda94c9cadf7087fac7a176e85c536e866d2a865201823d892918db65d
A4,127,gcb,complete_connected_relation_graph,180000,2820000,3000000,78522.12422727415,1238.712872,b7beff6d751e89e5cd18f5c4f836b0de615b7fa8e515a6d285fb27ae5ed0fc0f,f628ea743d47314523514e7f1260edd87169d684984fbceee0f7b3ee2905213f
A5,127,gcb,complete_connected_relation_graph,180000,2820000,3000000,78449.68333954447,1273.021471,8ab41a9a45e71cf414147bd2478f7d561d5fe0ed7125aa9dfaddfee69dfdd3a7,a83e4caa108f5522f66cf309c162a0b307cb23f18579a7b0cb609a03a6c3f92c
A6,127,gcb,complete_connected_relation_graph,180000,2820000,3000000,78713.33254072102,1305.441333,6bafafdeae615077308e6cf30b4348f81a515036a8b29d8ba688b4f62955dd6c,652fc41941613d1272f2ca68e1b7223de01a6f378cb99e361df34140881d7c90
E1,128,smp,complete_zero_relation_blocks,180000,2820000,3000000,4666395.70708856,1240.078731,3f27498a756bcd97b610a1bc90af1cc65f9f017085c541f326d72224f9292855,23288cf5712cd8de1313be35b5886dd0b7a00f0fbb9f6f478c098a8935bbd49b
E2,128,gcb,complete_connected_relation_graph,180000,2820000,3000000,15481279.411863754,1194.443048,64b0eb3fca96982c49d04977d5b884df0865140c8fe4840ced63eefbd7013457,602a318f7c003e80252d2625bc0076f57a8054808de76eaff82be9c78ee05c09
E3,128,gcb,complete_connected_relation_graph,180000,2820000,3000000,27724225.757082906,1241.975698,697f65f651af6d97957b0f7d28efc79341758cc9cfef7cca3f82d198d78ff254,7269521bf387e3aa5b7ebc876410f11d750d7287dd9a561b98664bff1bb053af
E4,128,gcb,complete_connected_relation_graph,180000,2820000,3000000,52116905.81683657,1241.474758,182ec7bf3b5ad4c58aecea2113f6e01db2bf35681d7227683ee1ece3fe3b6560,fd134b3cbdcd3de2d85dc71f4cf8e4c832c8346a5d7a4ae20c982e8bcd8e39e5
E5,128,gcb,complete_connected_relation_graph,180000,2820000,3000000,87834874.01758727,1256.402874,570deb077f3f7fba67d20d55b7a233535fd8688a0d0162223453389da6e8161e,d2c4bbe22a2ec61f8ae4a5964231447e1d7f3af0082c7651c63efe090bb1f1e0
E6,128,gcb,complete_connected_relation_graph,180000,2820000,3000000,88925327.91731067,1323.199843,14d5638e5752780a5dd0ba9f82a86410cf9a803e91a239efca40ed0bbd22611f,2ba4f0dca46c66d258394183b698c803576a46d1273508f03847528f06b66fbd
S1,128,smp,complete_zero_relation_blocks,180000,2820000,3000000,1.0544991588215567e-06,1150.421777,cd7c24cac3a5a5dbb8ed88d3036bd33a28bd13ac8ad4469e3ba39c67df1394a3,f885d99e69305aa216bea130190bd8a4aac910aa8228632592d3a920575a0e54
S2,128,gcb,complete_connected_relation_graph,180000,2820000,3000000,37777.92072034868,1135.688937,78a8258d835706040c5b6d075e5d3e2208879090a38105ad67b0f71937c32395,bcee8b4f339247e408b82a525de5c87deddad75bb422a2c23fbde0dbfb649570
S3,128,gcb,complete_connected_relation_graph,180000,2820000,3000000,258695.7919346965,1156.776632,f176a9b12736e4006bd779ba1a5131848d0179933f2cbaceaa12418037c12c48,2bb2e97597b3b332ffe6301f4b310e91644eb1da153723b029272a46d8db3d8a
S4,128,gcb,complete_connected_relation_graph,180000,2820000,3000000,297616.88462259143,1185.226605,376324548099ec42b49c543402d7156d426ec2fc540aeff24bb7cdb6b58f28c5,e87e0245fcfce463c383d061c31714e970f1251565b5800ac9f4ad537f37ed52
S5,128,gcb,complete_connected_relation_graph,180000,2820000,3000000,63712.36091948252,1237.546748,4951ccfcb49ee8f3092a5bea7fb001bf0beff08404388af08e0747d491e6ceb3,5536e895b0dc4a7306f47f49a335b3f60cafebc8236f68e5242e265714ade9d1
S6,128,gcb,complete_connected_relation_graph,180000,2820000,3000000,195379.17422965862,1306.5363,e526b23c65dd8b69c1250f93de4baf37abd5a630fc444604e7d755fd9bffee45,37fbcc16083428a6a130575fed3cabeb8d008a6dccf5458528f25ede09ec6835
R1,128,smp,complete_zero_relation_blocks,180000,2820000,3000000,139261.34860757415,1147.127674,91ba09a9050e6920e29a9541ae22077958a361558ed12805661456adfd3e04e8,fd104ad0e4c5b63d072d4fc1f7643c6278f3738781d2297b8d08b7e432baa622
R2,128,gcb,complete_connected_relation_graph,180000,2820000,3000000,225300.7178338551,1152.289875,645321041d8cfe9594b171161651a68da935083ab29fddee9b06de7e4309e9db,433fa77dfbc13ba3afeb165b7a66ec9931a988174553dec88e40b55ec299c1f2
R3,128,gcb,complete_connected_relation_graph,180000,2820000,3000000,283960.22136903566,1165.306973,78ff79f36158fbbceb3ddc39596b1a5a6fe885041a725e690f7b832c64eff997,342a0f99f1f21b44241ee1d74e9db9af4517a8b66cdd394c4322a46332b7aa52
R4,128,gcb,complete_connected_relation_graph,180000,2820000,3000000,221061.3974221728,1190.267973,0b06577fb00b5ef773b506a06db9a4a73a299160afd81acacdc4de3f071d0112,c36853282774f67de0b11d0e99ac2d292b686a8099b2e24c9686837c46ff327c
R5,128,gcb,complete_connected_relation_graph,180000,2820000,3000000,412355.1870834772,1212.936986,c4b0d195f9dda837d2f0cb62c4a8325a813760d32a1892a3258486798953dd1d,4ff7e4c09e14cbdead5a7a81cc6d918403b1b491d18f163c1fa208c2d4049c62
R6,128,gcb,complete_connected_relation_graph,180000,2820000,3000000,309454.92727066827,1314.066475,dfb31772d6914ee6ef4e7395e0fea5154808e7259dd49077b76b344177fb175d,5ef4e14b2caa555bf3458ad03a7840ac8822727803a19e508bda5501650b2b21
A1,128,smp,complete_zero_relation_blocks,180000,2820000,3000000,78080.94957072064,1238.80131,c8e6e027d0e2717d7ec92ece92477d9539decbe9c7ce88d7eaf954ea46475d38,fffca9b13fc373166d0bd98170c792c326983fbfa74ba252f52805de0abf75d8
A2,128,gcb,complete_connected_relation_graph,180000,2820000,3000000,78777.7352646652,1228.242396,70b29eeb1b3a0b5ba82ce5265440bcbe603470c894c100772223d243089a0d3c,48ebd2da15a33b4e006b619a3be2bf3f8f14d26eec54b2c285e84cefcfbbff4a
A3,128,gcb,complete_connected_relation_graph,180000,2820000,3000000,78666.52515036098,1244.637114,57e00856f97fbbd086938eab5bb1567ee434d977f1b2a40658705c7acb52fe70,451aef167573f9a0077b2a5d1ce256c6849da68506fb68089f5123f65cf2b58f
A4,128,gcb,complete_connected_relation_graph,180000,2820000,3000000,78525.04807796667,1334.219259,7974fdf64f583680bdac82923b838673647bee9e079a64b07d7f5ffcb6e93161,547550fe31027612d4e7a6a67727b2542b5f317d141f3ee89236e012b08e2b78
A5,128,gcb,complete_connected_relation_graph,180000,2820000,3000000,78818.25894454379,1344.598502,62834d531fbb3979a60e2997b9313f899034141c6adb23f7a0513bdf2441db7a,283af164b1909d5339641853614cf03726a8aca15326a6459a5d41b91819b02a
A6,128,ctp,complete_disconnected_relation_cover,180000,2820000,3000000,78848.37827361951,2776.040599,fd705f48ee16166fbc332dbc9776e4c3e2c9aa3fbe6e9fb6dfb447ef3bd192e4,5be60dbd6c6a012ec5b15bac315d2c8b304923280b71f93892dfbf8ed884ae03
E1,129,smp,complete_zero_relation_blocks,180000,2820000,3000000,2832333.9701259397,1232.568946,eb41644502e2c1c5943ab6ed10fa27704f7d046887d0921ffdb8a02dbcdc599b,9ebb4fe0da691722d7dc3775905e5e46a0af49a33f7788498e4fa41990d79687
E2,129,gcb,complete_connected_relation_graph,180000,2820000,3000000,27845865.505050566,1220.740825,f3520195d169fbd6167e3e50f3f1bae38997c3bcd61b3e844aa7cc54f675eac4,4df4e3f23424b8411251259dbb4f2db0e68937172e8525694ab347f8cb3d1f00
E3,129,gcb,complete_connected_relation_graph,180000,2820000,3000000,29193510.19169271,1249.263006,ed9b23640365e40d8aa3a99f1e2fac9c7f6015ae3b0898829395920ec592a9d0,0224779f968b210bdb0cd55ff9ed27fd6f2d71f704776caaead2e056b1a38669
E4,129,gcb,complete_connected_relation_graph,180000,2820000,3000000,50131403.37322129,1283.629214,8a517b2571f8d30e8b2a75c47c9d3439f24d0acb088d38f3db26f2af90ecfb6a,7ae0cc81f4cb61058b77dc7a36542a57d13641267b9ac204a97594047bcd8236
E5,129,gcb,complete_connected_relation_graph,180000,2820000,3000000,51758576.242532104,1283.108392,a6525d88d72a625b5668d1ccb2f3f7ad46a2f1e9490af74a7bc85036072a9ac9,d079982e778fc9de6b00c70fa9da1d287b8c2af520ae68efaa4ea472129a251e
E6,129,gcb,complete_connected_relation_graph,180000,2820000,3000000,41006821.635260314,1316.98034,913b829661e40d92d684ffd9b8fa41f55d74b658520b0480dafb58cf432dd97e,373295eb46fbc09e81178ecaf04bff43c06dfd9d621bec35acb21bad82da89e7
S1,129,smp,complete_zero_relation_blocks,180000,2820000,3000000,6.153995959329702e-12,1236.748251,fe8e53e65e836262527a50d05a32f3fa3c111beadbebc72abf79d7b26857faf8,25c274a114c8ad3e3fcc1e0fbb4cbf76fecc5ae2ee1a358db3e63435a7380d93
S2,129,gcb,complete_connected_relation_graph,180000,2820000,3000000,60477.21263286368,1169.205005,282dccd2c5698b859c579d91b754584fa02fd69fe10dcf66f57adcee13363b64,5a48c808386330b8a07a5aeab850b650d5d90814132f74fe2452348e082c634c
S3,129,gcb,complete_connected_relation_graph,180000,2820000,3000000,32154.956847346584,1216.035514,3d16b11a3f538cebb87be1a198e37f9d60ca2aeba3bb447cc58830da06ede17d,1c6b67e753d460bfa4bcc9b2661ab8bb56cae7eaccbc8dac1e9b0d5b954112b4
S4,129,gcb,complete_connected_relation_graph,180000,2820000,3000000,27598.787345536377,1215.196252,921a93796ab34518f0252a8b09bd880039a5411628972859cd6ace37e9e66daa,cd4c035e14a9e73a706d6e3ed98a96dce9384c0a01215efcd73f70fca0a0f587
S5,129,gcb,complete_connected_relation_graph,180000,2820000,3000000,24318.189900305922,1235.232001,cd537e6faab4e6ed86e845fcdb92b4b7de21a17a2ad81cd4f1cfea666a0f4bea,1abf564aa479b8349265e331d4fed65cca62e7b60ea61162726202d951fdba77
S6,129,gcb,complete_connected_relation_graph,180000,2820000,3000000,180058.31998846793,1253.690076,6541ccf94ae6ac88ec33e9ce9f807e23c039dfb1045396ec1fd8eb6d72eb82bb,4dde0012d674aee4c912472e625d22fc03cb32f9473942f4d05ac3e8fc2c8604
R1,129,smp,complete_zero_relation_blocks,180000,2820000,3000000,158300.55722137413,1217.094196,a2d13a45534333912003dfe695da8522673c77cd2c29e6f42cffa60f055be261,04790aef26367533f313ef1b7e609ba25df158ae331eceaa0e794428c030ff05
R2,129,gcb,complete_connected_relation_graph,180000,2820000,3000000,246731.0877352651,1179.487122,e1fd37cb39887dc3d699e58f5e9621e48fd478433bf30dab1f6a55991ad42372,fee1cd280ebedfc2529526cb220f17141d95b750883861d75cbce12ed6e52049
R3,129,gcb,complete_connected_relation_graph,180000,2820000,3000000,272578.89888425,1203.063007,6501cc66022c353c7ecad8807ff5f372dd666a61455451426f2b37b6932c5729,c7eef956cdce597e4e3fcda5e57d13097e45630c4ec556ade3ad7703b7909a67
R4,129,gcb,complete_connected_relation_graph,180000,2820000,3000000,294230.3447968436,1222.529677,b272a243e6f8c91196515bbd2d3dd3e43d26ee68303b9656c88e1f38d16d3220,d696139c0eff49e9141906356fe62fc6774d9df93ae04c0fb6a150c6a5adebd8
R5,129,gcb,complete_connected_relation_graph,180000,2820000,3000000,314314.52126316377,1227.745574,d451c6ccd710942c91c7a28a9ffcfd95eb23861c817601c451fc654dc947b337,3dac990502ffd33cffec3819f665bcf713b0b71590a0080002943750d1ef74a7
R6,129,gcb,complete_connected_relation_graph,180000,2820000,3000000,334076.7795848883,1266.118028,ea3cdccc5dfd2e9928a66a04dd180d2c141aa7b14dce4cb6aa3051c9b29a3a9d,9dc6efefc16fd3934f256ea889c16b28f0557b616beb0ead9c5152adc61afc4a
A1,129,ctp,complete_disconnected_relation_cover,180000,2820000,3000000,78904.17402469486,1727.707636,ed7e2eac9fb269408ed7b5e3333865f76b02a8e7f0e5cfde63adb53aa4a42420,8b37884e3c4eb8940b02b447c941d8bb713c3f9badd0bb2ff3356bb3f1b0c10a
A2,129,gcb,complete_connected_relation_graph,180000,2820000,3000000,78708.02364306485,1246.011847,4d376b5b451f48b1f7e315f8e989992384e10149eb0a262bcc9fa71bb28e7702,b8d73abf8680f9faaf36c779cd0ae2a2ca7a729b13361d02bcfc66c03f115144
A3,129,gcb,complete_connected_relation_graph,180000,2820000,3000000,78451.70691877906,1259.500995,85d2d4c27d1c0cfd4225b407b90c1b4a068b89a214f2dd260aa7140d47af9f0b,b743a8f2f7e40b98e83e0bd99db1ec3736de552dfb847730d244ab049167f100
A4,129,gcb,complete_connected_relation_graph,180000,2820000,3000000,78641.02818903969,1302.967983,4584062b7e278ada1d28d034d6a2dcbf08ef52a63126436c5eac4c1f5cd8a7ac,5df3ed4253c75bf051db0ddf62b19d1062af2a63645d26f4a6d9b76b3e9e22f0
A5,129,gcb,complete_connected_relation_graph,180000,2820000,3000000,78875.57709946948,1330.560093,3068c76908545bf10df5be3cc73c01c2f6b2b2ec6cc5cb61d5f8bb10657b17cc,ef3d3734214f52f3d7d56dace7c1cf5a98cc9d0801f7ac67318213b78b74b61a
A6,129,ctp,complete_disconnected_relation_cover,180000,2820000,3000000,78547.76535439822,2497.341995,992a3af988b3ca2ac82b6f81890d8e47e994bc4dbcab3fbd12babf210b4e1765,7899a2464a79769ad94156314f8c0cb494bfbf479545ddf9140d1d37f638cccc
E1,130,smp,complete_zero_relation_blocks,180000,2820000,3000000,16731100.85603983,1292.318828,7e4ad9df38bd2e61c83d18618a914032a00415166a67a1bd4afdb8f533437804,d324a90a03b04699a6ba9e8d2edf3c91f6f379434e613ac192152fb2265533cf
E2,130,gcb,complete_connected_relation_graph,180000,2820000,3000000,9308716.387518248,1244.518155,70509df9fb05f668cb78dab8ce3ad549d8b8128c94a97d90278c1e7ffcca285d,211a95a9a07226f4cd1c17f5a187f19f59b271465f0018752b727af1d15ac032
E3,130,gcb,complete_connected_relation_graph,180000,2820000,3000000,79746368.14874446,1280.664336,d3b8ef6acbeccdad481819170b542a6dedb52b4bc2f53b5f469f9d3c46731e1a,10d69597a65dbc56f202c086d575041fbe3c74b69049b50869a8056af7d42aa5
E4,130,gcb,complete_connected_relation_graph,180000,2820000,3000000,38445755.37236813,1299.126308,661666b1677c93d05e1e2b43e06cfdd92cf1462b66b3f6920754976cde546afb,962eff8082527833d22bfb8595b054f131e142dad62a3c22cf2017cbe04bd241
E5,130,gcb,complete_connected_relation_graph,180000,2820000,3000000,60657029.200314045,1327.498405,a55dfc4dbb45d9e30b9e98314a48fe719ebdf3a9556b6f78670750f80eeb86ef,86da39da31644d2eaf75eb2c38a81cf67eb5ef1bceeb471beb4203418927f880
E6,130,gcb,complete_connected_relation_graph,180000,2820000,3000000,68349786.57096824,1360.730015,c38480c98fb22aa1d9e47b2b3662d75ec4b712c68c5f9080911bdc17d43f32a5,7da3835909105fa765f545207a21005b605e85488aa7299e5ff45087ef386389
S1,130,smp,complete_zero_relation_blocks,180000,2820000,3000000,3.607275426777658e-13,1228.377731,fc512a998ffabc6491801904f1b696d960e727e757e4e1bb04a19698a07fe112,386ea2295289483792e0bbfa8ff5248aba52a2e8d8dfc89893f30760a25226c3
S2,130,gcb,complete_connected_relation_graph,180000,2820000,3000000,150750.76692320532,1182.879958,64ac9e986c9af9d2a47e6ee274f434cf7e39d2ddbcc60b8ca47e3c7d80166786,8a71f36d638b6337c6f9731d2e3c651b021522420e3e98ca15a05dad995d4731
S3,130,gcb,complete_connected_relation_graph,180000,2820000,3000000,20553.686815205798,1173.768179,1069dcca2a1ce64a6202a98e045970cf07c41b2b3fe976ffa6f73df97f20c884,b083e0d21608c434ce77694f5c174012554442f8c2da0fff0ed041edbd060395
S4,130,gcb,complete_connected_relation_graph,180000,2820000,3000000,148533.73375144784,1206.895931,fed379655b4769b656b20865d0db5e708f70c976effa8764c7e615aca385c9e1,a9aac07a3163791f77a05ba85f155950c621a607bc33ddcb2d1ad500d49cb3c8
S5,130,gcb,complete_connected_relation_graph,180000,2820000,3000000,76428.78606933287,1241.576733,f99b0cbd5d7a08a9781ddadf8b10f52c7e187c723dfff4ad730cf52c1957a029,2af1e37811a2db69a09661e71f6e0b8031ce54652c3c510707927258ebedd44c
S6,130,gcb,complete_connected_relation_graph,180000,2820000,3000000,222502.83642265006,1293.635192,f2c1f1c20a8dfde9c79130fb850eea36849da94b4213649e126ddc2bc508885a,74306ee116a03d5bb2950f8c0cfa6da0a9d5bcc405dea9621fc89cddb9e26f55
R1,130,smp,complete_zero_relation_blocks,180000,2820000,3000000,201718.70988669444,1209.090211,45f1b2c43b297cf6f48154e7b6e6abe225d9f29d6f1a4c95817e00d9f8407bd8,b8803a465e5f3fd91f27a834513cc9f1fca6a243bb18dfa0d29a4b1828ac79af
R2,130,gcb,complete_connected_relation_graph,180000,2820000,3000000,200925.59029046714,1162.212476,60402f210466654868ba421652f5a4520b40d3ffecb33aabdbe73fdcb03fc0c5,5e557e9f7fa967ff3c19b4cbd38d28de6e6b8ffc460f94e90bf528bb29858a51
R3,130,gcb,complete_connected_relation_graph,180000,2820000,3000000,251304.3971416728,1157.909333,3734e9517a3f13a3217f77259737011066a7b969ed1a0e2d407cb13ee49462c2,d2ad4c3faa64e8c512b978e63040286106de1a51814518bc76fa94a365c81a3b
R4,130,gcb,complete_connected_relation_graph,180000,2820000,3000000,311168.1407175938,1208.938483,fa12b2617c5b91474b28821be996e4e47781900a5f36ed328fe479ff2fa9455d,5b75bece8f259095085120436a6ee72cec5b672ca8884be22f34d01b4e692fd5
R5,130,gcb,complete_connected_relation_graph,180000,2820000,3000000,322163.91155098367,1251.068885,7b8a8a755242a9df1fe7cdd89eb9d2378263d68b1b06912212a425f7ff51a5c4,b3bbafdb5ad692b333dcaf7136b50ed9a428f897ac0f5f76d603e998de30c8e0
R6,130,gcb,complete_connected_relation_graph,180000,2820000,3000000,332242.31008739123,1254.7759,89818abb37ffb0c0fcd108e3de39c029af00a22b7db0a1d261fdbff51b67bc31,18d2ea3c6aee75b1b725c3954e9374d289d18543bfe85527da4c86ef7ac2c3e2
A1,130,ctp,complete_disconnected_relation_cover,180000,2820000,3000000,77754.1587785931,1700.264304,e575d510c794411537a859e328b4d1b7738f6a0f55c42dccf5353d6625714b28,7c731d9f3a6a1997bf5ef48dba3899c7fcf9e2f19bfeff445789fecb2c14f312
A2,130,gcb,complete_connected_relation_graph,180000,2820000,3000000,78987.65675358355,1210.411969,150b95b80c23ca87896f173d68fcf1bfd7685d659d776407c70c1a1baf460df1,75314880873c29141347980e526b6236249cf45b0f72e0abf8532b1ce3c0c83f
A3,130,gcb,complete_connected_relation_graph,180000,2820000,3000000,78730.70631374106,1217.399109,4b936b4a6e7bcacf6815aaf633dc9890af44f16a78a5a9f824fe5f638ba0a08f,6229f5c2815e8e0f3a24c168f67a1a179646421d471e6f00f8ec2a69fce641ca
A4,130,gcb,complete_connected_relation_graph,180000,2820000,3000000,78716.85075973382,1256.138489,9c9bc75288bb7d0d61f51b642e675a5a2351ac98ca4d27d931daedd6548f104c,e804617833362f65ed3bf990e430f6fc565c248984b1025ea0716e53a17dfbae
A5,130,gcb,complete_connected_relation_graph,180000,2820000,3000000,78589.72383301103,1317.590279,9379a875995094cd26c5ad9ca4a46e257763a593704330612434902608f79f4b,a269c6e85be1b99a32c5c99668e7497cbdec128c122bb9c391aedb14be912517
A6,130,gcb,complete_connected_relation_graph,180000,2820000,3000000,78932.50111529723,1322.965956,00047e2d04e7f5afc72e30b56d8686c375187bb392df4557e299513afbeed581,ebd22043e0145da2660e87e1383669b14e09953991912733183da87b774d2dd0
E1,131,smp,complete_zero_relation_blocks,180000,2820000,3000000,266818.33081643144,1219.330502,0e44f27538797a3070be4f2bc9030fae9d80e3044ac1ebd40cbd7841ffed31ec,5826c4e664e13d0c2bb38555d328888cc4ab632020e80a14d46bdb031ac9a1af
E2,131,gcb,complete_connected_relation_graph,180000,2820000,3000000,18416566.764532864,1222.478798,988c4b8786ce1dec0bb8db58ea6f9a6c6f45b923d7a285158db276d31d813911,e0c9c0076c35bef139c1330e9d9ebee748bf1ccebe11c0107ebd704b54e2da52
E3,131,gcb,complete_connected_relation_graph,180000,2820000,3000000,30641888.256802343,1289.502545,578de319bb2de6a4de28a18430f1c9f23aee6523a518f0862b8330b1fb01a581,08b747eda75d3cd8800edf12f166a9a8b6b044c9949635918a961ad44134426a
E4,131,gcb,complete_connected_relation_graph,180000,2820000,3000000,49809251.049583174,1279.625508,f0238b1474d752678eee86c0ebc13ee9cdfa72bf4d348af57d575f14c03960af,fb0293fdbaef1d5728ea255830b315b318f26f3fecc421462f9a68e556e758ff
E5,131,gcb,complete_connected_relation_graph,180000,2820000,3000000,52226063.00134937,1314.007103,f87a9a43281e620ad9fa6b7efa143480a5f1a993edd656bd07ea52d6cf62345c,5413abec71b3a62953795a6fdd82132c3bd6f6409e0822b45adc3bef141298f7
E6,131,gcb,complete_connected_relation_graph,180000,2820000,3000000,107473502.8918008,1343.748589,ccd882be3b5b3eec26a3297d998dbd7b6ba4532a6a04739cf100d30f9807992e,e761c18c5c92aca8ea224428f9dc4bc273955903f59eaf8192e0bf614ccf1e17
S1,131,smp,complete_zero_relation_blocks,180000,2820000,3000000,4.186793051285077e-08,1197.594287,c2c3c5441dcb4d444269807c493cca9eb7d174d5978469870809b7e1fc60da0e,cc7e0c03b456703ba3c9d4a41e09fd32287ff9d72c12e9f4f887b1875ef8eb76
S2,131,gcb,complete_connected_relation_graph,180000,2820000,3000000,10527.390019417528,1141.517047,8c8cb60371b55c0b4a8c91a6acb81e960d05fc0a9de12829afde4af2c6882ccd,6c73d1dcbcf9603ba4efafd32e96b52d2593eefd4e7e000e93696b0bf4c78837
S3,131,gcb,complete_connected_relation_graph,180000,2820000,3000000,15287.393140610355,1185.405647,dd7e6fac6fca9f99891094e668cb2fdf90ebcd9607eece3e40bda8a5d92d4dcb,967c55d341059d8347003b147d0c9a0b6ef75e63f35e26e2fd62eeb582e3d087
S4,131,gcb,complete_connected_relation_graph,180000,2820000,3000000,199539.95611520283,1246.701227,9e6d946e233dcbe52c43a0658c6b482a9a2884b5ccccd406f1057509f69c1d1b,6b5a4f71c03b0b0fa131633c31b50b59a63c298244a7a73961b0c49658f49f7d
S5,131,gcb,complete_connected_relation_graph,180000,2820000,3000000,21078.62615334884,1236.600162,09543ef773d33390f9c67fdaa200fbdd9f7317f46cefa09f3cb8f2d48d9cc94a,f20bc9b5fc435cc0cc2eb38f0593d644c1422fc8190243b1a938f2f819927005
S6,131,gcb,complete_connected_relation_graph,180000,2820000,3000000,111605.2034092293,1291.238771,100417f63095ac882a75a65c92f18ed749c76db3a7fed830ed9608c98584cc3f,ec9612f02c9f5c46207aa9a3fc531ac38bae8f1c45743ae9bc7ac5aaf3f58b57
R1,131,smp,complete_zero_relation_blocks,180000,2820000,3000000,110073.85364281519,1186.050802,99b2e069a4dcf3ca6f5011306bcb7dee1c5b2f39419e286570f2ddb03a54a679,4905bb29fbba22c63bb02b7145e59ce0d306cb750288264f28413c3bb1dd7cfb
R2,131,gcb,complete_connected_relation_graph,180000,2820000,3000000,262103.3240241191,1145.739279,da5e6efadc11465b143546157e1dfae08503623c66ab711844ff80b62f56c1dd,173ee244a3e73e0a20c36eb69219b607b52dc4d20947bf66092ec351c24267e7
R3,131,gcb,complete_connected_relation_graph,180000,2820000,3000000,364746.6514026558,1188.309331,df0af487b45558f1ee0ab4d776f11281a49f595f15bf5c7cb638cf791022bf7d,b4368a0e9307fde46ef73dcc31008f117ec6d20771013aed040c8b690df87fc4
R4,131,gcb,complete_connected_relation_graph,180000,2820000,3000000,352255.9584820312,1221.340642,75134e2a16361caf6b51f8ebad0347e5d21555dcc901331c4c9838a4fa285c10,bedd2b3d43f699345cf77e352e377fb39fd9c57997b31ee62c8014444c7a0986
R5,131,gcb,complete_connected_relation_graph,180000,2820000,3000000,334050.650906759,1235.37328,ad629251e9ccb3538ee770791a00cda4f6c8129e8950823f44724ba0a333f4bf,26d2c49fa513d0f18d4f59ab070e39d4b7a246708d9872c380130ae7e93fa790
R6,131,gcb,complete_connected_relation_graph,180000,2820000,3000000,450605.8086505517,1302.234532,78059ecf55e9b96da3096bdaa73b746f0836dca5670939d23bc3a241b8a49a7f,e318fb9a99c393120fc6a3b43e7b4ac8102654750a733039d790d606a969f226
A1,131,ctp,complete_disconnected_relation_cover,180000,2820000,3000000,77989.97874322483,1661.674199,cd1f5eadfa1a04ce87212b20a365be637f782d9404e828d22f43f89d0f87a123,a0cc88763801303b680ce68631661a47a110e49db4834302f3172108b954fffa
A2,131,gcb,complete_connected_relation_graph,180000,2820000,3000000,78609.60044449939,1191.058593,5388b2bedb68099c214e005b1982e7bbc3b43099c84a0bb136757e09fcf6f378,2711b2f95b95f8c8becd006f6923eeec7ada7a95b70730f7934f3526961ba1bf
A3,131,ctp,complete_disconnected_relation_cover,180000,2820000,3000000,78685.11158390026,2316.67965,f788a140e7ea2840b4190eedede6ac9c952c951a6c3d677a986153b9a3b1f900,b8eaa314d49ddad346c41b5136b486dc82a7a2a36742433da80f0efdc3715c19
A4,131,gcb,complete_connected_relation_graph,180000,2820000,3000000,78658.97189781508,1274.43833,4fb3c27804ac3876780008937521ce39b36fc1a3ac4afc2c28ccf3c28f2b3dfd,a117502e47d246255c30234839264b16f7e92b35d3a31474f4a7a641d9fcb9ec
A5,131,gcb,complete_connected_relation_graph,180000,2820000,3000000,78556.32014304322,1294.168485,b79b9a22da182fb24a2e5f12db738d03bc46eb038c4cbe3307d8b129fe7f85c5,0c3a3a7ff6bb208cf067d098658df7d15cb13e0cddab09105269cc0814475403
A6,131,gcb,complete_connected_relation_graph,180000,2820000,3000000,78833.19002897468,1330.861137,ed2b0f4042d21efdad37221c99e9b1fe9e9501e9941df49ae4dace6bab5d4019,6a6df1b66712b23120c25c6698eeafb7aee16a429f70b148ac2946e3e6feea90
E1,132,smp,complete_zero_relation_blocks,180000,2820000,3000000,24266656.646717053,1241.70202,dfd3584e34105741f0da68ab15d615e594ffd41392ce9d34af4a2e04849ade21,c1acdfe5a130df3df9fcf9798c6f7cbebdaab0d211af8ce050d989bb2cbc4c54
E2,132,gcb,complete_connected_relation_graph,180000,2820000,3000000,11298034.167525358,1185.980882,2279130654ca36a1c7189bc921ec3a99ab4006dbc3489baa4b822bb1475ac1d2,0c233262e938f47a38e8778e42cb8d5352da43905020dfd8373b2841513581e2
E3,132,gcb,complete_connected_relation_graph,180000,2820000,3000000,38122751.09107443,1237.70638,cee8e4a6f04f20ddf14bc237f0eb4e71ad90d39585cec77c4cf9b53ca3562177,f059cee3b5577eb59e5772848726cf30e9cddc200e4c28a2c212c178293af70a
E4,132,gcb,complete_connected_relation_graph,180000,2820000,3000000,76129653.56164536,1244.853527,5a2ad4724a33c068157bc52eb377f151614eedc30604419e87a35f5bd1eb58d2,c6e3a1cb6bf21f05b932a72288fbc32bfeb03289a702758a94083a15353dcd78
E5,132,gcb,complete_connected_relation_graph,180000,2820000,3000000,74267477.93364805,1242.43981,6f89166000892daeeeedf22ac21f971fb60cf99a4f30a1dc07ba9a1920a19b7b,a60e88d7eb170ffbd359a9dccf90538218eb07d33b4c175cc9cace75cf41dd03
E6,132,gcb,complete_connected_relation_graph,180000,2820000,3000000,74629350.57604867,1309.72631,a4a3a55a41948397c73e4b900d5a8fd2db92475f4168fa6b18d44732283c614a,50f6c29a37b0e13046fe18aad8fff2913a87985ee51b7c9b551c3fc989da887c
S1,132,smp,complete_zero_relation_blocks,180000,2820000,3000000,4.009874193190803e-12,1189.681708,5db530f545758436c1ac1150e211fa60dbb8f030b153d5e5540246196f9ebe45,353eb660495dc9f80d5ff208a983d04b36f62150f0e79367730042373c5f508e
S2,132,gcb,complete_connected_relation_graph,180000,2820000,3000000,70984.57904203962,1114.582887,42a9dbfd64334adaa0c115db6e0e274395df9ef2d2ebc1060461912b944d36d3,f4e4ed451016762938286d43a46833eb2174e85d083fdc3bf9710508ec01b03b
S3,132,gcb,complete_connected_relation_graph,180000,2820000,3000000,22738.812001373943,1154.396752,8db744b9531c4ba2d864faf44786eedf3fd5e1251fe4eba9c87c94c2406d0327,697bab41867eb4c299604b9ab6a0f80c6d41d682690ed9dd8927bc0253caa143
S4,132,gcb,complete_connected_relation_graph,180000,2820000,3000000,125792.32365996916,1172.75433,8de8f068f4133eaa0a4a0c66b6132958f05518a10ac56d2798c9087cd210115c,6cc7dd209db85fedf720875f0c16f70b4789e9daafba7f9590521abe50b59100
S5,132,gcb,complete_connected_relation_graph,180000,2820000,3000000,32289.55844475549,1208.461011,ff73aece668630fd487a5f4d236e8d5c4c0f70d34e0542d768d00307b6e52345,9352f832969c10a27d193a8fb6d7570eb3ad934565786e354b65c74f75acc4bc
S6,132,gcb,complete_connected_relation_graph,180000,2820000,3000000,131935.93441366972,1258.623149,ab4befa5ca29b0f0516f58166d4c2f327f9c0fe506495add7b4960af00a41ec5,18118ef9646dd938c94ebdf4d12a4190f0fa39a48a0335535e7bddf5c7ad1d51
R1,132,smp,complete_zero_relation_blocks,180000,2820000,3000000,160506.64157386372,1150.343523,0815297748219da9d9fa74b7d44282cb5e58ed4a3c4901f771f5da2729340c7d,fbf16af229805de058dfb19c071c25a6fbbdb20e4c470583ce731380a6b42457
R2,132,gcb,complete_connected_relation_graph,180000,2820000,3000000,237882.23347199158,1150.189238,dfb01026477bc9cb28837abb23675b1612c42435ba381c1e2a090a8b81ba2c7e,4b4f8438bb724f8ebe111bbe7e1ff85801e3f7685c54004a23fef609f63f0aac
R3,132,gcb,complete_connected_relation_graph,180000,2820000,3000000,300724.87766634405,1163.116716,a246b21402ce372eec8550d64a01086ec597f39c7f16e13defd118d030b61757,9842aef60bccdc593ae2e1fb1bda85d98a1d1e5251ea0743405121e735feca31
R4,132,gcb,complete_connected_relation_graph,180000,2820000,3000000,344206.2058655485,1216.186853,f80c61e3c4b26bbdf8d617404aefbf337803f59169da86bd4a35607288aa63c4,2b12ad98bfd03f0dbd1b7a01fb532350fe502bc0a803dfdf7bf5df990b51b3fe
R5,132,gcb,complete_connected_relation_graph,180000,2820000,3000000,389237.01285046036,1262.826751,777c1d77b69320d83163e87cca67858031e2003131697db9fd2d29a9e3f98d18,c5e3c2938ea7ded79e17b0550a215b6b61deec1ada969a911872a49d79349633
R6,132,gcb,complete_connected_relation_graph,180000,2820000,3000000,478686.02219965257,1307.861406,c4db7ce901d187cf5adf67f0c1024d5be016773b14dd385b46b278367b0884c2,ca247830a11e44adbff00dcdfd7051af271654afe42803f0b3ed3dfc87f4e9f2
A1,132,ctp,complete_disconnected_relation_cover,180000,2820000,3000000,78166.69287093799,1736.711929,c443ad9eed48c05201682677531675ba322f45c3c52d35d6c07e3565b91fa91c,2ca3a22b7b2748e1b261dd6d772cc0b78cc8286760fd209baa45242be147d528
A2,132,gcb,complete_connected_relation_graph,180000,2820000,3000000,78847.05672704653,1241.209492,90c11199ad4106fceedc099b1c4ec246897f4fcbf5f388898bab6a19599a1e1d,9ca9f4c8f920f18fe1e7e1d6829cc314355a0e7a94a5a689b6dfdd8fc84db452
A3,132,gcb,complete_connected_relation_graph,180000,2820000,3000000,78628.43200824062,1247.304195,2c59516796ad25a7eb41e1e9e9d8961e043595a583c220b4549509c97d489c97,be2618688818fb1b86a9247be6165e657506dbe5b600945bfd99d345c140fdcd
A4,132,gcb,complete_connected_relation_graph,180000,2820000,3000000,78791.15938264813,1284.990598,788c4afab17c1afb8ca89b067e6ca5257dda8334df0ca23eeb56c71f8322e1a1,4722046a866c13a9e82779143215fef1316b6b8262965b8e13ef44c5e73e7f4a
A5,132,gcb,complete_connected_relation_graph,180000,2820000,3000000,78728.5401792631,1336.631054,5fa3624c1afef7cf7f124f55154d0c174e7331e96d0ee8c04ee7b5322f7766a7,05ad482f9fae2588e31a36f8229eaf8c908556ed269d3ef000a6cfa5e0aada8c
A6,132,gcb,complete_connected_relation_graph,180000,2820000,3000000,79519.13954601584,1385.455391,ebe9ea12facb368800659fb132e9779733c704df3a4c2791428cd333a6d1ba7d,c2c813e43c311e87ea977624899424843ed5e54e3ad947f217e67711a45bd535
E1,133,smp,complete_zero_relation_blocks,180000,2820000,3000000,4431947.309912476,1282.992174,2d4df47387ad27524b6d645834e580754dc1123b63c0c7fa14cef5a8550c483a,bdd6537d983c6c88f842607e4672e2462cafe2fd8b925acaad468427f7c19f35
E2,133,gcb,complete_connected_relation_graph,180000,2820000,3000000,10529902.336350784,1232.117301,8d7a3a7d056054f023545e83deebccb012fac0df0527f8b527c981249265439e,9c40219d0ee859146baf970d8ec41d9393f5b264afcbbb57e64b7ddac6c842ac
E3,133,gcb,complete_connected_relation_graph,180000,2820000,3000000,29502220.247659802,1265.498098,34b147d74f7229be5f3979121ba2ed19fa4293efbebcbf6d2fd264b720658cfc,e14f9d8060cde71ddccadfc3d85a496cfb1da1898da16df98add7ce7e870da3e
E4,133,gcb,complete_connected_relation_graph,180000,2820000,3000000,70871893.02875134,1310.922388,60ecd890b4fb77d65835901e329e9e5774f0bf76a9a6c717d1b0e51688e98a10,9dc0f9ecbad51c8cce92e875fc7f2a94c07bda80057407c4aa5ea157e653c48d
E5,133,gcb,complete_connected_relation_graph,180000,2820000,3000000,57271518.83153631,1302.563679,a648b8101f2026c79a7ddc64d6ba80266ec6b64d28e8073a89e9da4878fb7db2,4cdc5a941685d1e0368c93f36918dd8e19a7970c59bf63be3c8988a28ab0a865
E6,133,gcb,complete_connected_relation_graph,180000,2820000,3000000,66916392.06987922,1348.132445,3a232e778dd9bf43945b30d1d03ab077a2ee508649bfbeeb1a8a4194fef78786,37d0a4abc1c1b49b341df5ffaa124cda89d9d4e6699c90ae2ab821fc1d5e41c1
S1,133,smp,complete_zero_relation_blocks,180000,2820000,3000000,3.2366778538962914e-09,1215.545532,7a530636e062f328bf7572dfee84a70bba9e9965805274e71957217b699d770f,1867f93034fbefb4de14c0ee32b90135fd4c9cc81476201bcb7565945187bea4
S2,133,gcb,complete_connected_relation_graph,180000,2820000,3000000,17986.88918150661,1171.198589,cf3a9506ac0806c4ea7fb60f17dddc04326970264b26b885f33c0e80750e671b,c63e1bb813deb7458f16e41896669d1d94856f6aef54cbbce7262ca4c8cd3fc1
S3,133,gcb,complete_connected_relation_graph,180000,2820000,3000000,9489.656480774176,1174.297943,9f0fe4da255b35238d66ba199984fd3049ee0944baf3b81eb0b7e36402217ab8,6ef8240d1c6726fedcc9f8b64c952ea0fc1a4d106bb853e3b052fa6d4baf0ad7
S4,133,gcb,complete_connected_relation_graph,180000,2820000,3000000,19295.432183294506,1266.323674,f65457406d83133be0796180269a58faf43b9f000f390bfcfa65846448fa91a4,731557061f59163b0212b078ef1e0898e02733553859ecb536c247a895208ccb
S5,133,gcb,complete_connected_relation_graph,180000,2820000,3000000,74835.92709102038,1299.568251,00368da3885bd20a6a8a004bd54010e7f3c3af9e34adf253e77ee831388c453a,c008d463db269e62c16db11c030076d76b29fae290ac1459dc6b8b85f514ffcf
S6,133,gcb,complete_connected_relation_graph,180000,2820000,3000000,138228.26364788186,1319.852429,d998a3a148993d276cffbcbfb9f7b1dc52a78ec3d0b52169414ace41b00f6a7d,9cb05fb34c32aca3c5f5fb4ab97ecc65a9878ebe5f64424a67d3b9143e29a382
R1,133,smp,complete_zero_relation_blocks,180000,2820000,3000000,156344.08178951187,1229.553835,0716351366ac7b250e3fb03112efec5fe8e96492b8ef078779c6af35b48bdf92,7e8d537605fd985c7128839c1984374efbf0ffd8f7a996196c9430ec43643165
R2,133,gcb,complete_connected_relation_graph,180000,2820000,3000000,274080.13142040954,1168.769493,c9a4e398aa94df57ec90852469129a274e1d62d3b0b9e44a4a5559c1b565896c,93c4f64b86caead350c0000f8023a919dd0ec27dcb0b938a5fef04ebb0275880
R3,133,gcb,complete_connected_relation_graph,180000,2820000,3000000,299939.1325302903,1214.843669,bba6d902a378303372f73e1298c9bf5fe9f9c4634a3c9ec173e3314c897d6e65,710c0bc13db7b22b4cfe59d4983723a5876ed7d7d6c2f1529ae5e57673488099
R4,133,gcb,complete_connected_relation_graph,180000,2820000,3000000,358093.8101608646,1237.810521,f792237e45d4ac8a804e87054af096fce9134e5707b9af1472977864bea030a1,99f38e4163de9a8c465ff679232329503951acf2c3ca0fd89cd8a422c2d864b8
R5,133,gcb,complete_connected_relation_graph,180000,2820000,3000000,396108.40986178064,1270.154906,33e6587f4fe20bc9adf3481d3d80bac75316d36a2a956372df11e4e07b6ed3d0,7cad6248b743d13ebbf30ac7e6546bd0912babf520a8823a7ea24c7e94684817
R6,133,gcb,complete_connected_relation_graph,180000,2820000,3000000,388308.10010842676,1315.862321,603c0ca0cc56e9d8d5eba00810c5b653679f6c70dfef3ff936b0b545d85e9578,9d9a8d6c7e0a6857e79baa5006a4448a39dd43321efe31d64ea1a69b0c4cf1a8
A1,133,ctp,complete_disconnected_relation_cover,180000,2820000,3000000,77997.52811132633,1774.459815,ff2dde799b234d2bd2db0033c0893a6be83c81144cafd9b928eccca772deaf27,f4a2508645b2a43aa14716ec73901e59660211dc8680da3de742ca56a97bc86d
A2,133,gcb,complete_connected_relation_graph,180000,2820000,3000000,78893.64966603505,1235.97633,743820ebc2f3c6b2c796b9072569f929b4bfbf4a9c5d14e73ffcb4ef3297a828,4a944a0deae832449fa0ddc56f53d317337c6edc90674894db9b519996a460d1
A3,133,gcb,complete_connected_relation_graph,180000,2820000,3000000,78952.42534069654,1241.511943,8315792be62290c1771a2607fc9b83d50ab8e8069a58c75191b12f95f6e1c8c8,4e7cdd29d677548bfb9c35a8a8b89ea18630bc8af03854bf1524cbee51cf97af
A4,133,ctp,complete_disconnected_relation_cover,180000,2820000,3000000,78777.02733802273,2245.851489,4bcd19a073542f5574f90f5236b74bbf866308f234f0997164f8e5ee95e9f9f4,64741300b9f1c8d9ee70e607d1b36a4aadd1a91ea546726266c999e5e847697b
A5,133,ctp,complete_disconnected_relation_cover,180000,2820000,3000000,78601.76712996731,2306.320491,17e4c915f0b1b31546b6b05262d34c2311e6ab692b28ce6e69ad38fd6944b55e,01722b6d35602c057b4a7eb731468df471ca0a260fe585a14f999db31784a551
A6,133,gcb,complete_connected_relation_graph,180000,2820000,3000000,78903.51056447317,1366.435518,3143f40fda1557dd60808d79ef9be338dc180dbb9b335ff6f92fc489bb14f294,ef3a432c8ad28c3224e9d9379d913540d4b9ab5d2482988bb03ed98fe7a3b7fb
E1,134,smp,complete_zero_relation_blocks,180000,2820000,3000000,11204690.214574557,1221.947452,61f03e376fd6a049bdcfa9d7c2fc4e8138c3f48fea72d300fe44c695ca7967ea,0c22d3357d171aa926a9c46826800e0446739881aff3a5d3bb2b68481f862a18
E2,134,gcb,complete_connected_relation_graph,180000,2820000,3000000,10672236.013581367,1222.886613,13202c339936a0c6cf7cbe9ba8945cd6ddf996b841c3e0e4d5be9fd2a4e524d0,7b4a4e57829e916ca128b7161f14077e58da8e25621885dc4c4aaba9bf32b9ed
E3,134,gcb,complete_connected_relation_graph,180000,2820000,3000000,30593686.885283273,1242.290818,6ed3d356d1f83af0126eb244445e0e8a3b2d875636feb41e920b8abdb6bbc3fb,bb4b12c04e52260ed1114bd066abc6798a6fbac41b9b3897e2a1671201353727
E4,134,gcb,complete_connected_relation_graph,180000,2820000,3000000,30629327.718804788,1260.803964,7282f3555afedffe779079ff8684ec1527cda8c71f53b03b50f9317becf26499,2fbc3b441b64e1c5e1e6f58eef83dff6b1bb6cd40bc1dc38f3e720e02a5a49f7
E5,134,gcb,complete_connected_relation_graph,180000,2820000,3000000,53105963.09270803,1255.735239,cd056cfda0adea3d05c3e008df332d0fe6b8e77345e6c9cc4e532e7911552672,95b588f40ef34c67d263b5297175cd97fe5d9bbe3f61ae41f709ee3aede5b210
E6,134,gcb,complete_connected_relation_graph,180000,2820000,3000000,70488231.04695286,1331.374892,036bf7691e38f0539362801a6eb215599c7ae95429dd60b24423ca6eae2a0d6e,beef68ba2bf5c79aa0e0fdfb3a1db73a8ab7d5e3e6519240f0b63901ea6eb8e6
S1,134,smp,complete_zero_relation_blocks,180000,2820000,3000000,4.890619162861109e-10,1201.844899,36f02a85f6c79cd6cf0f1371314675e488f972851ac26c01c5f4b9eb4d59eb2a,9d17bd997ceb275b7b1bb98ba20760c23eeaf340073902aa75706373ff61e65d
S2,134,gcb,complete_connected_relation_graph,180000,2820000,3000000,47835.68133777031,1165.16408,d55b259a806ec0326008004957ae409633720ca05c71eab8ebbe0d4a2f68754f,d59954d03f7c8aa697cdff2e750776e87a9d3f9f991a6bc8795d1307f9c0ca71
S3,134,gcb,complete_connected_relation_graph,180000,2820000,3000000,41672.849942874534,1193.850225,e5b41eb23fdc1e5e7fcc6916e97d217eb6745f090d05ee430c7e43e4cad7254f,c7af3862c71a64df243a00b409a8a23b2b345fb9015a7b103fc6f08109fef2cf
S4,134,gcb,complete_connected_relation_graph,180000,2820000,3000000,47091.52597889033,1197.493214,12df29ecc0667691afaed193c04e0dcab04aa9b11e7ff376934ebe726cc6dec2,54fd037eea96db09091888c5f4021690ca397501ed4ee1719ca02fcf5038f1a0
S5,134,gcb,complete_connected_relation_graph,180000,2820000,3000000,190697.90425203764,1234.95422,3da2cc4772d0f7eaf57b4ed494686bedf257e8d317628a486d8e71b133736b9d,b3aefe714a3020d34241a34a1b063d0db228f874fce27b4b8f279e632bfde172
S6,134,gcb,complete_connected_relation_graph,180000,2820000,3000000,267423.72635328874,1255.096929,36a4ea6d51c7f68a7dd832049784bdf8b7c7c87e0374c0964dcf53a3d87b7e29,791fa5074271c156fea6adbcff119d9767328981b67b07af9c663090eafd397b
R1,134,smp,complete_zero_relation_blocks,180000,2820000,3000000,194861.67792642035,1161.437868,c2e5ea09bc6c5e5e2143261c67182b44711ce2bef6dad0c9aca69fcc063dfbb0,fe388eb5c51af20e22e24a3a71e59dd5dac015da4eda8bc72da0fa093ae85de9
R2,134,gcb,complete_connected_relation_graph,180000,2820000,3000000,216808.70684394287,1170.828839,e16e80741d20c024061d324382cd8d42e372a00247d16c835d4b3b833312571e,0b0e223e70c55fc20adbd23e776fdf1ce9cd0d58de4c9436e2879c6630b2fb77
R3,134,gcb,complete_connected_relation_graph,180000,2820000,3000000,231612.900490009,1164.474318,00614cd7c034834915295825fbb2f741c58ead84d0db60244899733ce8b70b77,4ca9c23ebf24c68c88faa0e280a7568a775f4c47820f966580f14a81429df8bb
R4,134,gcb,complete_connected_relation_graph,180000,2820000,3000000,226666.59864957165,1192.327333,d63b9a4940d0f26bf1ac6d6b75118c9ac9d752e5bfa0f2b8176a973d75c06bf8,fc522abc9b55adf3705c177029262c9daae9f4a04ee433b1c4179f4dab39b2ac
R5,134,gcb,complete_connected_relation_graph,180000,2820000,3000000,301594.02695998864,1230.046671,6905817a71c85ea02587760fa94d418ea53b95ae3a11ac8609b33a2b711ce29c,e0e820527c13d288e27073308e1c7a90801623babfa490ae0c6a64ade2cc55f8
R6,134,gcb,complete_connected_relation_graph,180000,2820000,3000000,353469.593168708,1265.426746,d0a67ca6704890618f302e780a5b841b71381c95fe6e20433a47f406c6063395,b84b840452fa3fe7d888a2c6e72cff6b0857ca543711f525c57e49b037060dac
A1,134,ctp,complete_disconnected_relation_cover,180000,2820000,3000000,77835.78014248381,1682.600475,49594cd812ec86f799d60ca407faf60f9a6bf73ce8700beef3233ed872406ed3,05c536722ac90b7612ff1ba8d1c9b684a78dde85a6e1452eaa2c9ed2441e39c5
A2,134,gcb,complete_connected_relation_graph,180000,2820000,3000000,78350.4378147649,1209.322909,c6ff2f2c299cb348df23fd641a38663517e8c0f0329b1010235d54211e05a319,bd34caecacd9c99b1ef544c87fa72c2c21f5f6e0c653a8ded372f5565b7218a1
A3,134,gcb,complete_connected_relation_graph,180000,2820000,3000000,78227.33307207238,1213.971272,119586c9a7fe3ac94062aa798570198e3dfa2f76f85919011ea4244ccb099c8b,6d0829ae2a4f1c7f0ef2a8988fdbc1e7c18109282521bd62d523efaaa6e7c88f
A4,134,gcb,complete_connected_relation_graph,180000,2820000,3000000,78627.64045519945,1265.733565,706c51fb56e237fc05e92aea3d3503456fef505a7259e5111f5d542845b25880,0cf470fec8788a9a1b3d7084f6f15f31d9637fde2703249713ea4d5f0835b873
A5,134,gcb,complete_connected_relation_graph,180000,2820000,3000000,78914.8635092608,1297.757675,c394948af55d7228dd2cc1c52911cafda412254737dc2bffcdf865cff5010eaa,735a67a5e7e38fab276482178dab6b9798e173ca4b48f46ba37c71dd643e5f8a
A6,134,ctp,complete_disconnected_relation_cover,180000,2820000,3000000,79144.96707636617,2367.208092,7a2420e84f0a6c6502896dcfed6ab78f9fbcc2952592fcf54b5e1e4f10b029c3,19248687e40a791285e1d6d13357959d838a33aab17df2d74e8ba485834274ef
E1,135,smp,complete_zero_relation_blocks,180000,2820000,3000000,7162569.513255407,1207.740359,93b79b9e5ab471b703a6a1731fc7253a66ed2b9e0a03d0a1f186f4eee0bb917c,9a74bab5e79a74a587d74166eca17324361bda58d8e88e88ea3e4821947bc237
E2,135,gcb,complete_connected_relation_graph,180000,2820000,3000000,32311733.36086997,1202.489302,0aa13cc1847ddda6e245e6dc9eee4491c603fcb810e92ac896e0a109f4e7be83,d805ff069ce7de7f99f1ef7ee0eff47a2d69983cc2559bf52e10a170c8eb5571
E3,135,gcb,complete_connected_relation_graph,180000,2820000,3000000,39985923.2698041,1252.550022,0901e25b6cf2dfa2e4cfc74b866f142e108f1bc17dbb052b11539e866c9ab446,b23650e87f18a015eb424dbb4268713877028f9b374db15c703cefcefba1fbb9
E4,135,gcb,complete_connected_relation_graph,180000,2820000,3000000,52806125.76661693,1248.044081,0e9a7df701a0528b912a84d550fc1a4dcdad400339656208b2508674f4a28895,3d83cd462fa152e2183f8535186f1fdd62bc4c80154b1ba85f10017e6e38e57b
E5,135,gcb,complete_connected_relation_graph,180000,2820000,3000000,103156083.83216895,1263.77206,22d2125ec827c30e3b347e88b7d6aa2abbd656727efbe8db8b094228571703ee,a70cae8b35d41a991516eab16266586b22345bbc548b4807ea329a4dec931207
E6,135,gcb,complete_connected_relation_graph,180000,2820000,3000000,123732518.69266522,1296.57423,d07beed45d8a69cdfe322e2dd5325062ed3a22b050d64b5132c4b16f189b0d7c,d659a74bb4d980de428321765730b77872b270e01886c23fc5f5b56808096c1f
S1,135,smp,complete_zero_relation_blocks,180000,2820000,3000000,4.542102895856073e-08,1193.315456,8fb92029777fc06058f6df3cf46431326764a427ab96abf0a320fbd179dc492c,02f0b8891e37b00756cc37f92c2d4dc3fbea2cf87d76e20d72852821208bc292
S2,135,gcb,complete_connected_relation_graph,180000,2820000,3000000,75798.32707585116,1157.454347,5784c0ed8a6cd2406b6a83c717ab7be5168fde8376f6eb41adc0b7c12e9cf856,74a3963132c17465048b59636899c868947ac6b13402b31d657079b90e5bd44a
S3,135,gcb,complete_connected_relation_graph,180000,2820000,3000000,50989.78119956312,1204.465331,d474940a588338ed0f88daa3856f13fe3afe71032a982592925bb6c1708bc620,86974eca89e63cdaf2fc1eef100ca90c2d127fd51e9bfa9d78057bbaa6506c5d
S4,135,gcb,complete_connected_relation_graph,180000,2820000,3000000,127479.58800096778,1226.24897,3186ec2d8aa2d97e381bf7a69fce02185fc94fa9b90c4a42c6bcee11ce162775,c16413ebb629fa3635f1bbf9ad2da34f6fb047a1358791047680dce68c49b064
S5,135,gcb,complete_connected_relation_graph,180000,2820000,3000000,114134.53692401113,1255.596934,e448b397318a920def7e9cdfb9854c9a29058e4b81ad92dac934235e87fcc18c,4f69c826b5cdeb79534cf4e16ecfa555c3012c77b26f430b9cccab85407f92c7
S6,135,gcb,complete_connected_relation_graph,180000,2820000,3000000,161154.78543382967,1266.125164,ef5d4633ac0583ae63068a964bb1b351ed19810a7bf87d9547220fd5d8d613ac,3e00e49938f55a03af7adbb81b73462ca0722686d75a49117165eab9cdf5958b
R1,135,smp,complete_zero_relation_blocks,180000,2820000,3000000,131942.7621521425,1182.588746,d3c653be2e7cc55d61db5a86d8d152a38b96ab7507dacbca53bd49623fc93c94,1bdd646dc3988651075fbc924b529d95525144bcbd5a6c72f4f31dbb5642d15f
R2,135,gcb,complete_connected_relation_graph,180000,2820000,3000000,196420.41023918014,1146.26227,f626185c1ed6d9445ab1b1a077232de53dd01696be72afc75b8bd131ffc8b7d6,88569ea83565098c94c806211c49fa1e5df4bcdbf5cf567bacb50b4e808d720a
R3,135,gcb,complete_connected_relation_graph,180000,2820000,3000000,363091.8254103105,1171.986303,666e5aa703ff39b35ea1bd6ab50bee84836a4a3afa1890fa5e3e8417dd9000d6,d16b53cdb6101d998f967a2e70f96787dbbe3464f2f8a189f1cf7cc261d78042
R4,135,gcb,complete_connected_relation_graph,180000,2820000,3000000,331040.8225744822,1235.769183,5dffb91cfd83a10bafe8b0a52c58d8d187a6755193624517fb67a1b35acc665c,39411f5b51efbfd14580c8061a82b6ade4bd16c96384b9b34f81a17a27e4dbce
R5,135,gcb,complete_connected_relation_graph,180000,2820000,3000000,342880.5770106723,1250.376099,9c8f3b95508fa6e6682b36c142c6ca1a1267c085756b6d0ec1c3a29f9b1762c4,63aa22cb2c2377ab73aec21f6a2f85bafd4fe6ce2b070ca790abb1cd1c445fff
R6,135,gcb,complete_connected_relation_graph,180000,2820000,3000000,417599.94588029577,1258.826412,aeff2ec0b8b109c0b062305323165e7c9b91200a412ec6c625a16ccd5481dc6a,7946366cf8267c0a4afb910b0a96a1220b24f57109afdf01a77a731fa063bcd1
A1,135,ctp,complete_disconnected_relation_cover,180000,2820000,3000000,77698.00165564052,1667.089705,c8c04d53edb7f78a7ac279c6a3848ea51011343ef0ddb823a31eee348867bb19,db02854cee3fe162a4acb711b83ee72793b1c7eb094bdadc57ba7b07ef6c971b
A2,135,gcb,complete_connected_relation_graph,180000,2820000,3000000,78666.88760263145,1190.202692,aca9eb62c883033ddf32f2d2d930a1d107d0a22736e24bca911cc79e2b9d3d51,da4bdec4c273b77ca832a5187101f089d5e806bf13d4be4d7a844061824ace9e
A3,135,gcb,complete_connected_relation_graph,180000,2820000,3000000,78460.36762302511,1227.109895,1a36f7677ad5c04f930dbff16206423f662d0235287473f63a6cb3c8c3eb5338,7a03133fde455a9cc879f92ad4aefdca955a7b5e57813dfdbbd5941a0a0917ee
A4,135,gcb,complete_connected_relation_graph,180000,2820000,3000000,78761.34875076446,1285.174756,07a9c049ce3ff38f2ea112c21d421115c0fc682b225da988d30e5d0bfcaf43d5,e1f8fb8251f0944c725bd43bf7dcca0d71cd6422232d37d9b2ee014783c68f0b
A5,135,gcb,complete_connected_relation_graph,180000,2820000,3000000,78616.89005039295,1315.170926,cf4cc545961f6a23fed5ac5b1297fa71cbdefafa96596bd52731408ac012579a,bdb6eae48eec410270ba33357c2a7a1be813bd94319c1c6948bcead5ba6c0dd5
A6,135,gcb,complete_connected_relation_graph,180000,2820000,3000000,78694.06542717478,1341.551661,efa319532f91831512713b55dd295dcd269c4474ffd54d743e73745f953a3d7f,41f47c9d2c8c11453738b291d4baff7d0d8d23fe76fde31f2739af74e46bcfd2
E1,136,smp,complete_zero_relation_blocks,180000,2820000,3000000,5350985.343358189,1183.513758,4f00a0553066d0d10df4cd99d133674bb2b7175c2e52b42071e35fae01b64eb7,9b2c2fed19a20d9a5327de7f98bd12a67208be2853dc8d68038d75c3bb81a989
E2,136,gcb,complete_connected_relation_graph,180000,2820000,3000000,10343718.19588587,1200.254207,b70bf16b50e41ca15db7b4039ed5c8971e1bbdc9ca5241b240191e81e5cd6c05,c665873523f003145b5aeb8ed707b9430240a01b2fac3be7faa2b7068d2cd008
E3,136,gcb,complete_connected_relation_graph,180000,2820000,3000000,34664107.58233845,1213.708061,ebf4db1936f03c27d1edac2c8df9998b924e02e3a3580087200fc436341e423f,33655ba94054d47215c830f3f5c56ad865ee8c6d6890eb761c2995acb2033d2f
E4,136,gcb,complete_connected_relation_graph,180000,2820000,3000000,26618310.500619836,1248.163868,b4092e2eca4c8c3bbb7bdf3a9609fbe85023ada7ab0607c521bb38b415293e05,98c21912bb6bc298447db5a514483b3776cff1756d7196cbaec7e8f59197ab4b
E5,136,gcb,complete_connected_relation_graph,180000,2820000,3000000,50996467.97370132,1241.225954,74a98ed3dd5c6864009ff266bf94ad50b961a9c6f0c86f5bc60cedc37cd6fa61,580a3bda9b314df453d0e9efae8e22016c47444165eef8b2d8c2e6d6bdce9649
E6,136,gcb,complete_connected_relation_graph,180000,2820000,3000000,76228547.82710017,1323.037282,a2910dd7b6fe96db931a1df625d7b9885533392658953c96afcee207daeebf3b,a301d550e5a2de276ad6f166a3d3730c3f18425619366bce398d8892dce39228
S1,136,smp,complete_zero_relation_blocks,180000,2820000,3000000,2.0852971428314764e-09,1184.944224,0f97b20d23fdfd9a881fb679cbba4d08392ef40d9eb916759790c3f1125415b6,83f6daf1f47aa3fe7f1ae72e64a54f8646b633fb21c4673279d02c77a7e836d9
S2,136,gcb,complete_connected_relation_graph,180000,2820000,3000000,78518.81375788548,1149.977095,a8e9b6b93024242dc26eea161aa9dfcc17903b5d4d98fa295fe21edc997f5bef,98ad3b2f86b71505eedb0e6bc06184171c0ad00ea708a53476328ce35fe37cd9
S3,136,gcb,complete_connected_relation_graph,180000,2820000,3000000,20574.96443786785,1168.140791,4f4d66d450d29f35e8f2185aa43f63a78357a57f0c3f41fe205760c6e7060602,14ac46d2add185dadadbc40578c877bb0d44a91395d3925a548739899979dc8d
S4,136,gcb,complete_connected_relation_graph,180000,2820000,3000000,57858.71424636651,1195.359544,034a5e12032554e6dcbc2599ca2360a4f2e51ad7d497fd8e5f29f4866fb2a4c0,5a24b3eb5ee1496fee4f202954b7d1122f88202f25ddb4a79e5adc5714baa090
S5,136,gcb,complete_connected_relation_graph,180000,2820000,3000000,26259.69322811804,1205.556988,9f51df6945de3f0c73ef0770c5b5bf47a7d09d36464ffdf2ec1a53b1512e5225,3f0e297c32d14bed87b4b07d9f582e7fc688947d78a65265cd93eb7e928ea8a1
S6,136,gcb,complete_connected_relation_graph,180000,2820000,3000000,46177.05915688128,1273.601306,74afdde00026cb5741305a2dcdbe161afd2e1b096a5561890f1427419ed947bd,ce6d818ed1c4ca2ae902b0ae6c9b5bb1c001fe7f0d3fb86273aebb7b01a5ba66
R1,136,smp,complete_zero_relation_blocks,180000,2820000,3000000,152803.10479100345,1151.859679,51128a1bf4190e3b77df857125ac9ca769a6e4af63694ea767607abfcf3b5488,e72a6b9e57f4038ab968bc7a4c3f42afca2544f5c398ae4db90214d367f8ba32
R2,136,gcb,complete_connected_relation_graph,180000,2820000,3000000,185798.27562167405,1142.46448,43e833d819c0faba410c0d19ee9683965301731b509bdd641eb7f88e5ab311fa,17354d47d563c6a0fd65a02bc04714330bece850c5688232c548c8cf43b0ba32
R3,136,gcb,complete_connected_relation_graph,180000,2820000,3000000,309711.1804672057,1167.561924,6ee9ae45acba9327d363b3499d0341e73f3e8d198a488ede78916eb2f564236a,fd19473c245ae6ff16224bb26d9af052615f1e07ca16170c576fbf41fd7a7ffc
R4,136,gcb,complete_connected_relation_graph,180000,2820000,3000000,324581.556872327,1198.29613,76be6258a0fafecdc1a1a6a332a65b165d745c9a085798df2d1c3d7e3f89bbd6,7d794b8489e5b840ae3e47c6d53cb892390d5935e76d60919b9e662e112a3a6b
R5,136,gcb,complete_connected_relation_graph,180000,2820000,3000000,294050.4907929442,1206.159481,9688c70decdeee2e1136740eb52b375b7413bc8bde023130bb23629b08e04eb3,4e8c12b0eac8d676160818acdcb6289a4598890cd0cace6fc2a38670b2f4e0b5
R6,136,gcb,complete_connected_relation_graph,180000,2820000,3000000,313177.1297537839,1259.359918,452fa8c7c4e36aa3aab3a85f11337bd6509b74b9e8a7ee11c9a1528325191e82,1013545106a2af8737125c882402f8996230da8bbdf83af6a650390be2164d78
A1,136,ctp,complete_disconnected_relation_cover,180000,2820000,3000000,77722.48670812247,1764.874383,fe8a0068e17473561eee8e08b4aa46d67e5508e8fd31bd4f639baa85b189046a,8391f94c9ab800ebbc227fffab74bfe594ddea39a029e96c1bb57d5b952b9871
A2,136,gcb,complete_connected_relation_graph,180000,2820000,3000000,78736.58685268575,1218.463934,4500033549eb24b47bc21485dec5d851643ba8dace6da3bc1dfc95af6a87de55,9c20c46ec5cb11744f605606bf547d3e75f74e2d0ea12bde6bf2fc3021f8611b
A3,136,gcb,complete_connected_relation_graph,180000,2820000,3000000,78645.78283584915,1241.749648,462aadd37aae655589e40c0370939201380a90a2d48480d284752c73d1f82319,dcc4062824398fad5924dbec35262ead10db4f05e09e3459c61250a27adcb049
A4,136,ctp,complete_disconnected_relation_cover,180000,2820000,3000000,78389.46352558357,2178.528476,e73ae2c8a8ea2656dc68d8f44d63e994f90db515946bb876951d21b354ec3f0f,7376b3baf7cce34bf4bd4b504ddd4709c2416ec67adff5a31b7142b2fe05f387
A5,136,gcb,complete_connected_relation_graph,180000,2820000,3000000,78797.31215150192,1300.037724,2a4eadfa3d2ddd9a521c09cc95d6c9fe891847f5af1cb97cdbd1ddddad5a8f3e,a2ad179ee4a554af8cad854b9490b44ab719c6b6153a9302eb73e1e29c184d49
A6,136,ctp,complete_disconnected_relation_cover,180000,2820000,3000000,78411.60255102038,2468.722285,1b30ee3de76d1b079505ced547d8a1123453c3ab2fe22f94370194d061d4e185,975710eb6287b3449fe838c205ed25f617f35a44b9ad78ec002e4941e74583f5
E1,137,smp,complete_zero_relation_blocks,180000,2820000,3000000,2046598.1725949175,1230.921746,e01877e400dd486fe820ad3cd213380cb149a8f7744a411e7f85f5afc0eebec4,d606b78ce976d4f28d6092d30778abbef64cc0e885765a54a7df1c5f51c5aa70
E2,137,gcb,complete_connected_relation_graph,180000,2820000,3000000,12043181.390476339,1204.369554,6b8b4e341b6f9afc3be8f59dbdd4872a523d5015e074e680eec511f00d0e5f27,b3aa9cd8b371396445bd2e55e890c2f13bc8daafb75231664adafa5d6df46303
E3,137,gcb,complete_connected_relation_graph,180000,2820000,3000000,40268590.272359714,1245.908559,78d5b6b223b85a0486e10695b33ffac3f8b49dadad614936e550868e2c6c9861,1eff3cb9b034f8e231d52772484f18707c5b6e18e3cb5a206da856ac4ccbaab2
E4,137,gcb,complete_connected_relation_graph,180000,2820000,3000000,23252630.20904214,1274.808761,c239ccb34993eb275349c7955cc33f02e2b1e33e1bda14d3e22c2feaff09a71e,8e275890f46cf20029b6d6c391375aec6bd712cfc8003876e7caaf00365d7293
E5,137,gcb,complete_connected_relation_graph,180000,2820000,3000000,32917144.776670244,1308.236845,a4afa316aa23b43f161d8153958e1d64288e8d6eea2984fe21e14f57f0b07f1a,89e1cf2355fb504a67a04e1fb9c23ba71379bbaf56fff70d9811486921a90b44
E6,137,gcb,complete_connected_relation_graph,180000,2820000,3000000,69610183.80077259,1356.574396,3912d9467f2ff6152657c7d116ec70e06728df61666b6f64b6fc6a75c0cc8c6f,52c37b34c7b66933fe5fe2a947c03c13e312629928e941b7ad195246e3dcf8e9
S1,137,smp,complete_zero_relation_blocks,180000,2820000,3000000,4.8858658018892845e-11,1201.542685,0cfeb807002f1517abac6b16eee003d61443a739a280544473e0fb12cea110d0,4a48a2c5f727a95da89045ff6d92dc878588c3074a3c39aaee06a83b7211b283
S2,137,gcb,complete_connected_relation_graph,180000,2820000,3000000,25423.903786722723,1157.477521,b35470fbf6af1a7fbbf753fcc1a0b81feb2addc6cb0318be59f8019ce04d48de,83f3751914afad3ca5d4cdd46c6403280407683498d8055de0a4a87fb34cae57
S3,137,gcb,complete_connected_relation_graph,180000,2820000,3000000,60442.65288344637,1189.277297,757f202e78f5164d2c828d1580d7340fbb90db4ff33271e042d7d27836c6bf19,55662ee8d148ecc475cbca811a77baaf3e71e3ccac2885da493805c2767c3a06
S4,137,gcb,complete_connected_relation_graph,180000,2820000,3000000,40568.259035679024,1241.294811,faa8f814023ddd3f7b20d51ea8ed5a7df336339b0fd5a608fa0ecc9dcf7150e9,b7519a3cc64072f19f072c0fa9d5fc41fb1522a2915cbd914e5bb06969a1f9a8
S5,137,gcb,complete_connected_relation_graph,180000,2820000,3000000,21354.715362446754,1262.30093,eccae8bdd1a35fa9c27f65e560f242f25267ea8a219a556683af2331f1beca62,6de8cc9a1f2eb71ef1b3659be92b50e9591e4d7235dfb589cedbfa3ab91e2da9
S6,137,gcb,complete_connected_relation_graph,180000,2820000,3000000,35160.7550393219,1311.456463,95ec9add64fc35f10d3ce94ff06a6959da8854062d4e6f127ec707ecabb0ad48,cb72a572287af3e58815c726813f1f5633a014ebaa6e1b48df4434f24b6cf617
R1,137,smp,complete_zero_relation_blocks,180000,2820000,3000000,178138.7874701254,1183.277058,51ed673aa0f044c26481c08d443ad0b427f19eb360a9b6eb8d4f3cef6f4302f9,afc5acb2ec587d12a9a3872b34a2850809f29e5b66f3062108d68d338f445998
R2,137,gcb,complete_connected_relation_graph,180000,2820000,3000000,206141.62543879973,1178.638013,59d089cf6fb65c156af7fa9cd13297534f1e61690167d5d059eb8796a64c5f1b,40171f93721649a35cbf860a5e265446e3e67f8522fa79ec7ea876e462f8b7c7
R3,137,gcb,complete_connected_relation_graph,180000,2820000,3000000,318659.2931291172,1217.874078,5e94e7dac7d32cbe0dad0c6d1168d4bad299fefafb4b0d451499b944dfaa1916,d381a7496e8f078e915e054ebe19920c67dc040eebebb84fe2c56680f784ab9a
R4,137,gcb,complete_connected_relation_graph,180000,2820000,3000000,304647.27232877805,1290.786999,de9cbbaff5695f8376148237469611c495f6a9dc757e2a3753e1a824b0e932ea,a7b28d068f9649bbfd59a5a39cd8de3786bf654a75a2f839e02784e174d69096
R5,137,gcb,complete_connected_relation_graph,180000,2820000,3000000,285449.24308344565,1304.134136,59f3e5b7a548ac8b220eb1571ddb3d991afeb61e7ccdc83101c68076e4a6b9c7,5b0376a31af60f8d71d6b834802628c3bb2f322c995a22dd2f857245d9f321d2
R6,137,gcb,complete_connected_relation_graph,180000,2820000,3000000,428848.7072884075,1334.157736,e886d06dfce9d24d40ebe1f1ecb0beb5d0062106deec4b938b6db49e285b010c,820cbb79fa08b70263f5a216775c388a1e1ba709cb254848429684029ebbb4e8
A1,137,ctp,complete_disconnected_relation_cover,180000,2820000,3000000,78018.85456951382,1736.581761,d70ce9adffdf6f8c7b3dfc53fd08dd5a61cf954c94c58ca7a7d3a9de0db6d772,9b05b714430eee7513e7bb8284683199c4d879a6494c1a46b9ef5af540c42353
A2,137,gcb,complete_connected_relation_graph,180000,2820000,3000000,78560.80730313616,1234.612732,2eb43d80a6fd4c5d8d63f647530461be162305591d1c7549414b731478a9587c,89cec7af4a52549d2b8c8759b5ba6af74d6da3254d56a94380524a180b387c88
A3,137,gcb,complete_connected_relation_graph,180000,2820000,3000000,78665.06064976755,1241.737261,49278f57c7b04f9854a8d937b43d4455fc4d9134089ae10bd5277b8d2cded661,18293bc56c47c3cbf259804f3555b6d12ac5bc8dbb4b534a43fc90d1caa2e469
A4,137,gcb,complete_connected_relation_graph,180000,2820000,3000000,78849.41803961675,1286.677241,c652519e2bf6426afeb472ca0878ff1756ec2b51e92351f18b10042d545763ce,ca56bddb430c84d8c9a71583215d6e75fa1220ae85b0e20f04e4ecc06ea29adc
A5,137,ctp,complete_disconnected_relation_cover,180000,2820000,3000000,78784.23288372443,2459.193948,17ac9dba34d9c32692001280e0cf2aeb1663a1f7a593f005467abf5d026456ac,8aed405eb6194579afa74fc275502343d23d850e70a9843998f4bb83851ace2e
A6,137,gcb,complete_connected_relation_graph,180000,2820000,3000000,78686.1803315575,1395.631586,9bec8c3497b0837ee71e62210c6655a2590d87e7be54945ee42f47027c2278e2,f833e3ee02430b875ec027db3f87a4f9b78d5cce66b8d216b1a3daecd5723ffe
E1,138,smp,complete_zero_relation_blocks,180000,2820000,3000000,756497.6162857538,1243.059594,0b19dc2a981ee2e11723e08c34a971d37d8a16da9cd42825a103533bbc09f901,f67852f34877f8e93e6d7c43a8a487178ed1de3cb72b939bd1aa189af9c9ff17
E2,138,gcb,complete_connected_relation_graph,180000,2820000,3000000,29435993.93362895,1237.917977,0783bb41ea31949660083b3a525866ac3d69bd5a3064101f7f813fd8e6149032,853d7a2e181e0b98e23df3b73fd1a63a5f26622f85411653002e57f0f9dbb235
E3,138,gcb,complete_connected_relation_graph,180000,2820000,3000000,37524287.71453418,1270.890018,9b6a7f791bc99ba21275ddc8e13cce441bcdc7e7de3d63d279758b3f98a50a3c,547a345cf9e4bbd0dbec8059b8934254e138780258f877a60214a7be3b59a88f
E4,138,gcb,complete_connected_relation_graph,180000,2820000,3000000,41221271.29106593,1332.84147,c537d188db5516c0dbcb59d50a9bdc75b1f0975bca021182702d29e813b17165,c7c0632113ae58990b4c4bdffa9bbdf4a09d58354db82a825dbde90f82fa465c
E5,138,gcb,complete_connected_relation_graph,180000,2820000,3000000,64593200.031297155,1355.434357,195d2c038b518cc2ada59fe09e0be95b012d5e78be194914e1954cc7d747e18b,63af03a869cc96fda8d9f23ad88418321e5c8ad9bfc2d72aa57e8710326ae9c1
E6,138,gcb,complete_connected_relation_graph,180000,2820000,3000000,87808182.85930797,1405.643663,69073a9ffda7f76dfa21616cc10bc1f6c93a3b1929f5d9ed05145457e41814a0,6f5c5d18e7e13c027aa0b0f3ebbddb7d3e516224936ae81d34caa8e2e086d69b
S1,138,smp,complete_zero_relation_blocks,180000,2820000,3000000,3.752862380169541e-09,1215.123645,0a08ee1734f1bd9fb1ebf2a4a8fa6b116ce0aaa2d08f96176799592b0a3e97ad,b37b021f91fd62b54c1d9cc79d9e76c3693b627460aaff9fc99469c0f701feb2
S2,138,gcb,complete_connected_relation_graph,180000,2820000,3000000,13399.589872477974,1173.196677,a1f4652ce6a379561188285e864abcd975faa4bbf25a8df4f8664bd1acbb2571,a13ed6ad1f401fabf2989d6d3803537ee9efbe89a45093ecf9ca7723d4277cb5
S3,138,gcb,complete_connected_relation_graph,180000,2820000,3000000,12776.230937054575,1194.20807,e498e2a7737d951c0b0a63a2ef33ea274e0d771839247da8dff77c7d6d6cc85f,56248be5e071834dffdb2fec02cccd39ff4da1e0b171b5aa61e0988f51570487
S4,138,gcb,complete_connected_relation_graph,180000,2820000,3000000,10666.490268707023,1226.457474,b6f2188fd32f635b885f2871cb5d270f8cb46f9c8946a1f3a662074701e1aa5b,0f1d97a23b29cf16c65f1038bb6d5eaa85bbf10e3f70364ece846606fe431687
S5,138,gcb,complete_connected_relation_graph,180000,2820000,3000000,15655.4233278083,1263.264744,fb1e01d37403e4f2ab7f9d565b63e8999a3700be28b503f0085c8f6b84d2672f,2a024e16e91b2c8304d41665a90d03a1c0393f958ca130607e68765d825a63f7
S6,138,gcb,complete_connected_relation_graph,180000,2820000,3000000,34109.73973992335,1309.937615,35a04d3c7ca091b51f7428b30f2936bc19fbac0fbcc9057ae36ecb3a38d7972a,130a67c76d3dfd3e709988f68c922c41c3b8a2ceaa1ab2a7a81ccf464a790229
R1,138,smp,complete_zero_relation_blocks,180000,2820000,3000000,170017.89800544927,1206.838129,ad6e8c23657da005307e91a6c5e2964daf0ff1a97c21050a2dfc01adf588e0dd,c111928104015566280368d158af9f497693631656e93d87b676e760a53e28c7
R2,138,gcb,complete_connected_relation_graph,180000,2820000,3000000,298478.3787087137,1177.444861,fcfd09685ba56504bf7af82d2a4678b6b0be2fe73c56cedc35e44820374205b2,5472cdbffed83c8aa1198a567c8960091990721dceb57fa6d6e447289f565776
R3,138,gcb,complete_connected_relation_graph,180000,2820000,3000000,356088.51696155965,1179.099848,81f936e73815ea1663c1463b22752977122cf774f7da499a68749efaee46d2ac,686e346a48d088b2d70e4d8fdfeec3662c40fdad7344ce1502364d59ae1e6a41
R4,138,gcb,complete_connected_relation_graph,180000,2820000,3000000,395534.77045126824,1215.682978,f69e48d418eaf97e0f5f4f50fa9e01a18e5f5ce6ca78d91fa1b89fa6878c148a,e9ac27621cf1ff22a86059f9f54f386ffd41c158b381651c0d8c59277ff9b199
R5,138,gcb,complete_connected_relation_graph,180000,2820000,3000000,431209.28105585626,1266.072745,ddfe3bb432178b27704cfb13862f74f5a8df68e7a7a99cd6521da8bf6cc655e3,58a2bbca3fbaa81dee021e1561d425ef27b5c85cec630a8e71ce651f66140f5b
R6,138,gcb,complete_connected_relation_graph,180000,2820000,3000000,375581.26278952084,1283.751881,545dae24722ac2e1ed6994738f47a26f2675994b1146e1669ccd2a037375c957,b379f4ada9f5fc0ad6553b2a1c6e1009d65839e81643a060d8ea22c81616af24
A1,138,ctp,complete_disconnected_relation_cover,180000,2820000,3000000,78635.91626893939,1773.961846,963f2e23167dc22fc6c3290145abbc7bfd6f1b9727f2ef1c227d8918773e25e5,1ae696cc3dcd0921aca4f856bcccca3e867c0a0fb58ef6ed80d4abad866b2881
A2,138,gcb,complete_connected_relation_graph,180000,2820000,3000000,78712.58795985674,1231.109342,f58ed75ffc71b87db6016b32fba9df365766c04b0949c9cd12756b811fd285cc,55c7c0da5415ed58a194148633db4e4823d5098b3fd78f144ea748c745ea5736
A3,138,gcb,complete_connected_relation_graph,180000,2820000,3000000,78485.00424715874,1251.607314,65dfe0d65b5fe483a7a1765708d017089f8bfe92647eff9b604bd1a655d7089e,f092faf90cef5204d5cb89e8336389abfdc9f1940355d95dc66cbfb452c8860f
A4,138,ctp,complete_disconnected_relation_cover,180000,2820000,3000000,78628.45454663836,2351.1156,d54f4939dfa92c16fcf3c7ecaf4ebe77545c9a80248f4b20cfbe15ef82b71154,75bb5251d07397dfe6320e01e530ba7ac5f97c6bab7714815754d3fbeb0276a0
A5,138,gcb,complete_connected_relation_graph,180000,2820000,3000000,78539.17489176596,1332.870958,4ed71eda26c6ed11ce41181a2b3389628ffb1cc6be06a4ac404c82d3cf4f052e,0d07c6bf308c37e74e39aa89c4cd9415dc9518680e3a62ac80a0c636d47981c7
A6,138,ctp,complete_disconnected_relation_cover,180000,2820000,3000000,78853.83854039338,2628.707384,e54e595a08ffb6b3c8ca6b036229130f9649ffcbff561b579fa2b3be190848b9,92d533c9a33095c077f70ca2b115bdd70b31df8779bc7f92cb435fe1fcc74de7
E1,139,smp,complete_zero_relation_blocks,180000,2820000,3000000,1158103.9687357878,1217.444548,c35e2d40919a8784ec9ff389147fdf2941a99bb94128a2ed31fb42ef997d8c8c,dbd65b88283ba0d0080324045db01d30355a645581c3bddd0d1f4644b9f50b01
E2,139,gcb,complete_connected_relation_graph,180000,2820000,3000000,12605480.097879963,1235.88534,279bccae6eccdf156aa70beea962458a407da6ff2487a7f52aee9860b7f76330,7fc9a4f2d56e4cf9eb309c393cc5febe4aad3bb91cfa2d8ab01aa4b8e4886e83
E3,139,gcb,complete_connected_relation_graph,180000,2820000,3000000,51134357.66897565,1284.342957,c673bca4b92b3de195fd81f9323b86535b97589eaeddf2850b8c5c874db0fa23,84bb23c8ee13fc149b7d32e32d3510b1e259719c738c02babc99682370bb2bbe
E4,139,gcb,complete_connected_relation_graph,180000,2820000,3000000,80673770.9116402,1306.546347,f4e41c12706433b7c3f1dae1c3a8256744cc50d622f6296546e5656fe0038fdd,9cb554c16237c33634852de03631bf5d72465c2b34f4803e84eb8f72354e72fd
E5,139,gcb,complete_connected_relation_graph,180000,2820000,3000000,125478384.69969356,1308.783881,287556d855c7c8fedbc634cf4f7b659ed3421c7bc27be34a5492b5c92338961b,72bec3509d85eafc108cfd1da679f64045647800203e5dfb9c8f24d36e5fd4df
E6,139,gcb,complete_connected_relation_graph,180000,2820000,3000000,116684660.91793923,1387.760332,1d2f49e9aa4f6486f120b7b4a04dcca85018585280ef901f1e76b62e2328bdf2,8067a850cc8b12d3c55e66fd95a7a8f0cc3f19fa2a3ae38519c10c2d94f4bc13
S1,139,smp,complete_zero_relation_blocks,180000,2820000,3000000,4.845003620234389e-05,1220.475094,ec5fc833b9359c7db7ebc44541e5e788d9bd68af1ab040287f02d9874b71b7cf,84e3b188feb67ea8f778f6851c3be3d43718e4794d6bfbeb6bc302f7068dd3e9
S2,139,gcb,complete_connected_relation_graph,180000,2820000,3000000,139706.25124732254,1188.71449,074f858c7d01a63f614645b409215e332f1e8a522d4abf1bb1816ce1d5d38fb7,ce8663ef0242674a9db6844606b6c1315c4edf79a771da3ae255316c1cb0b9ae
S3,139,gcb,complete_connected_relation_graph,180000,2820000,3000000,91265.36040657714,1220.0341,f14f17bdb95bd74877c566522a3ec36a91ebdb069333975cab0f7903ef4ba6af,d4275c00ad5265a15bc5ed52eee061fa095354a9342b8c07a3939a2b73258016
S4,139,gcb,complete_connected_relation_graph,180000,2820000,3000000,115327.37933526366,1263.030562,92cd81505624e84bf0787dd8995d49ac9208d9945b889f582425dfdc8b74c493,0561a73b5bf04c3b96726e23618f96bdbc930c6b67d147a0385d45e2de1172f6
S5,139,gcb,complete_connected_relation_graph,180000,2820000,3000000,85402.03801151433,1282.106398,61c837332a04ce33863b97cf558dc283d30852277aecc4a2aeb519ffabf1f688,255e91c712a3a6332f7a520f8d98d99d60b68625eef741601f2b27497ee1d015
S6,139,gcb,complete_connected_relation_graph,180000,2820000,3000000,225794.55599383134,1321.167876,9f09220e3f9869aadeaf2121a0b40b13adc2e329a94a7c4aa3aea102fc0a5133,fb962899d73cd83bcbbb019a778889d6d1e42073d6f6c10bf4d5b5e47ff120d0
R1,139,smp,complete_zero_relation_blocks,180000,2820000,3000000,152386.6590232001,1205.044095,ba4be7fc8ff202c1fbc0a7b3a51727a68c1b7b5adecddce2df61c8c0fcd3efbf,7eda4226d7aef8fb9649a73e7d806786e38ffd3a724afce5697e62e9a66129fd
R2,139,gcb,complete_connected_relation_graph,180000,2820000,3000000,192372.1522324182,1187.615033,e6728592f5dd2da7dae4f391e70521f7e31b7da39e92b028dbf0f54d3ea78748,0563c79c574ccae80779c6f78d7007af34c34c600a36c0cbedd860e12fbb433e
R3,139,gcb,complete_connected_relation_graph,180000,2820000,3000000,321493.1359498907,1236.665548,41b6705b0bf61d89a6bb0a99f84096337e3b32a09bb4614acae878ab2cc7bf33,052ae0880a5954decbb70e036b68f5eb53f42dd61f60ef9d31f0952f003f5772
R4,139,gcb,complete_connected_relation_graph,180000,2820000,3000000,326639.11346679565,1223.614299,8b4c93033f49dbe07abc177b8045fd3044977dc4bf8feabb393e5693b5bcb0cd,26b2f1c3b88de51a78a133674da2196a00bc4296de82fa8e7521e4f529417ca3
R5,139,gcb,complete_connected_relation_graph,180000,2820000,3000000,327815.9820254475,1241.582921,b0cef44740a9fe37b85a764f29a9d8f1a11a519840bbc9c58b9c8132b08fb6e4,63634496c612849f964956ac46fbde14f9ce183c28b163d4edc08ad957285500
R6,139,gcb,complete_connected_relation_graph,180000,2820000,3000000,390954.57636783185,1335.723567,fdcf2a15e3897428e467fd4675bc0f282d473f55b70cdc6bbb7b7f605325cdc8,8abcb8881b388a791f98af8b4e0275250c985edc2768f7f5d10a19d4687cc1bc
A1,139,ctp,complete_disconnected_relation_cover,180000,2820000,3000000,78308.06315126184,1709.235325,df2fc3e68657bc7bf81e371b36fd2012ddc8be6de0d00acea4e9875238c52d45,f7381fc0fa6b4b9ba7d50231d8eace4905ac47db49d4288945256f2bebcd48cb
A2,139,ctp,complete_disconnected_relation_cover,180000,2820000,3000000,78544.24576896822,2293.38463,eb4b202fd1ce069b3ddab36d5f9bb4b63fc393324ccf27bbcea77e59061002de,0e7c955bd80dc6d2acfea0472317aebc4f490ebbc3ed4059f2c8038b21906d5f
A3,139,gcb,complete_connected_relation_graph,180000,2820000,3000000,78586.38801516614,1231.640929,5e9fe734fa6399f4b1b7b791b854bea083c518599048bda58f507461979fa74f,530e8303f1ac58b553b7eaa8ce5baa6c6e83af1e95177bec537c0787ca0c5608
A4,139,gcb,complete_connected_relation_graph,180000,2820000,3000000,78379.36189026294,1266.181162,4eb80ccfc38f5eadb4be5b09234657afe6136c138c81acf2e1728b514267cf0f,5d766556b19afd9fcc7c7fe47ed61145d658d5dc72a751ffbb2d47a9bd9f59df
A5,139,gcb,complete_connected_relation_graph,180000,2820000,3000000,78600.97548694442,1348.067377,cff3bdb5ce386294dbb3a09a4c1a3be80b97f7dc685d1b4417f872cf5bc6ec4d,dd2ec84480b4a11a257a2ce898e7edbc39402151be21548e20d0129e5e9f30ce
A6,139,ctp,complete_disconnected_relation_cover,180000,2820000,3000000,78553.50443573884,2528.339758,3d3314a78bc5c12382a205c0f10e26814c0e02415c5222ee113fccb39b315c5f,97dd46cff8e8f16e6ad46b777cb67b8b86006c27f722451ba68eba05e0ec78f7
E1,140,smp,complete_zero_relation_blocks,180000,2820000,3000000,2515271.746482046,1256.47954,39ff2f8fc4b790a9ddafcfadf972e6f1d535d856eb9415e277862051e92e43c9,5d9dd3e7f9315c2c4da6d2b0dfef1d6ea7912b191b338023185128416a33878d
E2,140,gcb,complete_connected_relation_graph,180000,2820000,3000000,4177807.598534009,1216.52993,fa856cdaba26ba9ec3ee7d8aa3f5c3bc41359acca957ab279c6b6e2882716ea5,4f4d117da85f04c25d25984f7b1afd8d46fd90c0d635668bed9e4dc72534d92b
E3,140,gcb,complete_connected_relation_graph,180000,2820000,3000000,48354519.068416305,1243.990734,bb81e5f999040e314eb43ffd6411d5a52b24c919054136570c913efbee8c9fab,0f4c7bcf343b1196da83f65bacdaa26af47c26ef16dbe5cf2177eee5bf4da3bd
E4,140,gcb,complete_connected_relation_graph,180000,2820000,3000000,74338930.85143757,1289.082143,3bc0e1c2cab5931f9d92a620a8457b0e3ab6b90ede29a09a3a5602f3c6d62b2a,96f4137654280e956bd2cb5095261e2ecaf6ae9a10863c442c5f02df56b22721
E5,140,gcb,complete_connected_relation_graph,180000,2820000,3000000,80913383.44311231,1283.978402,d6978b080d9b455fba9f6db2c8c4dd18149f34f6acf7110b26493a0fc7cdcadd,749cd97c69abd8767d17a19e8d25379859385dad614647ff2fd9d538e2bad717
E6,140,gcb,complete_connected_relation_graph,180000,2820000,3000000,143141309.590604,1330.378714,ca183de9fd8ceeb5e9a3eb8f97f22485aac5e99dd78d14295147e2c52d0ef512,670da99d2aea661a38830c848ed5e3611b724ee2fa8f10c1015ec7059156c0f0
S1,140,smp,complete_zero_relation_blocks,180000,2820000,3000000,2.1404972719048466e-08,1185.300195,aeb56bde69b24d291d67f0ed03a18412b404bd0572a9c31edb5e6a673d178ef0,a30c0947b7c317f47065f1d20acb532936596ef9f34ec0e85b368ac71aa092bb
S2,140,gcb,complete_connected_relation_graph,180000,2820000,3000000,73955.8279667288,1148.187253,48fc4420033431aba16e042b29d8b9c04857af880d53d9db96cbf34a33ad9208,fbaba0ae0fe4b67aa1017f91e52f90f04a2f5a81dfa22156f98ac54d2977dbf1
S3,140,gcb,complete_connected_relation_graph,180000,2820000,3000000,83359.80662980878,1164.299602,34699f13707fd05ff376bfc6f4f13c16b3e10c95adb8c7717b7ccebc86395f88,f121ee3d6f1ea087650de818353253be39e2e5419a938d5cc3e424d126bcc02a
S4,140,gcb,complete_connected_relation_graph,180000,2820000,3000000,56603.79479098853,1221.496978,4c8c18a6dfc394437307e79f1c858ba144b7a1d2f9cad4881043e9c92cf40260,a3ba262b613b279ec5a6c0fc8f2e75f6cdd4e7f7b49734fb6387cfd443670d5c
S5,140,gcb,complete_connected_relation_graph,180000,2820000,3000000,68114.88606938686,1254.450015,0d9804b3f7217286dc3ffe565e77ce2925d3404ff286e04280fd520111facd08,f41ffcaad0cef8eca2eecfd0e413b3c9818f62038ff2d699fc54d679c830572c
S6,140,gcb,complete_connected_relation_graph,180000,2820000,3000000,218328.75260219924,1305.590296,a250183e519ee35c549743db085f4272333351b732bb26f64af3574a571649ce,4a12df6c07580e707c44178abaa999c5c991cec17e11406dacb833a24090f8e5
R1,140,smp,complete_zero_relation_blocks,180000,2820000,3000000,173502.04476509793,1181.37749,b55678c99381f61f1a3c20948d6c0145b98dd700e7af355d82fbed7c49ba473c,e845817e8b1bcd79299da2a6090cf7a235f439a1d2b399d6a22994df2a24c062
R2,140,gcb,complete_connected_relation_graph,180000,2820000,3000000,222685.6511124306,1118.084428,9fe22e0dc6cf979e085a304faebad300055d18f46ff7bdae11d8b9b8576b815c,4908c3d9b4f9b895e684da0bc16f67715686a84702ca9b71a3bb0dc0fc352c60
R3,140,gcb,complete_connected_relation_graph,180000,2820000,3000000,353267.07131977216,1150.693352,dd7cfc63a6f6a24adedf4680950faa9ea569f2b989598166387aae73140ded15,cbff75eb1ec1fdecbbd3ceef03a216e3dc9b0971f621548ac5d6fb1080f4cb2b
R4,140,gcb,complete_connected_relation_graph,180000,2820000,3000000,371643.5073330208,1195.646899,9fd4e1961813aab18d10724ba5ae7fad91dc9fcc6eacc1669ee31884328711b3,a868dc3c24d26135a017ffdd94aabc2642889c8d40e6054be74b91815755cd0b
R5,140,gcb,complete_connected_relation_graph,180000,2820000,3000000,305486.54074175155,1253.106521,86db0ec626f3c2dc34cb7071adb6e4e18266f703ad98293f9fb197323b60bf71,f1d10465b5d9be4e1ba1a2a8717a80c166e4971e3351a1f2866c48943e61d137
R6,140,gcb,complete_connected_relation_graph,180000,2820000,3000000,440069.9033088189,1317.665782,3e57fef14783e6fb3b9b0654e990060bc395395f882bbe76e60fc494ec22eafa,89b1e58331ab1f03975854cf3c209546670d2a4007361bf61d55bb49402d0f9a
A1,140,ctp,complete_disconnected_relation_cover,180000,2820000,3000000,77712.5006233052,1656.406393,1e3bb82bf7ca85088d82d99c5a8ec4b347a1c0036d29220bdf7528937905c549,2f5c7a9109bf6e5fe61aa7c7741bbdf38530df91dc928f5592e1fc5252eaba5c
A2,140,gcb,complete_connected_relation_graph,180000,2820000,3000000,79328.42739656832,1195.998746,fbefaf0b2896826d57260b1b4f90b8f0bb24e7fe9f4f9997c8d05b1f3a8a5b9e,12c265aa27feb3983bd2ad32e150e9c2c7fe5a87d938846443cbcc62f970ebdc
A3,140,gcb,complete_connected_relation_graph,180000,2820000,3000000,78727.78267671385,1204.646932,38b3850ab7351647c812a2e0d8c14783e99ba7a1459261891e75b37aca5688f4,af9ec5e5e243af51148c984d5da73575a5cfc522373a63895daa3828ec22f6df
A4,140,gcb,complete_connected_relation_graph,180000,2820000,3000000,78565.43629928476,1257.194382,aa3002cb82263ac311da16887e33c018d3feb7ea6e9e79186a431fdb4e791b16,223a65517b0d0cea353c5b007cce8b736376c7f6d1043096bf07e182b208a44a
A5,140,gcb,complete_connected_relation_graph,180000,2820000,3000000,78629.36438827307,1295.977331,bac31d55888b4711eb143eacfca6daec871fc2f9a820a139661bc933064ba3ce,8e4bf19ed6ee2a8c4975d413568ee8dabdb31baffc1bb9888eff8c6971f376ad
A6,140,ctp,complete_disconnected_relation_cover,180000,2820000,3000000,79119.31409989994,2164.621961,3c2c0a0304426d7e57d9b16c7e4bc57a4d7ff0033925e0bbe5ae3f8259fe0ee9,f3ac7c3db39ce5d610b1f66f6d5718be1393e87bd79f57e1f431a9aa76869100
E1,141,smp,complete_zero_relation_blocks,180000,2820000,3000000,648202.4652046427,1260.944923,3ee7d838bfba16fca44fb4d7c0206e3a3d2b33b224a1b3d5965009cc44942e1b,601fa7272b111cde4f5b8f1d2b545aea6fc8a155a3c0f2fe354535d3f6a56b54
E2,141,gcb,complete_connected_relation_graph,180000,2820000,3000000,4049949.3157597375,1232.108469,936441dffb76c775abc7cac8f07da2998328c487448690a590e1096774e261f3,c8b1ae9afedf9afb255aad88f2bd3c91a711fe12168c6ede5cd15a430e354eeb
E3,141,gcb,complete_connected_relation_graph,180000,2820000,3000000,24622833.0562347,1260.351102,604356ce21380727d08eccde2802bea501e4fbe17ad95887f551a5c16bbc7a67,5a43a147f8ad1bb16edeb108e1a7ed3d24d399f08ffa4dc4ac3957a0b051a5bb
E4,141,gcb,complete_connected_relation_graph,180000,2820000,3000000,82120928.8523542,1254.621056,35fec072cf9abdc7ceff84e63ba7887954d2e163f8929fa8ce1d438895604c89,cae7348badc350d03661ad1b19414c450663cc592e3bf2e0d0fd116e90f693f0
E5,141,gcb,complete_connected_relation_graph,180000,2820000,3000000,129069929.75291546,1249.932851,15cbfa8f5176f5bd579974c5d9a6895c0b88afd7a134fea90ae5ebd2c7893ce1,63777263dfaee81fd6a8113fdb6d50fe751aa4e59ef255400c3656c2409320ea
E6,141,gcb,complete_connected_relation_graph,180000,2820000,3000000,91271643.92710145,1270.513101,522030232ccfd7b02711f5a89284bd2067f5365938c596e19e962f3436d29d39,4f0cc00f34066f3bfca3a8abb609c61cbf9e6a461676b36cc2894a8a0cd59f3d
S1,141,smp,complete_zero_relation_blocks,180000,2820000,3000000,2.202074157229465e-08,1179.449945,4d28ac1fd2bc370ab4882fe4dced65a851ab16165ef3fa19c0a2e67f09b4adf2,dacae767f44f1a6f36758646fec008e8548b4bd78ec930b4e710a29137e47e3c
S2,141,gcb,complete_connected_relation_graph,180000,2820000,3000000,66552.70528724714,1151.057336,d68de86549e875601c7b92cf248845a344cde8714a0cc09f2037b94d84787630,dd26c6db2ec48babf2106c1571e1e0602ff1491b122ceb0c152db4cd428d55bc
S3,141,gcb,complete_connected_relation_graph,180000,2820000,3000000,34679.79161508348,1150.408441,9958bb1a8f4013f03d023a9e91ac549c2bbbaaba049e3331e04f8348afe9620f,74900e0e8b4c0e55cee7a750d4532c94f0b478970317e40afd22adcab61a7dee
S4,141,gcb,complete_connected_relation_graph,180000,2820000,3000000,82461.95051378118,1119.15442,380c16b0e49229b39388d1e11c1ca3c4e933764051bff91b1e8697cf8fef901b,540d1b3d413b1a98bee2d097f2446c9e76611f0a03867541e5a2aaa4ef3949df
S5,141,gcb,complete_connected_relation_graph,180000,2820000,3000000,31760.44885724745,1127.15922,fbcf47104c1a82afdc35ecd0e0b1ea43344a70ac7e68142fbb55e784b7f5c5f2,1bb592ff2891728a6466ca9fdb03df84b090ed6933eb5cb1e988903eb762be86
S6,141,gcb,complete_connected_relation_graph,180000,2820000,3000000,48653.688895694584,1115.374565,a89448650eaf908622fd90a5f5507529ac331406b271eead2998c48056fb3f6a,4527fa96fdb5e5f054d669edee5fbecd06cc329255f0b033f50f007c122e3a92
R1,141,smp,complete_zero_relation_blocks,180000,2820000,3000000,166587.30997843944,1037.767634,e5f3acb4479aa93458d29bcc8ab9e8c60f8c4168ea017af8ca724c2abb9b0b2a,3ffc94a301ee3d72c32037cdb39fa1b49d6204fe6d5b34b4e177290117346839
R2,141,gcb,complete_connected_relation_graph,180000,2820000,3000000,192964.64638829473,1043.794399,91f9f1911d559f8e507b2f2b4171842e7c38dfbf3d4e95f9bc18aa08f35f3e5f,5edcfb0a87c1646fbc4f9e6835e72c00987976795c8e57a7a4a29f3559aff8a9
R3,141,gcb,complete_connected_relation_graph,180000,2820000,3000000,336599.90520323353,1032.49855,3d6e1bd0ee11d7543df7b9ae88a09ae6396b72dbbed684273923b1dd43ac84b8,163b358c589957839717a8e9e459fa77a998c9badb9374b10859b681f51eb1d7
R4,141,gcb,complete_connected_relation_graph,180000,2820000,3000000,427815.2391163982,955.906633,c3fc3b32664b0ca81b0c1ba400021a67f440b9ea4ef429434cd95f479374d5bd,64241fa1749f20c383ec05cd28708c6d00e0ec56e2ee1de3ba27b60fc9a8fc66
R5,141,gcb,complete_connected_relation_graph,180000,2820000,3000000,326600.32104237744,891.098617,1a5bc4151a3ba621682408ca82c10889a29bd7bf2e394ecdb23ccd72cba690a2,a88b3f472b61cc4bd11122dfd918ba92f302e06bafcae75371a77e5e5d47275e
R6,141,gcb,complete_connected_relation_graph,180000,2820000,3000000,373348.7416577107,908.233553,fe24484095e72b9ce329e6fd6ecd2d50ca5a1df042981cf7ccf2bb69ef1f11ac,7afd35a9ba2a687477d7a126c613005f24a4c4ad8decd3cee523ca3a4cd39a97
A1,141,ctp,complete_disconnected_relation_cover,180000,2820000,3000000,77687.13033668211,1095.900481,cc75855c57659e946429db96293f46eb59643ddb9c738bcfc8c585b0e8a8cb15,1146d71f9a3c301bec43df813f7c320398d8f6fb3f4712e4bacae03b3d5d2a3a
A2,141,gcb,complete_connected_relation_graph,180000,2820000,3000000,78849.64769996685,862.07727,1629889d76523859f462197320f4503bc85da7bea33b24297efeb48503fa7d00,8bb2fc3c677f610a3e493ad4747cb42d3d26e9eee2de6237dacccd4b8cec01eb
A3,141,gcb,complete_connected_relation_graph,180000,2820000,3000000,78844.1842478849,860.182566,2c90658b6e650612e8e3a652569c88a68ba5f8d3bc81fdf353605ab63e05b65d,4df693f1b23a220a37a412ae95fc7bbd4b2a99cc44627e79f6deb6b3542c46d0
A4,141,ctp,complete_disconnected_relation_cover,180000,2820000,3000000,78352.0800009846,1163.814083,bf65647f21e077df608e65b166a8dce37835645d9f8ed84c6fc6a3b190a63729,4de37097ef204fd903b112945a9379c92830e1cb949a965c9a5179c2efe4580a
A5,141,gcb,complete_connected_relation_graph,180000,2820000,3000000,78555.24757895494,839.02596,11e387bb340a512316a23b16339bd60556900ca1c88a4141d4f2285a39a10c55,7c30f0b26d3e39fa51d132b2bc15abcebe85e704e3a7cf9bbe1600695891a505
A6,141,gcb,complete_connected_relation_graph,180000,2820000,3000000,78904.65298065223,832.082807,394a27a5d9e25f6012e4918bdc33bb0b61156650611ff042a91be375f68c8eaf,e175aac4255d5641816571dfa1d4211bbdc931417d58d908747c5ba8123bb0c8
